property_id,suburb,sold_date_iso,price_numeric,pred_v1_linear_regression,pred_v2_linear_regression,pred_v1_random_forest,pred_v2_random_forest,pred_v1_xgboost,pred_v2_xgboost
10118147,Ludmilla,2024-11-07 00:00:00+00:00,485000.0,503119.1961505311,517167.59112162894,563644.517991279,540614.4984791356,542523.75,500712.72
11574898,Darwin City,2024-11-07 00:00:00+00:00,470000.0,472222.7274283428,469693.3649835687,510161.6414890884,490420.15574767615,487484.75,513345.06
11313906,Moil,2024-11-07 00:00:00+00:00,582500.0,486778.8889705672,494028.0929826787,528992.6582565776,536257.9742967521,505602.8,521836.03
11361136,Johnston,2024-11-07 00:00:00+00:00,310000.0,341059.07803503046,347621.41449890245,347419.49175732554,358503.30412526533,349583.5,348904.72
11849989,Gray,2024-11-07 00:00:00+00:00,390000.0,399217.7784547286,396652.2409023519,382086.1359176589,380376.03385176585,389703.9,367530.28
10675483,Darwin City,2024-11-07 00:00:00+00:00,634000.0,414538.5898472279,410305.39679089683,456724.7490177426,565360.139656902,522463.44,442066.97
11544725,Bakewell,2024-11-08 00:00:00+00:00,345000.0,413468.73208586685,424631.4453065498,464256.74912485067,484495.4966377693,455002.3,490457.53
11491463,Johnston,2024-11-08 00:00:00+00:00,539000.0,532556.4419453745,551744.563160347,603099.0310229826,592125.7259874983,582437.94,578192.0
11594830,Woodroffe,2024-11-08 00:00:00+00:00,450000.0,434152.4159250386,452092.4226726616,464049.0297626212,471369.2357596522,469596.12,478351.0
11507406,Tiwi,2024-11-08 00:00:00+00:00,625000.0,540435.8507741907,547740.0272008107,542025.975799115,548868.2580523757,547266.1,545696.9
11368919,Johnston,2024-11-08 00:00:00+00:00,390000.0,378142.66463695053,393791.3324964329,372121.8630184382,352496.9795122914,365541.3,387286.06
11849991,Gray,2024-11-10 00:00:00+00:00,410000.0,410853.7432720686,415926.10682741186,393182.84619013575,397594.3362493227,403026.16,389062.97
11563344,Parap,2024-11-10 00:00:00+00:00,450000.0,389420.066105628,406849.18663938466,426119.1669718361,437474.6138610112,419302.8,444094.4
11178823,Muirhead,2024-11-10 00:00:00+00:00,915000.0,748781.771353805,767282.8268600872,767541.7539714153,771195.0608095529,755888.3,806985.94
11597753,Gray,2024-11-11 00:00:00+00:00,270000.0,238276.07607989348,240467.20398208246,251396.44233026748,236523.57841048916,248419.77,243256.88
11349117,Johnston,2024-11-11 00:00:00+00:00,760000.0,629712.2482883479,657494.9104454191,675198.7174664704,716755.2238079889,722747.9,723246.4
11556741,Moulden,2024-11-11 00:00:00+00:00,485000.0,352794.6621101908,376185.12248222047,395819.24592515564,385692.6520672452,386778.53,392579.9
11557902,Rosebery,2024-11-11 00:00:00+00:00,647000.0,570385.6200190124,590867.0787917776,606966.7233207168,602261.393785283,607580.56,602405.75
11512861,Zuccoli,2024-11-11 00:00:00+00:00,555000.0,522584.23912462674,538971.3845275976,560885.635189314,552585.9896144563,549229.4,576968.06
11562559,Wulagi,2024-11-11 00:00:00+00:00,530000.0,522401.6012027971,550269.6753262577,548418.3672978274,559053.6234378346,550312.06,573283.94
11545759,Moil,2024-11-11 00:00:00+00:00,570000.0,506936.45977507596,527979.8298071941,597457.5513540691,616075.415764749,568335.6,570008.56
11720476,Gray,2024-11-11 00:00:00+00:00,445000.0,388445.1767973133,392400.204728494,406138.22497366386,400926.1151052765,405676.9,404407.22
11718022,Gray,2024-11-11 00:00:00+00:00,487500.0,453347.00469670526,459054.18236012023,440937.77146982186,438005.0356649473,459644.1,470190.3
11421609,Muirhead,2024-11-11 00:00:00+00:00,820000.0,727207.6703499646,743493.608252687,751287.0005868066,756516.2358002224,741706.5,794005.2
11620096,Karama,2024-11-11 00:00:00+00:00,550000.0,489527.4907292401,512341.20135275135,515252.5948313856,483176.9867607337,508196.34,489258.3
11441970,Larrakeyah,2024-11-11 00:00:00+00:00,328000.0,317335.57388054417,313684.42740600544,268767.1952362687,287842.90941934095,293061.03,315380.44
11663730,Karama,2024-11-11 00:00:00+00:00,525000.0,492515.64095165,514580.85723477224,518296.8013319406,502006.3866681024,516372.62,508450.88
11511618,Parap,2024-11-12 00:00:00+00:00,480000.0,438528.890857356,459994.0219550658,470501.68333742226,456755.3216599003,476218.94,465466.0
11437790,Bellamack,2024-11-12 00:00:00+00:00,970000.0,788392.9039704584,806188.2640631371,667195.4900622978,688458.7865166856,724834.5,739229.3
11418392,Parap,2024-11-12 00:00:00+00:00,865000.0,609768.9499826158,634308.8944686281,714402.9972004158,692505.3821747798,735638.4,768518.56
11520880,Wulagi,2024-11-12 00:00:00+00:00,800000.0,673133.0033675604,717531.6006217052,664148.0152648976,662942.7954603892,661516.9,698633.8
10961555,Johnston,2024-11-12 00:00:00+00:00,515000.0,457949.1395154347,481511.90304104827,469147.5466720733,481026.0759417923,562988.06,590201.75
10119083,Stuart Park,2024-11-12 00:00:00+00:00,305000.0,342128.3010464813,345244.5057353083,272868.9257146044,280214.8410097975,279117.72,271210.56
11606474,Leanyer,2024-11-12 00:00:00+00:00,555000.0,591527.9757775563,612585.7488177923,616883.7710596687,627609.2539095122,616726.1,642530.3
11215056,Darwin City,2024-11-12 00:00:00+00:00,440000.0,317136.13962192263,315684.51013384876,348812.2771212828,401776.28668514296,432511.06,447114.16
11599720,Bellamack,2024-11-13 00:00:00+00:00,645000.0,634204.7019288207,642418.8933684318,625618.8609098857,609856.7245336472,636326.8,627458.2
11903532,Zuccoli,2024-11-13 00:00:00+00:00,615000.0,573422.5602826807,595192.8630805556,570493.3691165678,583694.9642696981,556354.2,552560.8
11520881,Moil,2024-11-13 00:00:00+00:00,720000.0,590386.139183727,617610.9461380078,653934.7574649369,648053.4943774138,612499.44,642916.5
11511335,Rosebery,2024-11-13 00:00:00+00:00,600000.0,616732.8773745807,639935.6902301373,603680.2001539667,612297.0132307349,622734.4,647585.2
11719314,Zuccoli,2024-11-13 00:00:00+00:00,620000.0,758274.404301338,800470.2532504455,690476.5267624211,690740.1042140906,759837.44,742869.6
11499549,Berrimah,2024-11-13 00:00:00+00:00,450000.0,429695.1286957088,441063.50632992847,457890.1388336019,439983.9793872532,438095.44,463182.88
11508178,Parap,2024-11-13 00:00:00+00:00,460000.0,385393.97761511477,402319.25828096294,411573.49650562525,411282.36080667796,416090.97,417756.16
11530979,Malak,2024-11-13 00:00:00+00:00,611000.0,479010.8116053411,503892.91329989006,558807.9725432612,603857.2047115341,513251.56,545387.8
11458810,Rapid Creek,2024-11-14 00:00:00+00:00,450000.0,382221.3126406845,405678.35799005313,424049.0727610909,467145.4654715868,431463.8,438683.66
11495109,Rosebery,2024-11-14 00:00:00+00:00,490000.0,531603.1774732582,545912.0591278682,487518.4487473592,487089.13931333227,497567.2,494103.0
11597710,Durack,2024-11-14 00:00:00+00:00,580000.0,649772.2412911705,682484.5413333899,626249.3152111055,645818.4409357527,633424.2,675312.06
11574446,Darwin City,2024-11-14 00:00:00+00:00,830000.0,476393.83901794814,483109.1518436361,682890.1317796025,665186.5152467721,640093.06,668580.3
11064060,Stuart Park,2024-11-14 00:00:00+00:00,772500.0,475363.9092723459,488274.9088312118,595048.8561390263,632283.0893415314,564651.7,583085.94
8752108,Durack,2024-11-14 00:00:00+00:00,500000.0,478826.0016564166,497406.7025567805,499799.9705032389,494975.38429162913,478627.53,495089.75
11517836,The Gardens,2024-11-14 00:00:00+00:00,406500.0,407290.1932590076,416455.17731793935,319477.75774833903,321769.9037805972,350224.22,362541.38
11271325,Parap,2024-11-15 00:00:00+00:00,102000.0,281957.8512420693,290169.4966886357,178315.91205676072,172187.10312862156,140651.39,170670.0
11438012,Moil,2024-11-15 00:00:00+00:00,612500.0,485691.4266122451,502136.6843570881,531342.2664867884,540635.9702845182,510117.28,525749.3
11545391,Tiwi,2024-11-15 00:00:00+00:00,385000.0,301661.2726609675,305221.75222300476,307502.1120750159,299042.27104783384,315663.6,311001.8
10938880,Gunn,2024-11-15 00:00:00+00:00,475000.0,472029.60526518914,489123.4621778987,509829.5751481403,495733.02109663474,486451.9,505107.88
11303726,Moulden,2024-11-15 00:00:00+00:00,480000.0,363364.6305736697,387491.30199538526,382158.26281475683,386642.3557161592,396503.56,399933.28
11574911,Rapid Creek,2024-11-15 00:00:00+00:00,220000.0,298292.70724517165,312301.1333524196,218845.83600630483,208322.17344471643,186707.77,207700.73
11589087,Moulden,2024-11-15 00:00:00+00:00,460000.0,351178.52181394503,374329.2955926397,388770.014045803,387652.2213611982,388305.7,392043.78
11903530,Durack,2024-11-17 00:00:00+00:00,585000.0,573495.3809148803,599679.1608002027,618021.2771421232,619514.0422727595,603272.1,608791.6
11727200,Rosebery,2024-11-17 00:00:00+00:00,665000.0,724946.0974299526,757502.6977917119,635213.3199967693,668801.4556774211,713660.94,669990.94
11849986,Bakewell,2024-11-17 00:00:00+00:00,485000.0,401102.840099242,412001.63150930044,430033.0178212246,436245.57155588845,422325.16,441654.0
11495926,Farrar,2024-11-17 00:00:00+00:00,630000.0,725082.1174306569,753742.1317597633,662926.309612418,707915.7614033988,720579.94,653116.94
11416901,Berrimah,2024-11-18 00:00:00+00:00,410000.0,438735.5358710447,450080.6965697348,429895.17233819363,393534.3566792257,414224.2,420290.1
11732766,Gunn,2024-11-18 00:00:00+00:00,560000.0,569447.9311343846,595598.4724397148,604750.5090096117,617155.830225429,591803.0,616130.6
11532993,Zuccoli,2024-11-18 00:00:00+00:00,615000.0,590910.7045418177,612081.3320470663,609347.7144193203,598712.5271571747,610030.1,599974.8
11158625,Darwin City,2024-11-18 00:00:00+00:00,400000.0,401886.9596265097,405205.5835265697,396834.1147921401,403267.57865095546,394927.62,414309.9
11371657,Millner,2024-11-18 00:00:00+00:00,291000.0,289912.1795585719,301029.6273145946,323564.4370493481,315021.28159774997,304588.84,324585.6
11548330,Rosebery,2024-11-19 00:00:00+00:00,292000.0,320226.44918260525,330848.8724522129,310650.7004019141,302697.14869025286,311854.22,309156.28
11605263,Moulden,2024-11-19 00:00:00+00:00,265000.0,225761.30146407685,240752.9730291532,242404.00668507244,237742.74152871466,271383.9,254193.05
10727712,Darwin City,2024-11-19 00:00:00+00:00,340000.0,389247.4478124941,392352.4872046605,256298.7320856743,229156.44674176743,261113.28,252467.83
9702170,Darwin City,2024-11-19 00:00:00+00:00,399000.0,402990.3608032317,406403.507450628,385654.2179432687,408667.48901896935,382941.6,424267.28
11316575,Leanyer,2024-11-19 00:00:00+00:00,507000.0,547490.8200312642,561314.6800604986,548982.6909193472,560869.0882159173,559716.0,586033.9
11645146,Woodroffe,2024-11-20 00:00:00+00:00,423000.0,390312.6948230667,403239.6412204271,396376.3328571329,386417.2190415688,410391.6,401440.0
11849985,Zuccoli,2024-11-20 00:00:00+00:00,630000.0,607052.5384690163,630111.0552863223,617231.113473253,608564.6583770583,620154.0,618131.06
11618237,Coconut Grove,2024-11-20 00:00:00+00:00,355000.0,345307.99171581975,360611.80465934344,356056.20830339554,336245.1873965298,374265.6,373169.28
11234402,Stuart Park,2024-11-20 00:00:00+00:00,760000.0,477320.35697357217,490440.1485761158,599142.7777149306,634163.9254967041,566027.06,592798.25
11551955,Rosebery,2024-11-20 00:00:00+00:00,310000.0,318451.85056620615,328874.09542210307,301734.0909122073,279911.7051144805,296873.47,301014.72
11494168,Driver,2024-11-20 00:00:00+00:00,453000.0,504945.28037655674,522102.7824386141,508451.98342779424,497384.8589831024,520516.4,517857.53
11641493,Karama,2024-11-21 00:00:00+00:00,482000.0,414889.7423842502,429786.62325302395,468344.4279267068,456326.87383014057,454012.3,454310.28
11579601,Stuart Park,2024-11-21 00:00:00+00:00,525000.0,402657.28051575494,410441.07204880187,426689.4798621172,426280.7730460917,414133.3,409756.5
11713225,Rosebery,2024-11-21 00:00:00+00:00,672000.0,601279.5903068244,622677.351696329,600252.2748144545,599307.319034258,619398.56,607975.8
11512697,Leanyer,2024-11-21 00:00:00+00:00,499000.0,514609.4879598061,527390.7122560514,541993.0552277468,547220.3987554172,526809.8,526827.4
11375532,Coolalinga,2024-11-21 00:00:00+00:00,290000.0,329213.1893018974,332980.69204998866,306727.2181726968,291725.36014535686,315537.5,312948.8
11544205,Moulden,2024-11-22 00:00:00+00:00,395000.0,313136.8761824494,332552.25958642055,339288.28946432564,315629.7539520338,329470.78,340963.1
11592027,Wanguri,2024-11-22 00:00:00+00:00,637270.0,648560.6679090327,673335.6909348938,656297.7231510475,637216.4892384065,664404.94,653363.0
11074417,Bayview,2024-11-22 00:00:00+00:00,655000.0,536482.5071327446,545436.4816822915,637783.2377160634,646349.6496245626,608907.1,706270.06
11515390,Jingili,2024-11-22 00:00:00+00:00,565000.0,553491.8216519858,588467.2437798152,616430.3670118649,611596.0936703272,583097.06,646340.75
12257527,Moulden,2024-11-22 00:00:00+00:00,435000.0,340142.71140509594,362466.47713381547,362956.97605511785,385445.88362801395,348510.3,378034.3
10791472,Leanyer,2024-11-22 00:00:00+00:00,325000.0,316889.943617781,324540.40165044693,317094.03626541124,305250.3178224486,330134.1,308349.47
11625185,Stuart Park,2024-11-22 00:00:00+00:00,493000.0,461558.4313249178,473016.38877834904,563358.786909602,578474.350204552,560353.7,568109.7
11551778,Millner,2024-11-23 00:00:00+00:00,140000.0,255706.88145786177,264893.4241916116,230490.78857289907,199565.17665262255,195581.34,202755.28
11972975,Other,2024-11-24 00:00:00+00:00,970000.0,686241.4599562831,718973.6224927312,756212.6794262996,798676.4891424353,861365.2,852440.56
11617726,Coconut Grove,2024-11-24 00:00:00+00:00,325000.0,315766.60095692327,328208.69181760744,325221.2102476662,308771.9862426077,313075.7,323571.22
11513505,Driver,2024-11-25 00:00:00+00:00,245000.0,243607.0360163529,248373.00574865044,259854.24411896066,239504.31948579985,254759.97,267506.12
11903529,Woodroffe,2024-11-25 00:00:00+00:00,445000.0,376858.4748531705,389136.953850332,408567.23472847516,444199.983600458,389805.38,444940.12
11312716,Parap,2024-11-25 00:00:00+00:00,295000.0,330215.079750424,341482.14526446606,274086.3126787653,279315.3944837822,275810.12,274464.84
11554747,Rosebery,2024-11-25 00:00:00+00:00,555000.0,527774.2779022588,545079.6802594458,551498.685242507,557343.6456762241,566252.2,587733.1
11903533,Moil,2024-11-25 00:00:00+00:00,560000.0,448324.99272956635,462670.4781670751,529989.9784741475,495852.4981185527,492720.03,501222.0
11503842,Bellamack,2024-11-26 00:00:00+00:00,290000.0,332896.5209598638,336043.28753700806,295559.60525846196,269903.13099902286,294922.97,295383.2
11723830,Wagaman,2024-11-26 00:00:00+00:00,570000.0,557007.4490641998,565166.0848969908,584258.4323896891,640258.9605684597,585736.06,605740.75
11410616,Durack,2024-11-26 00:00:00+00:00,598000.0,578510.6601832039,605328.2147128565,621090.3992431047,627335.1792629446,602855.75,603753.3
10977934,Moil,2024-11-26 00:00:00+00:00,605000.0,559813.0839258728,582407.9529335883,606394.8650548315,619353.3019926958,581465.56,659576.0
11371344,Humpty Doo,2024-11-27 00:00:00+00:00,885000.0,684718.6046861495,745241.4602095918,709585.6663084846,755343.1585991656,723917.1,662064.7
11389198,Tiwi,2024-11-27 00:00:00+00:00,750000.0,640609.7946100377,657128.5258634868,648777.8635418727,651612.4678957496,630530.06,667788.9
11144183,Anula,2024-11-27 00:00:00+00:00,585000.0,508955.9260873461,530016.9004352568,545019.7649702838,545329.1948765321,536959.0,549270.25
11561595,Jingili,2024-11-27 00:00:00+00:00,665000.0,776134.1766986973,840537.3258907448,727500.1556655553,736301.1159200179,702598.0,733268.9
11611813,Leanyer,2024-11-27 00:00:00+00:00,570000.0,551074.945380101,565274.7361586203,532866.3048193407,530797.042869251,538228.4,554786.94
11540544,Bakewell,2024-11-27 00:00:00+00:00,250000.0,253590.61303432228,260262.8341982151,256293.3243143142,244391.58363259526,243563.06,246365.03
11407323,Coconut Grove,2024-11-28 00:00:00+00:00,390000.0,433646.32236935577,461920.5267293389,365557.9093484072,344862.10972063005,355464.4,359412.47
11903535,Zuccoli,2024-11-28 00:00:00+00:00,590000.0,583815.2879582378,604167.4156061555,604947.8369852103,591986.6194039184,606494.5,570802.25
11532919,Darwin City,2024-11-28 00:00:00+00:00,430000.0,401582.870093907,404874.5716842068,435481.6451529112,455030.37668267783,420571.56,455554.6
11547059,Darwin City,2024-11-28 00:00:00+00:00,265000.0,316295.6502322545,314783.42165913584,277666.98337985773,278474.2884719646,289732.12,290711.06
11660081,Johnston,2024-11-28 00:00:00+00:00,315000.0,337294.46560894285,349970.0132165356,338478.1557117796,304660.69881236664,313947.22,338344.53
11676180,Bellamack,2024-11-28 00:00:00+00:00,585000.0,549033.5696146004,555264.8771219136,562801.1719139008,590847.1355462288,551721.44,553530.75
11461015,Rosebery,2024-11-28 00:00:00+00:00,550000.0,528645.4920993105,547247.4212243299,562514.7200629914,596654.5001087819,540406.6,558161.6
11866379,Bakewell,2024-11-29 00:00:00+00:00,600000.0,722663.6185366855,763324.3185337955,568692.4813444527,581971.8741583121,601244.7,606149.3
11033451,Rosebery,2024-11-29 00:00:00+00:00,418000.0,381950.9816855462,397967.73695448425,427718.6393563066,415395.355879914,425205.8,442026.94
11405682,Tiwi,2024-11-30 00:00:00+00:00,742500.0,658733.356728237,674215.9938131517,645897.0624409126,680076.388544669,645272.75,662654.06
11886903,Bellamack,2024-12-01 00:00:00+00:00,620000.0,671488.09933417,702443.5305782367,654208.51146032,685306.1167124315,698390.7,645755.44
11649937,Stuart Park,2024-12-01 00:00:00+00:00,405000.0,400300.9568550472,419309.57925221237,398856.6430484011,395535.0771448039,394497.72,400108.75
11181473,Darwin City,2024-12-02 00:00:00+00:00,407000.0,400440.6992614107,415301.2085556811,432478.7917313752,446916.6929813685,421828.03,429117.0
11377907,Millner,2024-12-02 00:00:00+00:00,350000.0,329007.05812651897,352900.66601246176,399399.0474245214,393613.62000518997,394518.44,396536.47
11541211,Malak,2024-12-03 00:00:00+00:00,620000.0,492126.15031065705,532818.863681563,629248.8069701031,604277.3929082889,601009.06,609011.1
11500463,Millner,2024-12-03 00:00:00+00:00,290000.0,279258.1790377391,295862.119246935,270609.2743427814,256797.34713991746,262036.28,253996.28
11671450,Leanyer,2024-12-03 00:00:00+00:00,590000.0,518882.3733107067,546107.4539702786,539187.7647824268,529340.8889373415,524696.44,540852.06
11567940,Jingili,2024-12-03 00:00:00+00:00,590000.0,597771.9609334863,656444.6398216508,637552.1682922422,637925.702003453,624063.1,579869.6
11517878,Bellamack,2024-12-03 00:00:00+00:00,285000.0,332350.86395346804,343501.44546128303,296060.3106646778,277382.4476383896,296623.88,293349.03
11644222,Lyons,2024-12-04 00:00:00+00:00,790500.0,754129.1698214285,781071.2259856797,753817.0919403592,737423.2529360278,746469.5,759427.44
11532058,Zuccoli,2024-12-04 00:00:00+00:00,640000.0,570520.5224282482,607388.0217012829,581549.5992882247,573996.0022794058,588079.6,598409.06
11111346,Larrakeyah,2024-12-04 00:00:00+00:00,500000.0,412496.18197959714,425161.34555551957,403204.81423807633,428353.7738364758,436694.7,435408.06
11692663,Other,2024-12-04 00:00:00+00:00,35000.0,253198.05555855192,270594.71891878004,344730.2653488794,251659.3820395856,290821.44,215866.94
11610361,Moil,2024-12-04 00:00:00+00:00,650000.0,633972.5569371429,677462.1255983615,601544.589070796,627418.8096070393,581362.44,604163.44
11571789,Wulagi,2024-12-04 00:00:00+00:00,620000.0,537813.0412851492,581474.0041643827,551074.7009783428,550224.9141296973,552077.25,547244.2
11082891,Coconut Grove,2024-12-04 00:00:00+00:00,490000.0,414127.50174953055,447901.0773749154,541534.8008414186,609355.0540476973,559983.5,578244.94
11689145,Coconut Grove,2024-12-04 00:00:00+00:00,410000.0,356715.9382866555,383362.20355633413,389950.8438410742,379538.69552343345,398690.28,368376.7
11620754,Malak,2024-12-05 00:00:00+00:00,630000.0,531268.4148514748,579067.6880100279,574999.3890778059,589036.0961996473,541932.2,571231.9
11559755,Zuccoli,2024-12-05 00:00:00+00:00,565000.0,530467.9600853544,561578.8441545751,556503.9239969796,548189.4214012233,560587.3,542852.94
11617516,Rosebery,2024-12-05 00:00:00+00:00,630000.0,643136.1053893372,684438.7645621093,627396.0082727873,619234.6833737609,654347.0,652743.94
11441407,Johnston,2024-12-05 00:00:00+00:00,770000.0,644984.954517799,695476.1361194268,657723.6706346772,652851.6827019439,688928.3,700755.06
11631830,Coconut Grove,2024-12-05 00:00:00+00:00,390000.0,352613.2549836389,378614.6484275043,385961.8751791401,375876.073417104,377804.38,343433.53
11626164,Parap,2024-12-06 00:00:00+00:00,270000.0,329355.4541716575,350575.98054476135,274153.1483311975,277790.87976028316,276807.22,258071.7
11145799,Ludmilla,2024-12-06 00:00:00+00:00,750000.0,560385.9578554095,604697.47791729,615375.5641892942,593027.8247084954,573349.0,583113.75
11669562,Leanyer,2024-12-06 00:00:00+00:00,331000.0,306195.8657993231,321688.9267569584,304401.970410926,293280.9945496696,313936.16,287443.66
11666971,Gray,2024-12-06 00:00:00+00:00,445000.0,367968.6439631015,381268.1397959611,321998.9079398852,303719.5050065714,322609.6,280667.75
11495010,Darwin City,2024-12-06 00:00:00+00:00,325000.0,372483.3460899138,384274.4512550517,330213.9547444782,327254.8837048184,358752.9,359574.62
11868497,Rosebery,2024-12-08 00:00:00+00:00,436000.0,379119.83441516926,403918.17425200646,430422.10337496264,428953.56997763115,431547.34,435531.4
11849987,Zuccoli,2024-12-08 00:00:00+00:00,600000.0,602743.2737831052,641096.5135319399,623543.555349302,608933.8757165951,619158.8,602864.94
11662361,Rosebery,2024-12-08 00:00:00+00:00,850000.0,604060.3311108794,641656.3388828504,609071.8501490552,585932.9156347584,626705.9,598418.2
11999845,Gunn,2024-12-09 00:00:00+00:00,580000.0,539346.6867035022,576796.5080333329,585208.904349845,551820.2621811583,588000.0,578984.4
11546792,Bakewell,2024-12-09 00:00:00+00:00,410000.0,370923.17128572194,401036.89875918324,370373.6054415017,335016.26663564955,372114.5,372871.53
11319773,Tiwi,2024-12-09 00:00:00+00:00,566000.0,539030.1203039594,560556.8051519407,539017.5282137764,549225.4390588005,546715.75,524548.3
11915324,Gray,2024-12-09 00:00:00+00:00,265000.0,234677.6345751312,243120.5908904595,243497.85909886783,253806.79128027277,253998.7,258622.12
11069359,Johnston,2024-12-10 00:00:00+00:00,335000.0,347366.57439506834,370567.09964486066,364047.07714777754,360842.2180594492,388905.3,375793.84
11650272,Driver,2024-12-10 00:00:00+00:00,575000.0,768051.017914068,831827.9205987421,538347.1864558096,541831.1417114406,604845.44,603586.94
11669602,Darwin City,2024-12-10 00:00:00+00:00,385000.0,434009.49892677035,451933.52896237146,455856.2654069599,430466.7964250148,471159.88,462546.34
11638112,Bakewell,2024-12-10 00:00:00+00:00,907000.0,730944.3953872288,791618.3845124579,569231.0902579932,572424.7543664546,588108.8,574072.8
11654513,Johnston,2024-12-10 00:00:00+00:00,650000.0,901234.5983875442,985273.0262457293,715394.5843211885,753089.9295664177,770939.5,782428.4
11535250,Darwin City,2024-12-11 00:00:00+00:00,325000.0,315623.7203765225,323140.7764586097,282487.2280107024,313924.35886941134,295278.97,315583.53
11651817,Zuccoli,2024-12-11 00:00:00+00:00,595000.0,597979.1043922503,635639.6737341108,629375.970943902,610717.0464989092,618535.0,587493.25
10834535,Moil,2024-12-11 00:00:00+00:00,730000.0,582035.1605180993,625555.0376063457,644057.8257600412,626838.8613462347,609417.25,567782.5
11972974,Rosebery,2024-12-11 00:00:00+00:00,575000.0,493877.4370845422,520333.3484505875,537733.0020598368,523634.5298752242,535049.25,520814.3
11342945,Darwin City,2024-12-12 00:00:00+00:00,430000.0,400440.6992614107,415301.2085556811,432478.7917313752,446916.6929813685,421828.03,429117.0
11636870,Alawa,2024-12-13 00:00:00+00:00,865000.0,591508.5145051496,607229.6419976437,667850.8408434248,687025.6256561427,643070.4,643005.4
11208536,Muirhead,2024-12-13 00:00:00+00:00,710000.0,736260.8437077149,773301.0823066585,734173.4698771081,728061.4590442341,736314.3,732375.7
11585321,Gunn,2024-12-13 00:00:00+00:00,490000.0,454464.4952100634,483177.3356591458,466726.32913448964,447780.6803274275,448007.53,441782.06
11551219,Darwin City,2024-12-13 00:00:00+00:00,195000.0,353285.52514171647,362981.0298271436,231124.39552226776,211871.44177715626,241491.84,215599.27
12164682,Brinkin,2024-12-14 00:00:00+00:00,455000.0,334529.24087632686,354559.7462712726,286957.34892494354,265345.38340091874,285652.62,289338.34
11572787,Moil,2024-12-14 00:00:00+00:00,550000.0,563907.1333464485,604592.8139309203,635254.680952562,624090.3893959915,596120.44,594263.75
11592089,Zuccoli,2024-12-15 00:00:00+00:00,655000.0,532430.002860081,563817.6255500936,568952.9613297982,561036.3776345969,600008.0,561366.75
11849988,Zuccoli,2024-12-15 00:00:00+00:00,625000.0,619149.0976378747,659914.6581115416,644171.0033728686,656600.3790865906,640157.2,642972.3
11892649,Zuccoli,2024-12-15 00:00:00+00:00,602000.0,543821.3310510981,576822.0552823461,568931.7330915529,573271.5693235244,566344.0,570525.25
11812554,Rosebery,2024-12-16 00:00:00+00:00,572000.0,558690.1961436755,591186.4111576679,590452.0546850218,565871.7276904589,604885.8,580645.44
11594256,Bayview,2024-12-16 00:00:00+00:00,627500.0,533015.9309071607,557466.5568402938,619688.1499026045,642812.9362829898,586213.9,645312.75
11046802,Rosebery,2024-12-16 00:00:00+00:00,310000.0,317699.7409988108,335621.6350824475,301298.99660585885,287721.8293370589,298585.62,287912.8
11627949,Larrakeyah,2024-12-16 00:00:00+00:00,270000.0,355135.83029954636,362738.7984938749,290883.67293931067,301266.0320646055,290114.22,288208.97
11588787,Lyons,2024-12-16 00:00:00+00:00,700000.0,764589.0904403038,792749.1369659156,752231.6909300075,760625.3374425472,779676.8,777021.7
11158653,Darwin City,2024-12-16 00:00:00+00:00,370000.0,387668.8869056549,401930.0255633644,258209.26913195307,229597.75912850312,259922.22,244863.81
11873152,Bellamack,2024-12-16 00:00:00+00:00,610000.0,597303.8398559819,619409.4639869926,618848.731565459,593684.6615836029,617411.1,599249.7
11903621,Woodroffe,2024-12-16 00:00:00+00:00,520000.0,467969.93612819177,503221.56964002363,470793.1169951639,449995.9762049838,432638.94,391825.1
10323168,Humpty Doo,2024-12-16 00:00:00+00:00,293500.0,338738.3399133104,375163.7743773142,349436.9104785893,350102.82579829387,350295.34,357649.5
11704821,Woodroffe,2024-12-16 00:00:00+00:00,565000.0,508092.37464694754,546244.6486926487,503890.5619225168,485640.1214683743,505633.2,477396.7
11559430,Fannie Bay,2024-12-17 00:00:00+00:00,612500.0,423061.75091380806,450493.5656033677,427956.64185796975,407070.86685538385,458757.28,431317.78
11797789,Anula,2024-12-17 00:00:00+00:00,575000.0,493165.64775316766,526938.0943305439,523516.26275975263,495019.51678042277,514033.38,500182.0
11509349,Fannie Bay,2024-12-17 00:00:00+00:00,480000.0,470590.89454348345,505081.82451971003,478330.01506480074,461220.0504738205,518039.78,490508.53
11583955,Bellamack,2024-12-17 00:00:00+00:00,495000.0,395458.79099304334,412117.7404779825,425466.0390466676,427545.8944163508,432377.84,443567.0
11849990,Johnston,2024-12-17 00:00:00+00:00,750000.0,618280.3150652832,664505.0098927252,652937.2477050942,655436.260030285,640932.4,646727.94
11423857,Leanyer,2024-12-18 00:00:00+00:00,297000.0,304656.4166283206,319947.118818549,298553.0075379483,282832.46748757316,305736.66,278639.25
11660319,Wagaman,2024-12-18 00:00:00+00:00,620000.0,489091.4695306829,502933.16616980766,512834.16691312956,535245.773325181,509117.56,510264.7
11629437,Rapid Creek,2024-12-18 00:00:00+00:00,542000.0,469665.9011020534,511065.7719574662,657004.5176852347,720724.903317789,618602.25,623976.25
10195257,Driver,2024-12-18 00:00:00+00:00,447500.0,415018.5534384549,436807.09609319776,439064.85259204195,440627.1144136804,420388.7,444651.25
11644986,Driver,2024-12-18 00:00:00+00:00,541000.0,494184.0785475371,527027.9789404509,475575.10235416546,472823.3754578735,492572.5,525567.3
11657681,Nightcliff,2024-12-18 00:00:00+00:00,290000.0,331185.51061092166,346091.61367206357,278391.5494865641,269991.40317669715,279645.53,277909.72
11419060,Woodroffe,2024-12-18 00:00:00+00:00,450000.0,445776.5154564825,476888.96597271954,469482.9138571565,462302.87567892246,469368.66,463877.34
11640644,Rosebery,2024-12-18 00:00:00+00:00,499000.0,499730.1328262997,526977.764417764,540702.6048612166,535032.1139556075,543400.94,531648.5
10939316,Stuart Park,2024-12-18 00:00:00+00:00,495000.0,399045.85012638656,417893.512310401,396243.91582213383,393135.7567832739,393214.66,381842.84
11702830,Bellamack,2024-12-19 00:00:00+00:00,377000.0,373809.5137456503,387864.2499110596,364074.7458344422,357224.7358345933,363360.34,362757.2
11663136,Larrakeyah,2024-12-19 00:00:00+00:00,575000.0,467780.9527257526,484339.9908976681,467328.64075773506,447353.8916589469,476745.16,442506.06
11691726,Nightcliff,2024-12-19 00:00:00+00:00,225000.0,294027.41075671115,306027.9466182142,202675.3180969387,192553.23486481147,168627.73,148759.42
9467587,Driver,2024-12-20 00:00:00+00:00,515000.0,411309.3133444056,433552.6100997718,440315.02240292827,444046.80079881643,425011.62,475237.16
11537646,Larrakeyah,2024-12-20 00:00:00+00:00,335000.0,353497.7139015834,360936.6629505037,265273.5828724819,240312.170852357,250706.95,256484.47
11322506,Fannie Bay,2024-12-20 00:00:00+00:00,342000.0,389212.42622380663,412690.8920126468,314356.1786382474,325048.15202301036,330252.2,317731.88
11706667,Leanyer,2024-12-21 00:00:00+00:00,812500.0,1064371.8673937132,1158100.3884583854,672258.5576242823,698368.3240089652,702462.6,652949.44
11663505,Zuccoli,2024-12-22 00:00:00+00:00,450000.0,409035.94719688635,438046.0970013893,454118.51495449344,442782.7312892654,441577.78,441140.44
11518762,Wulagi,2024-12-23 00:00:00+00:00,556000.0,504301.3237096906,544923.9234490526,541777.3952607102,542043.2479047339,538967.56,539382.5
11462270,Nightcliff,2024-12-23 00:00:00+00:00,235000.0,294027.41075671115,306027.9466182142,202675.3180969387,192553.23486481147,168627.73,148759.42
11653668,Darwin City,2024-12-23 00:00:00+00:00,430000.0,416141.3039245965,431921.421000851,440377.3298060047,443442.94020838273,453008.9,468292.0
11146958,Stuart Park,2024-12-23 00:00:00+00:00,550000.0,481888.7067906762,508302.0096996669,603499.3967745212,650961.9869705444,613218.4,639307.94
11659459,Bellamack,2024-12-24 00:00:00+00:00,290000.0,320277.074255507,330801.9315501721,286628.78978392226,278205.6791887927,278224.22,267878.1
11464165,Leanyer,2024-12-24 00:00:00+00:00,580000.0,573829.1435362812,608461.2615597717,596176.4780047516,595858.5419398769,558779.44,561414.94
11669634,Stuart Park,2024-12-27 00:00:00+00:00,350000.0,342224.37085804954,355048.8718067991,283377.18252567336,312996.591462151,288834.94,291594.88
11719447,Bakewell,2025-01-02 00:00:00+00:00,599500.0,526555.7014977429,569351.9513330269,522126.014659911,516897.8974829496,475281.12,497029.88
11713747,Rosebery,2025-01-02 00:00:00+00:00,445500.0,367474.4683066984,395710.77450779505,406471.9074096416,413681.6674531077,393627.38,398605.5
11233827,Muirhead,2025-01-06 00:00:00+00:00,645000.0,652679.5503456371,689514.5171851936,673779.5315254861,668356.5949768161,627681.44,650704.7
11620145,Bellamack,2025-01-06 00:00:00+00:00,799000.0,598318.3181886902,628436.1458785107,612807.9564783758,592884.7182830859,621392.5,612309.7
11964493,Driver,2025-01-07 00:00:00+00:00,460000.0,434199.49488542054,463218.473457592,445389.9991304524,450121.67594702233,426455.4,429553.06
11695825,Darwin City,2025-01-07 00:00:00+00:00,530000.0,463761.9438458616,487552.1133130202,486323.7935255621,479565.4121771943,477587.47,490928.78
11885662,Bakewell,2025-01-08 00:00:00+00:00,260000.0,250190.9723783136,266438.4614094297,254258.27267326918,250054.04306394947,244963.55,245955.86
11695790,Darwin City,2025-01-08 00:00:00+00:00,355000.0,380698.03338926524,397955.01561326557,301616.25966018386,238866.34073383748,271328.28,299116.88
11947641,Wagaman,2025-01-09 00:00:00+00:00,532500.0,445326.0988629559,460704.7074160525,490597.7782036397,504169.0500837631,462153.47,500650.62
11962069,Driver,2025-01-09 00:00:00+00:00,430000.0,368723.5059677292,390259.9163368779,384005.4974266698,396371.37405012833,338578.88,390242.8
11920674,Moulden,2025-01-09 00:00:00+00:00,435000.0,342138.313230156,377453.8554806722,385175.20405223686,368265.5363486949,355927.78,379259.56
11345640,Zuccoli,2025-01-10 00:00:00+00:00,705000.0,591925.0661323797,635496.7218219229,657733.5213475594,658818.8692451054,630329.25,634143.5
10436064,Stuart Park,2025-01-10 00:00:00+00:00,440000.0,472620.36556927895,502215.91901715175,552779.6304904204,623622.2014762497,524309.75,559279.0
11962068,Gunn,2025-01-10 00:00:00+00:00,510000.0,468142.9914501124,502236.21224641125,517261.8259658244,515070.5070721162,482918.6,499490.8
10411375,Alawa,2025-01-10 00:00:00+00:00,585000.0,510736.2386744281,526778.9037301962,611924.8723965595,632773.4622992183,577063.25,550679.06
11962067,Gray,2025-01-12 00:00:00+00:00,600000.0,475987.412899668,504166.25010126573,480615.2226167251,479486.41363950423,464216.34,498812.47
11761477,Johnston,2025-01-12 00:00:00+00:00,810000.0,701734.0346598554,773906.5239892574,660554.6185034926,663426.1370517381,718689.2,719976.8
11903622,Zuccoli,2025-01-12 00:00:00+00:00,670000.0,610500.873302631,657006.8418232056,676044.4031030873,681049.854149201,640639.7,675049.4
11954282,Gray,2025-01-12 00:00:00+00:00,420000.0,355102.05836253567,370540.1653999337,348872.1180595925,357328.93211510853,314690.34,331728.53
11669569,Other,2025-01-13 00:00:00+00:00,915000.0,663555.832926311,733127.4985265499,714860.3488758695,721852.0368886458,763032.56,830819.4
11964494,Gunn,2025-01-13 00:00:00+00:00,570000.0,539271.5808049372,581886.3786856262,591848.1361712844,599769.1727776096,564095.7,570576.94
11572883,Larrakeyah,2025-01-13 00:00:00+00:00,680000.0,464237.4351097326,486212.3299781936,519877.42592756095,502430.63714189007,510701.88,520039.56
11652113,Johnston,2025-01-13 00:00:00+00:00,680000.0,545324.8094612223,594164.5017138364,582868.9358362354,572671.1231138664,574649.06,561183.2
11350070,Wagaman,2025-01-14 00:00:00+00:00,525000.0,520732.97608214215,542709.5494155359,592057.9478720865,638673.8132802026,585567.4,591069.2
11669557,Anula,2025-01-14 00:00:00+00:00,720000.0,610789.5250721598,668537.6041896631,611472.6527432812,615703.6228983756,606607.9,569138.94
11753268,Moulden,2025-01-15 00:00:00+00:00,670000.0,514056.5395144883,579307.6347879948,475562.23870406614,477987.0774430885,459896.66,464291.16
11685732,Driver,2025-01-15 00:00:00+00:00,265000.0,239356.5286702745,253644.11393458725,252902.27693119305,230698.49383641224,242976.11,234589.95
11903623,Driver,2025-01-16 00:00:00+00:00,635000.0,511100.17247657967,550531.7459632892,513090.4077095636,527977.7017819112,496658.38,574562.5
11662649,Zuccoli,2025-01-17 00:00:00+00:00,410000.0,348768.7018273804,374848.47620933084,350628.58196715685,329424.82068390504,331983.28,306525.22
11788050,Parap,2025-01-17 00:00:00+00:00,460000.0,382157.06806281564,414658.99925198907,409323.1530830017,414396.2325679876,403951.62,431922.88
12057548,Gray,2025-01-19 00:00:00+00:00,445000.0,385453.0115028729,403881.2847911696,362176.06010825175,363528.82952476304,359618.2,355886.72
11999844,Woodroffe,2025-01-19 00:00:00+00:00,445000.0,380081.35222136916,407452.7639329562,413509.93457378115,427731.35303134326,380635.38,390643.84
11739898,Zuccoli,2025-01-20 00:00:00+00:00,780000.0,608014.3702684205,654124.1543363048,632699.4918153378,639882.1544602759,614582.5,624528.1
11551069,Driver,2025-01-20 00:00:00+00:00,315000.0,271231.92255473335,290120.4322709528,317448.6926181806,321836.250781416,307126.53,302961.88
11964496,Zuccoli,2025-01-20 00:00:00+00:00,575000.0,511106.85156549123,545351.9047663332,544915.5180381796,552871.8118611021,527018.4,536179.1
12010394,Driver,2025-01-20 00:00:00+00:00,435000.0,389800.2824078559,414343.7154257096,385899.6628766804,393280.01770411886,342186.94,379783.66
11999971,Driver,2025-01-20 00:00:00+00:00,400000.0,391364.2274643604,426216.05164616386,396069.35226738144,466649.4985599868,435706.72,461871.9
11780871,Bellamack,2025-01-20 00:00:00+00:00,295000.0,314060.1176970887,328009.68383669795,282853.668907991,271813.21023470355,261473.36,263655.1
11769447,Nightcliff,2025-01-21 00:00:00+00:00,330000.0,332371.5450439129,346878.00068618695,306140.7527593088,296490.96142024605,297316.3,343032.88
11873714,Marrara,2025-01-21 00:00:00+00:00,650000.0,750582.8956721543,804628.7299331309,657832.8994402721,688957.2604981567,709964.7,692399.5
11774135,The Narrows,2025-01-21 00:00:00+00:00,381000.0,279545.12017448724,302007.7869579029,320631.55770543584,310205.72319802525,320121.0,302818.03
11769451,Durack,2025-01-21 00:00:00+00:00,780000.0,916053.3112597838,1014098.444512979,685974.2076792187,713444.5548623658,713380.6,724042.06
11656097,Malak,2025-01-21 00:00:00+00:00,320000.0,277736.98308572057,302428.5009576276,304550.8269707977,290428.3241193339,296783.75,316100.1
11606796,Gray,2025-01-22 00:00:00+00:00,270000.0,224142.70798318158,234176.74221313535,225335.5608789802,232364.43964672377,212865.64,232989.78
11769505,Durack,2025-01-22 00:00:00+00:00,605000.0,473679.26832331053,508504.6290043605,509549.294595084,503221.37318477925,492469.66,508568.72
10876379,Bakewell,2025-01-22 00:00:00+00:00,250000.0,250187.14480656758,266432.790524228,234143.32772833927,225678.20845065007,226187.39,217647.38
11721014,Darwin City,2025-01-22 00:00:00+00:00,427500.0,394667.7102892173,412802.9881891804,387285.5145270818,388494.4374879754,377377.3,418903.12
12169581,Rosebery,2025-01-22 00:00:00+00:00,480000.0,370059.7106496267,398711.2957922187,409498.7665961098,420904.8846375187,401145.7,415430.38
11550146,Herbert,2025-01-22 00:00:00+00:00,590000.0,496191.5934412854,555849.5529845884,562773.4561305302,601390.0445377195,607581.1,580198.2
11768594,Johnston,2025-01-23 00:00:00+00:00,365000.0,344014.00357795064,373451.62872125255,356797.4709846548,368581.1462893816,368121.72,361562.16
11780803,Durack,2025-01-23 00:00:00+00:00,642000.0,508910.8459797609,549361.437786308,528644.8380042586,520277.02646665275,508854.47,486046.6
12109325,Driver,2025-01-23 00:00:00+00:00,515000.0,402014.83835785335,427408.9852263951,409943.2334467593,411040.84158278024,405506.72,415011.03
11694363,Karama,2025-01-24 00:00:00+00:00,205000.0,246780.0414896665,268088.91759844153,263633.30364113505,274144.3584595003,247855.84,270338.78
11693723,The Gardens,2025-01-24 00:00:00+00:00,452500.0,398285.9843651827,421786.12007254746,325321.812651937,325439.82973039954,344506.53,351143.6
11724445,Rosebery,2025-01-24 00:00:00+00:00,550000.0,490621.4108443716,523439.2140252287,528089.1035983867,513616.15862669353,510785.66,506278.8
11807879,Rapid Creek,2025-01-24 00:00:00+00:00,505000.0,440216.30161747144,484204.66636177234,557703.7531424297,596500.2714327876,549269.2,531279.5
11418091,Woolner,2025-01-24 00:00:00+00:00,415000.0,381119.2001438338,407857.7853221064,389393.29179709224,376985.3774359989,384088.6,392926.75
11672683,Darwin City,2025-01-27 00:00:00+00:00,326000.0,380698.03338926524,397955.01561326557,301616.25966018386,238866.34073383748,271328.28,299116.88
12017553,Woodroffe,2025-01-28 00:00:00+00:00,555000.0,391550.01285147894,420714.53121065715,403444.1562344384,411508.34929621243,385098.72,391058.72
11725066,Ludmilla,2025-01-28 00:00:00+00:00,675000.0,583951.7278522638,638842.3577307733,669584.5155175332,665102.6668112492,630466.9,610134.25
11794399,Zuccoli,2025-01-28 00:00:00+00:00,600000.0,522849.617355607,558863.304052268,549097.4335305868,556825.4030134052,544950.56,524437.3
11672198,Darwin City,2025-01-28 00:00:00+00:00,240000.0,300350.269754284,309963.4793676808,252398.10547049207,256044.7999086289,254265.3,263797.47
11737056,Zuccoli,2025-01-28 00:00:00+00:00,765000.0,586374.1180866135,629078.482797853,623584.520760537,616525.371821494,611091.0,613317.8
11801968,Rosebery,2025-01-28 00:00:00+00:00,675000.0,566267.1379851422,607727.100903585,613111.8760712706,640288.3732356379,605986.9,612302.06
11770653,Gray,2025-01-29 00:00:00+00:00,480000.0,410384.1239203114,430202.39130704827,391627.2063037072,387512.85441748856,378305.9,396723.72
11541868,Stuart Park,2025-01-30 00:00:00+00:00,465000.0,381739.44663391594,401202.37604843185,355249.5609342211,324391.32951596635,367739.25,325105.75
11631776,Darwin City,2025-01-30 00:00:00+00:00,345000.0,380695.604340051,397952.2354162121,283533.6306600533,233880.9506582675,271679.12,295793.06
11602753,Bayview,2025-01-31 00:00:00+00:00,880000.0,663287.2101874279,706721.3511804842,674215.3345650034,726840.5214488329,689107.06,764946.56
11778694,Rosebery,2025-01-31 00:00:00+00:00,645000.0,569439.4214695619,611395.1818129638,609047.7720914562,630684.7559129007,605703.75,610325.1
11576507,Darwin City,2025-01-31 00:00:00+00:00,475000.0,408064.0456184247,426979.8502396787,418103.86976270843,419068.77606537513,419082.94,408047.28
11785501,Rapid Creek,2025-01-31 00:00:00+00:00,350000.0,409912.11169267225,451853.9981098145,338494.7231044741,328741.39130754286,333994.75,350173.1
11768712,Fannie Bay,2025-02-01 00:00:00+00:00,700000.0,519144.2182614974,570758.9885333845,623432.5557749829,630926.5848096724,633014.2,627220.7
11768713,Fannie Bay,2025-02-01 00:00:00+00:00,685000.0,499565.98957480304,547779.3502951987,542645.2326316879,546048.538172072,533737.44,511786.22
11835296,Darwin City,2025-02-01 00:00:00+00:00,395000.0,311689.18982965447,326450.23271910957,296524.53859607654,294620.61682230356,289944.94,282318.47
12014639,Durack,2025-02-01 00:00:00+00:00,530000.0,488338.1457815281,533196.7962317084,509463.25480003055,496710.26450668793,493698.84,490464.53
12014638,Gray,2025-02-02 00:00:00+00:00,450000.0,383152.97205886774,406853.5271664756,361291.91145283263,362392.45809687197,352473.22,362750.28
11806626,Bellamack,2025-02-02 00:00:00+00:00,815000.0,591272.2231664823,627111.4378165485,575546.0558172177,614175.3373941688,614330.5,638576.75
11820249,Rosebery,2025-02-03 00:00:00+00:00,435000.0,372050.0907666983,407279.58696624794,408135.9394908954,408222.10733733216,399092.0,411341.0
11949983,Zuccoli,2025-02-03 00:00:00+00:00,610000.0,492566.25506313395,532792.5802734556,492003.01425610855,492084.94486012793,456397.78,466790.72
11768741,Tiwi,2025-02-03 00:00:00+00:00,845000.0,742122.5146290328,807272.5518156204,661876.7192306513,658749.4955146984,648269.9,632792.06
11768735,Tiwi,2025-02-03 00:00:00+00:00,630000.0,502204.5833569565,535484.134284347,513151.20676813903,505797.33220715413,501995.53,531046.5
10616280,Woolner,2025-02-03 00:00:00+00:00,330363.0,379575.4313165016,412305.7352097456,388002.0521441207,386596.60058057366,368955.06,370670.12
11826952,Stuart Park,2025-02-03 00:00:00+00:00,520000.0,453623.1020349325,489139.321135185,529171.6842279793,536744.7350585115,522804.88,537241.75
11817671,Anula,2025-02-04 00:00:00+00:00,587000.0,603475.5289753452,669098.7554848858,620442.4560406172,626927.4950020143,622717.2,627867.6
11695809,The Narrows,2025-02-04 00:00:00+00:00,623000.0,568646.119686682,631665.6287311998,695065.5890749552,705798.9933153758,674308.75,666358.1
11669559,Darwin City,2025-02-04 00:00:00+00:00,789000.0,456225.75172726234,485821.25465252134,571709.0217228478,698591.1845602059,623239.4,677172.6
10312968,Farrar,2025-02-04 00:00:00+00:00,616500.0,550280.9260793104,591375.7603749648,600987.9941247568,620499.6241258692,598787.0,585115.25
12020023,Zuccoli,2025-02-04 00:00:00+00:00,710000.0,621113.1430234603,678965.5852834663,672875.8109368867,675647.9375128355,658696.56,691032.7
11790373,Zuccoli,2025-02-04 00:00:00+00:00,452500.0,403936.41167213296,443126.6038395017,436296.4739319219,428575.5968442143,416385.5,416198.5
11962066,Zuccoli,2025-02-04 00:00:00+00:00,615000.0,518725.0667527142,562102.3605863706,546772.845306554,559140.2308948174,538672.06,541383.6
11834089,Stuart Park,2025-02-05 00:00:00+00:00,410000.0,439179.10364715767,472381.7279618832,450258.1468374424,442386.0727648455,426383.03,416999.06
12045303,Gunn,2025-02-05 00:00:00+00:00,485000.0,381931.6876188617,410595.94120176224,387839.58621175744,378097.62426595535,345271.25,372183.38
11333095,Nightcliff,2025-02-06 00:00:00+00:00,410000.0,378233.39649231744,403475.749427285,418287.2211293275,419791.3538069368,426635.2,446981.56
12031198,Farrar,2025-02-06 00:00:00+00:00,468000.0,394956.5563839894,429216.36345270835,437822.74849911954,413877.2104757337,427967.34,401584.34
11746943,Johnston,2025-02-07 00:00:00+00:00,493000.0,390217.7758700394,434223.59180483693,407327.4222911372,406935.5530913405,424942.3,424549.8
11923333,Moulden,2025-02-07 00:00:00+00:00,413000.0,365072.21097997203,409439.39091014507,386159.14677119616,381375.50268535234,365260.44,377262.16
11814961,Zuccoli,2025-02-07 00:00:00+00:00,640000.0,570883.5620507504,620002.7036384587,606646.3527897705,604072.2994915537,586030.0,568263.0
11804431,Driver,2025-02-07 00:00:00+00:00,420000.0,360916.69655580516,398494.2617811652,393219.36470714555,465558.1316600198,439160.88,496685.38
11711819,Driver,2025-02-08 00:00:00+00:00,420000.0,362840.5860294771,400783.26205577987,394301.1980194609,471191.81327611604,440888.1,495425.56
11697551,Gray,2025-02-08 00:00:00+00:00,715000.0,643291.7475483316,700149.8630002341,514887.638221634,529043.2067137854,486098.06,636018.0
12062655,Moil,2025-02-09 00:00:00+00:00,550000.0,449333.5925786894,488558.70227614336,519180.1038687216,516249.25621417025,485374.03,511768.66
11743974,Berrimah,2025-02-09 00:00:00+00:00,790000.0,708819.5792800036,767631.255888992,681806.3018445472,740989.289106318,729729.2,720364.2
11839053,Nakara,2025-02-10 00:00:00+00:00,720000.0,511452.3659232945,567618.2161670169,639422.4331716931,655930.8568332137,591384.94,602575.8
11440205,Darwin City,2025-02-10 00:00:00+00:00,370000.0,349558.813648341,367466.07036998455,319923.22653406684,320756.307687393,329151.7,314747.06
11768743,Stuart Park,2025-02-10 00:00:00+00:00,710000.0,448123.2898184583,482753.82390079636,523794.1612371941,531607.0060916098,501049.47,539596.0
11839374,Durack,2025-02-11 00:00:00+00:00,680000.0,491658.15363395144,537105.0323710722,524958.9663956142,508468.09103011404,515058.47,525501.2
11843317,Bellamack,2025-02-11 00:00:00+00:00,785000.0,623288.7053396824,663245.3080360536,637731.7713686984,654420.8157263736,662345.7,652768.9
11839958,Coconut Grove,2025-02-11 00:00:00+00:00,432000.0,346687.9030450696,381430.45569610014,393686.32189698366,383541.5731005334,377631.12,401091.75
11695797,Jingili,2025-02-11 00:00:00+00:00,760000.0,638292.1757237593,720970.0234112423,701652.614520436,703574.5097698177,661121.44,667529.1
12031197,Johnston,2025-02-11 00:00:00+00:00,350000.0,370266.3668143422,410484.91947144654,373807.27515482233,378396.2970447004,374665.56,366684.44
12064150,Woodroffe,2025-02-11 00:00:00+00:00,440000.0,363216.407298865,394693.65264784533,392242.2392475398,413372.27847035456,338805.62,379929.62
10800321,Darwin City,2025-02-11 00:00:00+00:00,505000.0,615889.24658055,671231.4356010718,546233.5827907132,558763.4624024543,552872.9,529026.06
12012566,Wagaman,2025-02-11 00:00:00+00:00,482000.0,565788.1154026288,601209.2745990005,610207.4154138073,610859.460612034,581941.56,576783.75
10814679,Muirhead,2025-02-11 00:00:00+00:00,710000.0,720262.496065892,773970.4266324906,730410.1457515202,726004.1672891121,709936.94,702984.7
12074755,Woolner,2025-02-12 00:00:00+00:00,400000.0,426515.26638149325,465073.9934419936,452502.83152008645,445268.99244033004,433890.1,424306.12
12001287,Johnston,2025-02-12 00:00:00+00:00,375000.0,332701.8032218888,367584.489040083,346556.57568983384,339584.0058051434,335864.28,326749.72
11946039,Durack,2025-02-12 00:00:00+00:00,640000.0,579245.0348750711,637548.2219762234,620302.2246516595,629371.4715292277,592128.75,609306.8
12080852,Moulden,2025-02-12 00:00:00+00:00,275000.0,217373.32664157002,243526.61636735138,219237.05230036608,206582.14922974593,230164.92,202296.75
11973051,Rosebery,2025-02-12 00:00:00+00:00,650000.0,588246.0328553475,640239.6401857858,601228.6177717482,590698.487532875,606163.2,592368.2
10985476,Woolner,2025-02-12 00:00:00+00:00,618000.0,556180.273595698,599763.8998623659,662836.5248458053,672583.7782432872,610463.7,607345.3
12116990,Farrar,2025-02-12 00:00:00+00:00,560000.0,554549.2516855957,596317.8791071216,601362.2575026952,628012.0685635661,599213.1,599697.4
11835065,Parap,2025-02-13 00:00:00+00:00,417500.0,426231.44584949256,467159.7282812826,456474.6941281564,453081.9644469005,448401.2,433514.12
11825468,Zuccoli,2025-02-13 00:00:00+00:00,637000.0,523985.8311174331,568244.257767712,547463.9086066724,550064.3899488631,531904.56,536201.6
11360285,Darwin City,2025-02-13 00:00:00+00:00,875000.0,463110.7379946382,493723.9851818342,606430.3543581044,753887.0202527982,730112.0,734712.25
11709987,Woolner,2025-02-13 00:00:00+00:00,378000.0,342321.7762936554,369000.546291465,327400.176161649,309160.0179400139,321407.0,318072.34
12031446,Durack,2025-02-13 00:00:00+00:00,520000.0,486732.11438677815,531307.6567189998,506983.63739681605,486289.71408140264,491077.22,470010.1
11333010,Darwin City,2025-02-13 00:00:00+00:00,387500.0,392025.1505340858,415642.9584558759,386359.6225587104,396352.7876811346,375656.62,385412.47
11844200,Zuccoli,2025-02-13 00:00:00+00:00,647000.0,517345.4293289147,560491.0099702544,547550.3598085695,551390.1465724185,537901.56,559463.06
11883324,Malak,2025-02-14 00:00:00+00:00,335000.0,269289.5041136918,297347.6790932184,269945.9651575879,249529.75323967813,226073.95,217336.25
11842368,Nightcliff,2025-02-14 00:00:00+00:00,435000.0,381627.78595543694,407377.37089915195,417371.30926545296,419474.7183968761,409543.97,440206.62
11860858,Tiwi,2025-02-14 00:00:00+00:00,760000.0,782569.1895311855,858253.4372102333,648601.0812834232,615651.0501734504,631784.44,602639.6
11646672,Alawa,2025-02-14 00:00:00+00:00,310000.0,300030.32864055014,312012.7283172916,353486.389511447,385690.5230784798,293084.78,327346.06
11768744,Darwin City,2025-02-14 00:00:00+00:00,520000.0,461083.9220937094,491397.2702070954,474942.33393840684,458708.0066538604,431474.94,432935.28
11750947,Johnston,2025-02-14 00:00:00+00:00,450000.0,376710.75805295125,418053.97508727945,393677.5942625053,393308.1935966167,401594.7,397234.44
11763778,Darwin City,2025-02-14 00:00:00+00:00,190500.0,307648.33147851715,321893.0152987963,200699.22509190254,164184.99204964144,196035.88,175548.27
11400202,Nightcliff,2025-02-17 00:00:00+00:00,525000.0,436702.9922677201,468619.2254144893,517065.7419577512,582588.9839473772,509678.16,549078.06
12116900,Rosebery,2025-02-17 00:00:00+00:00,534000.0,478358.64252215496,517308.3432322187,519853.7618712743,510646.29024438007,498834.34,503364.2
11866014,Leanyer,2025-02-17 00:00:00+00:00,600000.0,578852.543226711,626628.090083898,621519.6169647692,636007.7510427042,605081.94,633303.4
11832625,Nightcliff,2025-02-17 00:00:00+00:00,777000.0,767630.2606739367,827537.5333847548,772338.5697858102,774158.8566022399,771066.0,798220.44
11602002,Millner,2025-02-17 00:00:00+00:00,310000.0,273125.6947570478,296156.5916388937,250809.1844675309,238563.8953618353,235813.1,229973.6
12049162,Durack,2025-02-18 00:00:00+00:00,600000.0,523481.1421253973,574465.737028374,551935.638803017,544641.9043023324,531649.5,581797.25
8810329,Herbert,2025-02-18 00:00:00+00:00,660000.0,510096.29404710553,580143.6531914438,562485.9880347882,621929.6614833407,627632.94,610611.0
11672684,Darwin City,2025-02-18 00:00:00+00:00,317000.0,379706.98950321204,402472.0214788508,301873.41974870313,238954.09060114194,270635.4,292102.0
10765929,Darwin City,2025-02-18 00:00:00+00:00,280000.0,308028.86422074534,322322.383671436,260569.35290392037,248048.13591512322,234617.92,252913.89
12164601,Other,2025-02-18 00:00:00+00:00,855000.0,491603.2577755285,531649.8172111424,619575.834697577,612561.5895596095,695619.44,717960.94
12107771,Durack,2025-02-18 00:00:00+00:00,510000.0,481540.3788806836,525204.4321838539,517115.6028561762,498470.13278670044,489413.72,472856.94
12014720,Rosebery,2025-02-18 00:00:00+00:00,490000.0,391456.4132944361,430212.452926913,417331.1176691706,406514.1912270832,419150.1,408081.94
11865345,Berrimah,2025-02-18 00:00:00+00:00,805000.0,765853.8651611061,826696.260703342,669916.250640089,687793.3521774798,725073.75,782300.06
11863409,Zuccoli,2025-02-18 00:00:00+00:00,700000.0,584847.7668582139,636356.6918225827,654193.1697240103,653059.0987837112,618664.75,644389.06
11866380,Gunn,2025-02-18 00:00:00+00:00,602000.0,521921.12155823887,569148.0602740558,570398.0245739147,551429.420529103,563393.0,591534.4
12080851,Rosebery,2025-02-19 00:00:00+00:00,477000.0,369616.5156564987,398281.7716468102,386256.72002177266,402353.8750436177,337037.34,356081.6
11820371,Nightcliff,2025-02-19 00:00:00+00:00,285000.0,325743.74210276187,337652.8710894997,291515.77154599316,290964.7556064467,261976.56,293669.53
11768742,Larrakeyah,2025-02-19 00:00:00+00:00,460000.0,462510.09702746326,481798.8146146946,491448.7507831343,446186.1900608111,480739.62,451626.8
11419262,Woodroffe,2025-02-19 00:00:00+00:00,605000.0,437192.67335444293,470336.93454344844,452687.9645094286,447582.57498528017,439194.38,451197.6
11747248,Gray,2025-02-19 00:00:00+00:00,282000.0,249147.8898168742,260326.62380636315,256595.41125908736,250210.48937890914,256480.08,260660.47
12017471,Brinkin,2025-02-19 00:00:00+00:00,285000.0,337598.07113268215,360373.4258886434,298261.75452400494,305488.3409747234,305897.94,315555.25
11843759,Brinkin,2025-02-19 00:00:00+00:00,360000.0,336027.6215119481,358567.57515220955,305362.8851431441,317568.20400771254,330558.16,367816.4
12116989,Coconut Grove,2025-02-19 00:00:00+00:00,570000.0,559152.5308442159,603297.5447559657,625433.2156196074,631661.2847790918,604025.7,614527.4
11832114,Marrara,2025-02-20 00:00:00+00:00,445000.0,378006.45545017935,400751.1232174336,389233.80684130435,384252.8221259656,386517.84,382142.66
11843925,Leanyer,2025-02-20 00:00:00+00:00,700000.0,635408.0205408866,675829.4225721798,639593.5666938368,660378.5389374397,615785.2,650918.2
11863613,Bakewell,2025-02-20 00:00:00+00:00,690000.0,566150.9517382357,613505.239149568,523640.81349449477,507115.96426123905,478051.38,500441.56
11733715,Rapid Creek,2025-02-20 00:00:00+00:00,375000.0,430351.63925672526,473125.0874602256,470791.47489391523,450667.49089853937,440459.03,449650.3
11863020,Ludmilla,2025-02-20 00:00:00+00:00,367500.0,287787.6199850544,310015.7310247847,300333.7538241957,300991.1476569463,252843.7,261088.64
11969182,Woodroffe,2025-02-20 00:00:00+00:00,470000.0,389735.33691261435,415706.11638105795,412179.72392382706,403764.5995660707,394494.72,403876.5
12109326,Rosebery,2025-02-20 00:00:00+00:00,535000.0,496161.73317521287,527601.4805521879,528116.2099568725,515257.8047220411,517798.75,514251.06
11668802,Wanguri,2025-02-21 00:00:00+00:00,830000.0,1039453.2584016047,1132887.173109891,693809.921427078,687318.0535579594,694692.6,709626.9
11597739,Nightcliff,2025-02-21 00:00:00+00:00,420000.0,381027.9678988857,398770.17204739584,421913.73891185585,426367.91748439294,410504.34,439669.6
11768745,Lyons,2025-02-21 00:00:00+00:00,655000.0,625468.3088265669,665045.9184636466,615063.3184375488,649709.6727402309,601343.9,595046.4
11867598,Leanyer,2025-02-21 00:00:00+00:00,305000.0,300546.446495234,315416.06729764404,304090.2728225367,302342.76808995975,303500.34,297081.94
10764589,Nightcliff,2025-02-23 00:00:00+00:00,395000.0,379553.12539704813,397107.31674561946,412498.20868354256,410398.878721062,404174.72,426902.6
12006247,Durack,2025-02-23 00:00:00+00:00,600000.0,506535.7475633286,543834.0319989818,524705.4196164962,512641.9114954264,508854.47,496936.5
10685642,Darwin City,2025-02-24 00:00:00+00:00,797500.0,467093.60735205916,488598.57222081977,645823.5948780819,779942.8957628761,637741.75,745743.7
9947021,Parap,2025-02-24 00:00:00+00:00,505000.0,364941.37678939325,390383.81755450583,391158.5324473541,396341.0032575957,394303.28,420111.75
11892968,Millner,2025-02-24 00:00:00+00:00,420000.0,278687.1827413232,296765.6509153427,283660.1330216652,294696.8258506823,266292.5,290867.47
12061757,Karama,2025-02-24 00:00:00+00:00,480000.0,640624.3481765358,703039.208605083,567466.4788602389,566168.5448769026,550917.56,482800.25
11786653,Other,2025-02-24 00:00:00+00:00,445000.0,391134.6857961029,429971.2839855062,415836.9114775838,417197.42007537914,439481.38,487001.5
12116991,Wagaman,2025-02-24 00:00:00+00:00,555000.0,459023.9742781746,472153.7269605646,506663.77595656057,524441.9186452146,490627.34,542025.75
11377908,Stuart Park,2025-02-25 00:00:00+00:00,340000.0,352441.29546714714,367452.6239542892,339867.33241376077,321769.0147245425,347752.0,331334.88
11852661,Leanyer,2025-02-25 00:00:00+00:00,348000.0,333623.9823271944,351422.50032788335,335430.5775281037,328237.0961259537,341452.84,347823.3
11813878,Gray,2025-02-25 00:00:00+00:00,332000.0,386637.31336820225,402843.11021310365,360013.8928535828,361577.72726131114,358454.34,347693.66
12062051,Durack,2025-02-25 00:00:00+00:00,570000.0,559770.1286432286,602521.6080143534,604778.283483316,589648.120409892,573954.6,555777.25
11798741,Stuart Park,2025-02-25 00:00:00+00:00,380000.0,382283.13155539066,401829.504623702,382628.49262215995,405727.10977340135,366468.75,347091.34
11083252,Other,2025-02-26 00:00:00+00:00,460000.0,287730.4857215026,298959.32948449114,402399.40439819783,383486.8301400974,378299.4,325528.0
11627580,Bakewell,2025-02-26 00:00:00+00:00,630000.0,478560.8455983999,515684.2293146289,490305.70590815705,476673.0478443435,473827.03,464337.66
11467009,Wanguri,2025-02-26 00:00:00+00:00,625000.0,597612.8884642345,639607.8162052975,634568.1265217684,627870.7965424965,631815.75,627167.44
11849125,Driver,2025-02-26 00:00:00+00:00,490000.0,390282.8303849962,414126.8414413205,406211.32648535323,399111.5132045172,384590.03,403518.44
11123865,Darwin City,2025-02-26 00:00:00+00:00,395000.0,394255.7783666644,410049.1909105898,383324.8583023127,384313.583418282,375650.53,393262.66
10708401,Zuccoli,2025-02-26 00:00:00+00:00,740000.0,625806.3525851411,671166.7803222853,633188.8293602837,642823.5915584075,626451.9,648062.1
11211838,Johnston,2025-02-26 00:00:00+00:00,682000.0,600106.1587482276,652472.6935801642,633874.1549227753,650439.3718860019,627306.2,633190.5
11701443,Zuccoli,2025-02-26 00:00:00+00:00,601000.0,512178.5575165555,543668.7973909081,550370.4456275257,559041.6472790642,536168.94,549308.0
11022882,Humpty Doo,2025-02-26 00:00:00+00:00,785000.0,1324146.9026670938,1536792.0230185403,706502.6338275877,704203.7958999235,735774.5,669223.4
11735519,Darwin City,2025-02-26 00:00:00+00:00,530000.0,462714.6574215048,483666.16677693534,484934.61872415344,479841.59809880564,478621.6,500180.1
11637994,Marrara,2025-02-26 00:00:00+00:00,290000.0,289767.62713212357,303279.1231404477,242156.78657571282,211439.6263850183,179335.84,193629.31
12012565,Moil,2025-02-26 00:00:00+00:00,557500.0,445376.9503236031,474502.7946572198,505862.5278929179,480463.9317854161,448663.4,436565.2
12070318,Bakewell,2025-02-27 00:00:00+00:00,415000.0,384327.2349667792,422106.7472130346,352660.8489658386,310689.82743435627,332538.78,292894.22
11888604,Leanyer,2025-02-27 00:00:00+00:00,652000.0,560875.2943200844,593895.3688688931,621086.3010182471,632802.1638156191,595737.4,633221.25
11785386,Johnston,2025-02-27 00:00:00+00:00,440000.0,373669.5270673149,406351.3291677404,390765.68496978504,378434.23561249493,392034.78,385663.6
11768746,Stuart Park,2025-02-27 00:00:00+00:00,880000.0,712235.0162791953,751599.5056178637,758521.0685408091,752097.9389652027,756211.4,745010.1
11891919,Rapid Creek,2025-02-27 00:00:00+00:00,360000.0,329152.8494037385,357068.4879912208,327231.3120422694,321215.7880031983,327486.25,305303.1
10983724,Other,2025-02-27 00:00:00+00:00,399000.0,344406.4907662319,385461.72720487433,393528.5848531239,382366.1063188882,384203.62,419325.62
11695670,Darwin City,2025-02-28 00:00:00+00:00,356000.0,389141.19294553605,404321.90493661584,341099.6491964663,326918.08227238286,306342.84,324555.25
12097728,Muirhead,2025-02-28 00:00:00+00:00,670000.0,629152.7052842005,659416.7329238596,668896.01838366,654189.0999813363,607774.1,664415.1
11839571,Tiwi,2025-02-28 00:00:00+00:00,450000.0,385294.9218270156,407210.2010172408,463170.64094416465,511434.02788910817,495779.6,477872.22
11786030,Stuart Park,2025-02-28 00:00:00+00:00,490000.0,445425.03056524985,470285.75673205336,485215.8735436629,471344.324556479,451160.16,431473.7
11873466,Ludmilla,2025-02-28 00:00:00+00:00,380000.0,321430.07481019536,347699.57861521107,348229.5995506774,323098.54754275404,330188.28,318026.53
11445557,Nightcliff,2025-02-28 00:00:00+00:00,300000.0,326626.88384970743,338639.16343646473,302076.92061795265,294609.9254948824,282007.12,308642.78
11780806,Nakara,2025-02-28 00:00:00+00:00,330000.0,278721.86400296894,301008.0669337007,319023.4446772565,306717.3697769639,301468.06,290930.72
11825091,Woolner,2025-02-28 00:00:00+00:00,740000.0,655194.7206186218,697989.2605322094,723626.9330646119,754348.3626733482,718465.06,764994.0
11546841,Rapid Creek,2025-02-28 00:00:00+00:00,270000.0,327236.1535419718,354829.4725353631,300505.98243311606,292629.3174120982,307156.4,306453.9
11892834,Berrimah,2025-02-28 00:00:00+00:00,465000.0,440635.53786906303,466030.2530998029,424915.7114419847,393799.277300887,394416.47,390464.7
11616106,Muirhead,2025-03-01 00:00:00+00:00,670000.0,702837.5842347255,739133.8480400078,722821.0941448112,716801.2830045207,698608.5,694306.5
11866392,Leanyer,2025-03-01 00:00:00+00:00,675000.0,681304.9733561447,725721.9129855498,639578.4421074,653895.9203192722,641990.1,659667.2
11909510,Rosebery,2025-03-02 00:00:00+00:00,400000.0,362670.377068582,388835.2528485907,392789.1215882462,397641.75687521667,380946.97,379738.38
11893084,Durack,2025-03-03 00:00:00+00:00,580000.0,506315.44658257783,544300.46008159,521228.20376218227,509220.99165223405,507015.16,488268.75
11738071,Muirhead,2025-03-03 00:00:00+00:00,740000.0,707443.1298018972,744354.4200169886,730936.8344441439,731691.3776699201,703878.25,723488.5
11716495,Johnston,2025-03-04 00:00:00+00:00,450000.0,378594.64723780996,412660.53119588987,395369.92199180886,392444.2662607775,408062.1,397836.84
11480625,Alawa,2025-03-04 00:00:00+00:00,700000.0,569316.1779721602,607629.7946762468,653805.0410878087,661733.6635842358,619116.3,602722.94
11695841,Nightcliff,2025-03-04 00:00:00+00:00,790000.0,434862.2249804293,459938.88447963324,525734.6617986178,583958.318006976,527458.8,601542.9
11834279,Darwin City,2025-03-04 00:00:00+00:00,440000.0,392896.2496978418,408270.4874676691,395565.3640723168,401309.90730788093,378097.4,393675.4
11876676,Woodroffe,2025-03-04 00:00:00+00:00,500000.0,429239.6433449666,460096.8179993602,432328.59542940074,424187.5890685769,391172.1,419074.56
11852513,Driver,2025-03-04 00:00:00+00:00,295000.0,238649.56763042288,253211.7570541077,261699.49453593194,249719.90140530939,244706.23,249116.08
12047396,Durack,2025-03-05 00:00:00+00:00,615000.0,570584.5414900967,615889.198482013,615827.5866732958,608085.4338128655,575924.7,571132.25
11929190,Berrimah,2025-03-05 00:00:00+00:00,450000.0,446120.86800967576,473011.5761351595,441941.68958811933,436565.1734666147,421970.88,437784.28
12073881,Rosebery,2025-03-05 00:00:00+00:00,315000.0,289603.40282742435,308076.0375026738,281768.64922371594,263537.7507148376,225143.17,252295.0
11914888,Bakewell,2025-03-05 00:00:00+00:00,295000.0,249472.5944604407,265013.0357477505,242545.11395963718,233281.08605055293,231103.67,226665.25
12128567,Zuccoli,2025-03-06 00:00:00+00:00,500000.0,460999.55261339596,501562.62739112234,459401.79117700143,436335.5909772286,449574.0,472773.5
11698862,Berrimah,2025-03-06 00:00:00+00:00,570000.0,512067.7592119046,536524.4306479025,471685.5442112204,449066.28035098984,451341.34,499193.66
11818591,Rosebery,2025-03-06 00:00:00+00:00,675000.0,644804.8942828709,690568.089876603,604783.675919722,609817.8545323284,616171.1,609920.75
11904670,Leanyer,2025-03-06 00:00:00+00:00,650000.0,560634.5724803811,593906.3148133013,582295.5354785263,587798.484865239,540436.5,544344.44
11863666,Darwin City,2025-03-06 00:00:00+00:00,480000.0,392371.6010518968,407683.18652943685,395119.1335344789,404258.50018900353,378097.4,404770.7
11258690,Darwin City,2025-03-06 00:00:00+00:00,545000.0,393253.176114424,408669.51185920264,383199.27507416875,385375.8472382508,376378.47,401838.34
11764173,Bellamack,2025-03-07 00:00:00+00:00,530000.0,371087.9714113067,386116.4560155152,379318.72583212226,386549.9374309148,378434.0,364789.1
11872960,Rapid Creek,2025-03-07 00:00:00+00:00,765000.0,752272.5763580183,825094.4843986526,741208.7230032579,793864.2796701569,820358.9,794937.06
11177141,Farrar,2025-03-07 00:00:00+00:00,635000.0,570538.7600888268,603829.3807129412,600307.5352365631,617063.5410605223,608057.0,608371.4
11700700,Darwin City,2025-03-07 00:00:00+00:00,460000.0,460062.49942325836,480378.88821331057,484523.77178169234,464317.3904690375,430790.75,437215.16
12076471,Woodroffe,2025-03-07 00:00:00+00:00,530000.0,440393.2037838848,471953.1854032925,434692.0665438337,424800.01000456174,406746.9,444728.44
11941990,Johnston,2025-03-09 00:00:00+00:00,615110.0,525133.5090672555,568771.2119956781,572847.5231143608,553962.3144421373,570316.3,558801.3
12209237,Moil,2025-03-09 00:00:00+00:00,350000.0,427666.7782445013,455618.36793317896,485225.03985462734,475107.17176975205,366839.4,451577.28
12217712,Woodroffe,2025-03-09 00:00:00+00:00,630000.0,732580.530395164,805879.4549995026,540092.7742094925,530677.2050356591,483616.38,572206.25
11603115,Lyons,2025-03-10 00:00:00+00:00,733500.0,786135.865089007,819252.1785594497,743745.6004015098,748589.6921733589,754333.56,767704.0
11705038,Darwin City,2025-03-11 00:00:00+00:00,900000.0,462175.58268722316,482755.5344733308,613489.864786502,736571.5257993743,729946.3,720977.25
12098616,Leanyer,2025-03-11 00:00:00+00:00,470000.0,345464.7590686625,364763.97930560267,384388.925549322,418481.59153102525,350505.56,390911.4
11867235,Bellamack,2025-03-11 00:00:00+00:00,690000.0,656646.9242763073,685243.995819787,655743.5555402901,681868.2767838755,715606.7,719862.1
11931213,Leanyer,2025-03-11 00:00:00+00:00,685000.0,568540.768119294,602931.8518036867,612864.5339264392,635398.8216328716,596920.25,603901.3
12121643,Rosebery,2025-03-11 00:00:00+00:00,650000.0,556826.2714913959,594818.1154173785,597210.8418160584,591932.4769569415,594281.3,588918.7
12121197,Johnston,2025-03-11 00:00:00+00:00,410000.0,399187.61938717763,437988.85002880543,355427.7591935478,367250.1114562741,336247.56,335818.16
11788492,Rosebery,2025-03-12 00:00:00+00:00,440000.0,384097.3637856775,413638.9069390317,411136.82515229186,408907.5845305189,416575.75,415338.1
11839553,Wulagi,2025-03-12 00:00:00+00:00,640000.0,624355.7237240634,686687.8727949347,657237.7743334441,672830.8217446961,639490.9,667623.3
11892314,Wulagi,2025-03-12 00:00:00+00:00,680000.0,618869.2634724668,680188.2167480208,653334.4925237045,651111.1831722299,623584.25,647266.0
12124154,Zuccoli,2025-03-12 00:00:00+00:00,650000.0,583384.0163221143,623218.3317716225,606416.1554373718,609502.8218528995,582290.2,582673.5
11874318,Driver,2025-03-12 00:00:00+00:00,585000.0,496112.8682517606,533950.1271717101,493410.9550316107,518447.10432105773,474661.47,540403.5
11936856,Darwin City,2025-03-12 00:00:00+00:00,299000.0,389881.54436984984,404896.27125046856,329014.5371788176,311148.1638422092,307771.0,328307.75
11844161,Ludmilla,2025-03-12 00:00:00+00:00,615000.0,561337.9140179446,612753.2431473125,651296.9609827817,642512.1889551185,607330.25,595220.0
12091249,Gray,2025-03-12 00:00:00+00:00,525000.0,402109.2255598082,420828.39436091395,452244.47901734535,456771.6226831779,430171.25,470975.7
11881559,Ludmilla,2025-03-13 00:00:00+00:00,360000.0,311747.02754438785,336734.2298692762,340562.335225424,314935.2721218056,305328.44,295859.66
11851102,Fannie Bay,2025-03-13 00:00:00+00:00,350000.0,337287.2093630881,356687.89007112203,276137.3230567763,250705.90285349396,238735.73,203447.16
12164603,Durack,2025-03-13 00:00:00+00:00,615000.0,575228.9462158784,621288.7547645872,606466.146113812,587032.2352638972,590117.9,561913.6
11705173,Darwin City,2025-03-13 00:00:00+00:00,485000.0,390666.60556584847,405774.4578704071,413464.677917007,431463.7103800033,381918.22,437790.97
10689714,Marrara,2025-03-13 00:00:00+00:00,430000.0,338132.3938585543,355837.95535660244,322274.82482007524,318807.6013428859,325674.25,328533.56
11477316,Bayview,2025-03-13 00:00:00+00:00,905000.0,837767.4444572906,907699.6501248429,682041.2143967261,707419.9902871498,778186.7,834277.2
11842642,Wagaman,2025-03-14 00:00:00+00:00,515000.0,607024.3663159742,631979.9895254405,619216.4439867703,585082.4314803085,552822.75,574112.8
11958470,Leanyer,2025-03-14 00:00:00+00:00,60000.0,530789.8645605193,558869.1855248972,542354.7444200902,531751.2638786002,530365.75,531007.5
11933096,Lyons,2025-03-15 00:00:00+00:00,845000.0,852308.6235193986,887917.7264831887,751442.7938509338,752303.4223794388,755044.7,764522.1
11932239,Darwin City,2025-03-15 00:00:00+00:00,505000.0,459396.3954010397,479629.6743609454,473950.87265509024,451977.6207548371,450042.44,425730.47
11954261,Zuccoli,2025-03-16 00:00:00+00:00,690000.0,541342.2937900091,577955.7917454714,560809.6166361287,557199.6590086228,550323.1,547835.8
11594562,Darwin City,2025-03-17 00:00:00+00:00,395000.0,311210.39240257425,319364.47872632253,357009.54985929665,387829.4350316669,390299.38,409372.53
11898785,Parap,2025-03-17 00:00:00+00:00,352950.0,289165.2814175183,303952.0841617726,278823.4550858435,311230.3016111984,320437.12,345356.56
12121644,Farrar,2025-03-17 00:00:00+00:00,550000.0,467169.0623116035,491526.52580030385,505550.36548843776,517684.1907369,452783.0,457412.62
11667611,Bayview,2025-03-17 00:00:00+00:00,508500.0,389323.48849870055,396221.1793955199,454662.37440528115,444926.6634880383,444756.84,445133.25
11905676,Stuart Park,2025-03-17 00:00:00+00:00,706000.0,554607.1237458244,578206.0426354315,654781.5355500112,613540.9710909971,611471.7,610176.75
12123567,Durack,2025-03-18 00:00:00+00:00,576500.0,488771.34491639066,524011.72547342966,519493.1425323573,503136.6238401214,500367.12,502282.88
11941880,Zuccoli,2025-03-18 00:00:00+00:00,650000.0,507030.11556982243,538589.9274256777,547012.1876861252,550592.0776787719,520033.12,542442.06
11942146,Stuart Park,2025-03-18 00:00:00+00:00,330000.0,334683.9322126185,349018.0370781331,291393.9775529403,281017.41931097204,304585.66,283661.7
11957376,Wulagi,2025-03-18 00:00:00+00:00,590000.0,492228.75680364284,534440.3234442965,527081.3666732351,539586.7234934573,501884.97,518931.8
11954356,Rosebery,2025-03-18 00:00:00+00:00,760000.0,668317.8145665464,720658.8335663687,633105.2060005867,674506.3133956773,662100.7,669020.44
11885114,Parap,2025-03-18 00:00:00+00:00,430000.0,450934.6646589477,484285.7338168117,558979.7681581676,645006.900586866,535679.8,628660.3
11988856,Millner,2025-03-19 00:00:00+00:00,300000.0,284023.9154908298,304093.92775329086,309502.05818498204,303267.17912302556,286340.5,282888.22
11484649,Gunn,2025-03-20 00:00:00+00:00,185000.0,262592.07711665856,273325.59872824216,339685.54389826657,316968.91631631023,291038.12,332787.8
12051214,Rosebery,2025-03-20 00:00:00+00:00,265000.0,275767.50999478775,291062.8380616816,263951.73509807966,243811.9663795626,254450.14,244321.95
11867672,Darwin City,2025-03-20 00:00:00+00:00,257500.0,306806.28824556165,314498.30792824295,239784.99263571677,232932.81561730892,228267.28,245039.48
11898446,Gunn,2025-03-21 00:00:00+00:00,370000.0,310480.64901515434,331132.1058680185,339258.8545863239,322541.781398057,321102.78,316396.6
11986835,Leanyer,2025-03-21 00:00:00+00:00,645000.0,576148.1773847698,608664.7329996555,596514.1163408898,583751.1000305664,566490.94,620356.25
12116903,Jingili,2025-03-21 00:00:00+00:00,500000.0,479769.33854853135,521347.98485705693,525810.2101476516,485386.14547968097,495133.66,461047.2
11962424,Ludmilla,2025-03-21 00:00:00+00:00,750000.0,517491.04589573893,561527.374401821,589707.2729906952,557919.0425908219,550494.75,575915.9
12058243,Bakewell,2025-03-22 00:00:00+00:00,611000.0,465651.1374388363,500189.65291773813,493001.0107220327,495192.0183808024,443528.94,469471.62
11944252,Zuccoli,2025-03-22 00:00:00+00:00,805000.0,591762.175023459,632866.3965541347,651791.4860375449,645263.3043760741,624598.44,636844.06
11927127,Darwin City,2025-03-22 00:00:00+00:00,400000.0,390969.67758140044,406114.54039037944,387096.8891102991,387470.76961951493,376212.7,390051.94
12136772,Gunn,2025-03-23 00:00:00+00:00,545000.0,466052.1280971831,496781.2155932375,522838.6993894595,515482.19494957454,487752.6,515800.22
11983335,Alawa,2025-03-23 00:00:00+00:00,825000.0,659193.8073660368,706345.7937417289,680449.6028028986,704351.4328211024,660341.94,636274.0
11445644,Darwin City,2025-03-24 00:00:00+00:00,410000.0,390101.74682394584,405142.7337468457,379804.8035530329,373800.5785268786,388482.0,376748.0
10559240,Lyons,2025-03-24 00:00:00+00:00,735000.0,734836.5783029794,765158.1641827129,751051.0103541604,745168.6722243981,744402.2,749636.25
11972109,Wulagi,2025-03-24 00:00:00+00:00,642500.0,506971.1461088178,550494.139676713,533817.146049221,524555.6156983066,513216.3,530495.75
11974993,Coconut Grove,2025-03-24 00:00:00+00:00,350000.0,322873.23840430024,346452.5455350374,336353.5070924997,317508.45480097766,322089.12,329478.94
12116899,Millner,2025-03-24 00:00:00+00:00,482000.0,474334.1794837423,509298.20605878974,523147.0727778305,517374.0660331735,478734.78,504940.25
12111682,Gray,2025-03-24 00:00:00+00:00,475000.0,363186.13881949603,378061.14023388544,343560.5896899364,362261.200452137,320945.72,342382.8
12116901,Gray,2025-03-25 00:00:00+00:00,430000.0,350153.92949576385,363753.9694534822,331589.25767240924,305415.1340485459,311917.56,311126.72
11844391,Rosebery,2025-03-25 00:00:00+00:00,550000.0,467687.5138843041,495463.8217229526,499628.7941770268,490908.40912641864,479670.28,477841.7
11874073,Durack,2025-03-25 00:00:00+00:00,750000.0,560875.517382143,604606.7293119509,611904.0825469013,632729.9238406661,577905.3,582851.3
12000077,Gray,2025-03-25 00:00:00+00:00,580000.0,489028.1036041521,515777.62313521985,473778.0284967317,484924.4177802553,458646.16,476189.88
12134720,Jingili,2025-03-25 00:00:00+00:00,560000.0,452704.97986244055,491887.9465482949,497618.9390800407,468677.3697442129,374751.7,478441.78
12142352,Johnston,2025-03-25 00:00:00+00:00,640000.0,615782.7772834281,671728.5140148177,644077.9587683724,643432.0242697572,649503.2,640456.4
11981048,Darwin City,2025-03-25 00:00:00+00:00,450000.0,409627.7798806513,426094.78067259665,425542.6252598974,411717.6320180341,409686.53,408622.06
11912669,Leanyer,2025-03-26 00:00:00+00:00,450000.0,448690.4917683095,482213.6655137425,514573.1245162665,590639.7322678613,509829.84,500327.5
11980134,Durack,2025-03-26 00:00:00+00:00,651000.0,529031.5637135457,567711.1796601273,586088.4492709755,573655.2210824216,569848.25,556464.06
11923556,Gray,2025-03-26 00:00:00+00:00,308000.0,229706.10277369583,238922.10426504322,250409.6857660171,248779.03077898166,240993.98,254238.88
11965267,Ludmilla,2025-03-26 00:00:00+00:00,778000.0,521743.16324342287,566499.8753091889,578066.0388624362,539053.8940900196,542243.44,550271.1
11974986,Bakewell,2025-03-26 00:00:00+00:00,330000.0,253954.9352347717,270146.42706891434,258983.71376555497,258504.36703223805,234442.58,245753.75
12116902,Durack,2025-03-27 00:00:00+00:00,658000.0,550546.7291732073,592622.1424448044,623062.4140344627,634828.4749694974,587700.06,619237.94
11915131,Nightcliff,2025-03-27 00:00:00+00:00,255000.0,352596.45667426067,369765.5289680729,314486.9988323854,302117.59093898255,294749.78,315378.66
11985423,Zuccoli,2025-03-27 00:00:00+00:00,645000.0,519684.2824173601,553085.484223337,553060.4402008307,555429.4017170463,529421.75,541088.9
10098009,Gray,2025-03-27 00:00:00+00:00,715000.0,700430.2453938401,746096.6660353945,518514.2656155103,527687.429387417,496661.7,640716.6
12131849,Gray,2025-03-27 00:00:00+00:00,450000.0,374251.7460724491,389630.84487680724,396813.42779533175,399677.1961629709,383542.84,399100.0
11958900,Lyons,2025-03-27 00:00:00+00:00,850000.0,935691.3377965589,987227.8140748906,782018.2064178218,774890.6424475606,806739.7,791000.1
11680662,Darwin City,2025-03-28 00:00:00+00:00,360000.0,404223.47869438335,420042.60651439585,401545.1275805913,396530.12610091944,403095.38,403275.3
11873645,Stuart Park,2025-03-28 00:00:00+00:00,370000.0,439141.1665771779,464083.66799184826,454877.35709842516,447797.0590136552,429586.22,427017.44
11839792,Bellamack,2025-03-28 00:00:00+00:00,685000.0,643789.3140070752,669330.4416436164,631768.568745338,658012.7517505276,654867.7,659384.8
11999294,Stuart Park,2025-03-28 00:00:00+00:00,440000.0,389034.07558603236,409412.5116747351,386425.5107907453,377553.87019675574,361028.1,380340.03
12297885,Leanyer,2025-03-28 00:00:00+00:00,640000.0,603256.421247496,636771.1437757408,588575.6171541855,582271.5984552302,575241.25,613458.2
11234645,Stuart Park,2025-03-28 00:00:00+00:00,438000.0,441376.8600352819,466630.1373627659,466373.81442447164,458368.7446808795,423231.94,427813.9
11971310,Rapid Creek,2025-03-28 00:00:00+00:00,975000.0,771091.7110796383,845494.5657222618,728305.184309852,767098.3788422467,785167.94,744517.9
12182905,Durack,2025-03-30 00:00:00+00:00,580000.0,540841.0172219735,584389.6643445601,539218.6949938298,552307.5663026392,525989.0,517002.34
11980675,Muirhead,2025-03-31 00:00:00+00:00,726000.0,718289.0626241289,756654.4591338091,719241.6781606219,719946.9132824515,710449.6,696315.06
12002277,Driver,2025-03-31 00:00:00+00:00,270000.0,228817.8129475307,242523.99343808249,234990.01340676736,227701.03161235774,209395.64,220485.28
12002587,Leanyer,2025-03-31 00:00:00+00:00,370000.0,327707.6396175523,345635.91313177114,340022.909625685,346502.34482276806,331068.62,330610.8
12217713,Leanyer,2025-03-31 00:00:00+00:00,515000.0,449084.0504414405,482669.5690707657,506482.8688319383,586251.6927768653,509829.84,503699.38
12002647,Coconut Grove,2025-04-01 00:00:00+00:00,398000.0,322775.866694606,349170.54892169265,345935.2019004105,331393.2001013954,338729.72,374749.53
11973426,Rosebery,2025-04-01 00:00:00+00:00,699000.0,561368.0378155069,603659.1164550722,598571.1878419433,608553.9164375709,596527.06,615566.2
11990702,Nightcliff,2025-04-01 00:00:00+00:00,365000.0,334505.33220514545,352902.7732310194,298145.4747467433,288409.3082375066,308019.72,326354.22
12166775,Moulden,2025-04-01 00:00:00+00:00,515000.0,411086.1741826523,456644.7144341635,402933.5165655083,398449.8933396977,385960.9,441582.4
12188679,Bakewell,2025-04-01 00:00:00+00:00,585000.0,445676.13547040516,480766.81550924905,430260.94871281344,433125.0701481298,387611.6,436557.28
11960397,Nightcliff,2025-04-01 00:00:00+00:00,778000.0,595904.0099797996,633419.6321841213,614815.5015959677,581519.9252149137,527217.44,584417.0
12179032,Johnston,2025-04-01 00:00:00+00:00,625000.0,534863.53056714,584454.0833131907,575419.000392211,559792.950448002,569759.6,556379.1
11937128,Darwin City,2025-04-01 00:00:00+00:00,394000.0,446374.46961091063,470582.7072489552,429585.32729453384,431404.93346724403,401596.22,408124.34
11943549,Larrakeyah,2025-04-01 00:00:00+00:00,345000.0,389360.8395337068,409987.03252224845,345463.0053313171,332893.1531952353,319381.2,334090.94
11860887,Coconut Grove,2025-04-02 00:00:00+00:00,380000.0,350276.55748910055,381200.89093558665,388971.587125381,367788.5633319271,374508.38,372826.72
11936356,Malak,2025-04-02 00:00:00+00:00,645000.0,635888.5022162175,697189.1906089438,602101.7132299099,568148.6640420452,591086.6,594217.8
11974700,Marrara,2025-04-02 00:00:00+00:00,450000.0,335361.54520245723,356567.83098365983,307912.30730533466,316060.30222048744,310563.75,333534.78
11910084,Nakara,2025-04-02 00:00:00+00:00,555177.0,728099.9482612154,814044.8517045095,688770.4576407028,674748.6523340929,700058.44,649287.6
12226377,Stuart Park,2025-04-03 00:00:00+00:00,300000.0,335727.64319726574,354990.9279975397,291826.41042848467,292928.7104093814,292244.1,290832.25
11336584,Bellamack,2025-04-03 00:00:00+00:00,625000.0,580633.6003993425,607372.527035752,608088.2825838219,607099.852714553,608813.7,583891.7
11526590,Stuart Park,2025-04-03 00:00:00+00:00,685000.0,480682.27014421,503680.5539625009,512516.03956883476,491727.48339315905,468570.34,490644.66
12009217,Durack,2025-04-03 00:00:00+00:00,780000.0,579636.7164991162,630142.9753793798,643236.8215427472,669293.0516212445,606942.3,660042.25
12164681,Bakewell,2025-04-03 00:00:00+00:00,550000.0,466677.3936316207,506563.40020403074,482575.2111496102,497648.3115603062,440923.84,469536.1
12021602,Darwin City,2025-04-04 00:00:00+00:00,475000.0,391622.4686813276,410827.48192306387,349397.7307710897,340121.94306899945,370220.75,384524.0
11916581,Darwin City,2025-04-04 00:00:00+00:00,320000.0,391433.5132959864,410613.9911848416,324668.3684728303,294063.4603145339,332704.03,318470.56
12159247,Farrar,2025-04-04 00:00:00+00:00,631770.0,578324.4596012753,617421.8490130136,599590.0673384245,616319.7746087214,601440.8,604674.7
12021727,Darwin City,2025-04-04 00:00:00+00:00,835000.0,462760.16029410483,488146.89980889804,485995.7021149795,482134.32437093527,472890.3,497385.5
11965220,Darwin City,2025-04-04 00:00:00+00:00,475000.0,460630.2991972142,485726.8154353833,464422.01734305144,466030.312219672,445095.03,461120.62
11333803,Rapid Creek,2025-04-04 22:49:07+00:00,470000.0,372751.6380739913,408529.9844170888,406121.34436073096,433179.60051041114,405781.4,407711.6
12223287,Farrar,2025-04-06 00:00:00+00:00,645000.0,571278.1709467367,609322.1418704975,600586.7443669803,629611.0668523919,606723.56,611714.3
12220741,Moulden,2025-04-06 00:00:00+00:00,500000.0,385273.26148004906,429785.88931787567,413539.5174050064,397122.53177110205,401747.16,403718.22
12183042,Gray,2025-04-06 00:00:00+00:00,505000.0,430838.52331304475,454114.9315180173,367192.5881676951,361994.33969090786,356540.3,360896.94
11852937,Parap,2025-04-07 00:00:00+00:00,308000.0,322884.95742346265,343171.99840478104,271656.3855480594,273513.94607499585,262754.97,266008.22
12166776,Durack,2025-04-07 00:00:00+00:00,600000.0,531609.6567563312,574081.2899742045,579000.5387634111,574750.8599017528,569582.0,552454.4
12010340,Ludmilla,2025-04-07 00:00:00+00:00,260000.0,286737.5522318888,311786.56799046416,288067.6171020061,282330.5124552249,251925.7,242706.53
11995176,Berrimah,2025-04-07 00:00:00+00:00,712000.0,648755.9198803126,687882.4037873381,638666.868758255,610313.9422270689,656995.75,677608.7
12192454,Moulden,2025-04-07 00:00:00+00:00,525000.0,360096.0573267362,398859.3408517401,379186.9969117499,367873.60442383605,354623.34,361037.4
11863615,Millner,2025-04-07 00:00:00+00:00,350000.0,283972.01249408134,306944.9502191826,289474.11498427467,300728.8408837934,285825.12,315704.53
11980720,Alawa,2025-04-08 00:00:00+00:00,630000.0,493146.9041437391,515891.69577768346,615086.7409156807,629348.2329801028,591672.6,599647.56
11995685,Gunn,2025-04-08 00:00:00+00:00,620000.0,587018.6895427471,637032.3611099176,606360.4997055128,676524.1380963672,613833.3,612539.75
11923928,Darwin City,2025-04-08 00:00:00+00:00,468000.0,391622.4686813276,410827.48192306387,349397.7307710897,340121.94306899945,370220.75,384524.0
11976581,Woolner,2025-04-08 00:00:00+00:00,537250.0,432195.08880502376,467039.71690193587,461297.1190739568,440666.6744222209,441131.2,438008.94
12184873,Johnston,2025-04-08 00:00:00+00:00,472500.0,379703.8564175193,417962.3372827361,392979.31021820544,403200.89051220793,381474.12,409518.97
11977827,The Gardens,2025-04-08 00:00:00+00:00,382500.0,405945.7059935448,432769.67648589535,327765.85275207495,331275.92161222466,340553.3,376859.78
11981375,Gunn,2025-04-08 00:00:00+00:00,720000.0,579628.3472493574,627218.2196645198,608746.0451647841,650983.0351243339,613052.3,649031.4
12453782,Wulagi,2025-04-09 00:00:00+00:00,570000.0,489155.5533338709,536174.6466349122,529258.6780842659,507785.1915114356,499451.75,511198.9
11941871,Wagaman,2025-04-09 00:00:00+00:00,610000.0,610573.6193133843,646050.2932266374,637573.3168347605,646083.3432588713,571109.9,608679.56
11995370,Malak,2025-04-09 00:00:00+00:00,295000.0,278025.039089731,300503.5281842269,300210.3317643029,280142.5258242203,289815.28,285728.1
12116744,Berrimah,2025-04-09 00:00:00+00:00,460000.0,418128.2748617019,446562.57199264265,420828.3643431014,394575.7862236766,396485.4,395890.34
12290199,Zuccoli,2025-04-10 00:00:00+00:00,605000.0,510978.3891989408,547505.6692310328,545784.4358320024,551051.9938747666,520828.22,533787.8
12022528,Stuart Park,2025-04-10 00:00:00+00:00,469000.0,444431.06112936925,476552.6351176058,485529.7987959887,464410.5330371161,437824.78,471044.88
11892765,Woolner,2025-04-10 00:00:00+00:00,395000.0,383423.79922214954,412649.53317430476,393421.0574754807,388466.7012281934,369330.7,381211.2
9784227,Johnston,2025-04-10 00:00:00+00:00,510000.0,415436.16661767056,459475.31370520237,417765.7339673888,400238.4779732885,440219.22,381945.2
12182904,Marrara,2025-04-10 00:00:00+00:00,315000.0,337069.8911924319,358526.39204458205,310304.33981468354,323894.7136071771,311570.62,332393.56
12182903,Karama,2025-04-10 00:00:00+00:00,515000.0,460834.6845008839,494651.2482826007,467909.27958916296,474587.53381806024,460601.12,477730.97
12183117,Johnston,2025-04-10 00:00:00+00:00,370000.0,333287.8068278838,364275.4390093924,339733.4554092993,334540.2966892337,333723.16,314798.1
12149198,Johnston,2025-04-10 00:00:00+00:00,687000.0,607301.6622185108,666695.3166776947,631103.8235523332,639799.9160587792,620255.1,626092.94
11733714,Rapid Creek,2025-04-11 00:00:00+00:00,300000.0,326708.6977604136,354550.3748850299,291285.83604588266,266144.15356391226,292266.12,273994.1
11695810,Darwin City,2025-04-11 00:00:00+00:00,762500.0,457301.97175330424,481946.57896799396,570770.108323842,698463.5459355921,620785.94,670298.3
11895410,Stuart Park,2025-04-11 00:00:00+00:00,280000.0,339435.51957967563,359215.8796509394,301255.2240455672,299313.8452175305,307366.5,317235.03
11858041,Parap,2025-04-11 00:00:00+00:00,525000.0,431047.8788182167,464887.4106531604,483746.8011958404,468957.51149265637,470441.06,473223.25
11529801,Darwin City,2025-04-11 00:00:00+00:00,310000.0,300275.07401923736,310981.5725186296,247831.68606388147,254515.33429054075,241909.75,262922.16
12116905,Berrimah,2025-04-11 00:00:00+00:00,770000.0,577590.6429759371,612780.9199310717,602481.702768505,648507.1623527765,585042.1,594095.44
12016667,Driver,2025-04-11 00:00:00+00:00,625000.0,452212.8353483424,486884.5685478084,453749.77300739853,447323.6400729174,445561.34,471221.0
12183118,Farrar,2025-04-13 00:00:00+00:00,650000.0,573765.1372132181,612179.7866887122,600216.4909587913,619632.836024192,601440.8,602809.75
11933178,Darwin City,2025-04-14 00:00:00+00:00,310500.0,350213.2788000863,364344.4322126049,306059.0833696677,314400.94169420144,294432.3,277404.75
11909620,Darwin City,2025-04-14 00:00:00+00:00,570000.0,463195.534937152,488641.08714432316,562098.958176723,569342.196571275,564600.0,561790.4
12017384,Wanguri,2025-04-14 00:00:00+00:00,785500.0,611413.4515291778,660425.9266698692,636619.5225099197,616613.3267953064,625013.1,603407.94
12159246,Zuccoli,2025-04-14 00:00:00+00:00,648000.0,591059.4092639792,637172.1402671501,596993.9620403528,596054.5442885942,584490.06,575967.5
12223288,Zuccoli,2025-04-14 00:00:00+00:00,680000.0,595562.825707357,642403.5818132192,606498.2980795316,613160.6866077363,590815.0,587807.7
12210559,Durack,2025-04-14 00:00:00+00:00,680000.0,697750.3849924612,763844.4131333632,635366.3768675798,661641.9296644437,637680.3,617336.94
12025451,Driver,2025-04-14 00:00:00+00:00,600000.0,514558.5430358234,556679.8918756457,507384.39702016686,536707.8876012034,484791.12,574168.1
11978111,Stuart Park,2025-04-14 00:00:00+00:00,615000.0,838188.8149176223,905142.3539376216,752042.971207974,775354.8638568145,785287.0,862766.94
11896979,Rapid Creek,2025-04-15 00:00:00+00:00,585000.0,569907.3120201158,620961.31508141,575971.2382218073,574174.7497392169,580864.75,580129.56
11771024,Muirhead,2025-04-15 00:00:00+00:00,662450.0,629142.413313114,662777.060504654,658576.3060153016,649117.8169394197,614709.1,628735.9
12225032,Berrimah,2025-04-15 00:00:00+00:00,635000.0,527722.2984363236,555981.0064941491,548965.1769301674,537788.9409995002,529955.2,504470.47
12009246,Ludmilla,2025-04-15 00:00:00+00:00,395000.0,336021.6688698194,367970.9180587937,356697.5253590652,372883.6365856528,303975.97,334368.25
12002493,Bayview,2025-04-15 00:00:00+00:00,770000.0,610241.1113623742,648427.1806862077,602194.6343061557,631835.6179283138,601932.0,684221.2
11939781,Darwin City,2025-04-15 00:00:00+00:00,470000.0,443787.41104649194,467645.04208786594,444223.7742000079,436269.9218784181,397707.88,418105.7
11923257,Bellamack,2025-04-16 00:00:00+00:00,450000.0,395549.63607970456,405978.96055257914,421488.31046727323,414316.8249386962,388146.47,399856.62
12585546,Woodroffe,2025-04-16 00:00:00+00:00,480000.0,404745.0857832122,435381.07112570223,414577.8202199835,402807.60844039056,397270.03,390015.84
12175791,Tiwi,2025-04-16 00:00:00+00:00,625000.0,505143.3774567115,535717.5162868423,505950.3904669048,514360.6019383028,497507.4,502066.88
12049774,Rapid Creek,2025-04-16 00:00:00+00:00,450000.0,333326.45859060844,362293.1187309346,335306.35545359296,329428.0659190285,362502.66,364809.62
12061962,Zuccoli,2025-04-16 00:00:00+00:00,690000.0,637955.8298197044,691798.8542079742,634150.8914500953,636882.5538252608,626097.1,627726.3
11872967,The Gardens,2025-04-16 00:00:00+00:00,550000.0,534153.1269894007,577202.4073862113,549684.7871444769,594284.5627266968,581313.6,597615.75
12049029,Stuart Park,2025-04-17 00:00:00+00:00,352000.0,337296.4546325131,356778.36616536835,295004.72310410347,290542.57070155814,313861.9,296544.94
11478261,Darwin City,2025-04-17 00:00:00+00:00,440000.0,408256.629444843,428715.4631058819,423959.4892248449,436960.5745830751,426271.62,444284.2
11963673,Moil,2025-04-17 00:00:00+00:00,680000.0,654003.1781742001,714451.8400474548,665449.1501292596,657588.4607810172,634266.25,620967.75
11840128,Darwin City,2025-04-18 00:00:00+00:00,484000.0,406189.14816373895,426376.71778342937,442822.32890276506,448727.15169685613,468846.12,492849.75
12253135,Wagaman,2025-04-21 00:00:00+00:00,530000.0,488003.7081543917,512533.11460162175,535831.1406663656,510987.21419490513,479652.44,447728.6
12174487,Leanyer,2025-04-21 00:00:00+00:00,572500.0,512502.91829002247,543329.2351516655,545055.4380937358,534710.7116662201,523026.78,559252.9
12246279,Gray,2025-04-21 00:00:00+00:00,258000.0,225285.4539833593,236900.10946808223,222215.88417556262,220837.4163191291,208401.53,219953.31
12061046,Zuccoli,2025-04-22 00:00:00+00:00,670000.0,594079.7871649527,640680.3244070635,606207.5823209516,615256.1233153458,591436.25,593276.2
12217815,Zuccoli,2025-04-22 00:00:00+00:00,590000.0,565559.4767606818,608941.2378636794,548495.9572199803,582313.9852150963,534519.9,543677.25
11962601,Johnston,2025-04-22 00:00:00+00:00,373001.0,369655.1939596863,405168.24504806433,357140.6521469271,338688.633129834,352467.5,338441.7
11873776,Zuccoli,2025-04-23 00:00:00+00:00,680000.0,616792.4313767867,667108.6596535861,673056.6685506993,677646.0267131812,652727.75,678334.1
11985175,Wanguri,2025-04-23 00:00:00+00:00,700000.0,594208.4639405687,641834.5997002488,643889.632275638,656183.9901666316,645277.06,655937.1
10195292,Humpty Doo,2025-04-24 00:00:00+00:00,255000.0,302201.2438823113,338134.3432771315,308477.3057267027,298426.3309928502,303031.22,294878.25
12133210,Zuccoli,2025-04-24 00:00:00+00:00,600000.0,575697.7572787143,619351.2851318445,599615.3499401655,597293.4679148288,580850.4,567197.5
12204431,Wulagi,2025-04-24 00:00:00+00:00,580000.0,553669.0357604917,609566.9044049428,609154.0698442203,596683.9151804225,540318.5,569965.06
12057718,Leanyer,2025-04-24 00:00:00+00:00,825000.0,632116.8131028515,677362.7848420705,668078.3901747083,687834.8445942128,645555.94,662084.9
12038334,Farrar,2025-04-24 00:00:00+00:00,665000.0,555593.9289200348,591321.2909612417,606980.0852766089,662455.5940496279,595795.9,604776.2
11632966,Rosebery,2025-04-24 00:00:00+00:00,320000.0,311931.583126575,334278.71890813415,302285.36230790045,290475.6463478052,285606.06,274910.16
11858723,Moil,2025-04-25 00:00:00+00:00,660000.0,587285.4988510316,639049.8039990787,636261.556285794,621499.8460036739,579584.9,562422.44
11933003,Darwin City,2025-04-25 00:00:00+00:00,425000.0,408020.7053748308,428448.3154025926,407420.852061897,404462.1271543001,375875.56,404538.75
12028805,Fannie Bay,2025-04-26 00:00:00+00:00,630000.0,496343.746249978,538048.2714916955,532498.8913563702,538360.4327745229,526465.8,524464.3
12238890,Driver,2025-04-27 00:00:00+00:00,330000.0,291644.9747384576,313980.1467345729,304294.9546511849,296566.5162269881,296127.25,277425.12
11940861,Darwin City,2025-04-28 00:00:00+00:00,505000.0,460987.71441509685,486133.0817091197,468725.4140415153,450996.79556704906,447827.25,419175.28
12076172,Woolner,2025-04-28 00:00:00+00:00,410000.0,380839.74225721735,409654.6560189659,394556.0936709833,383856.9388660128,383259.1,411731.53
11956752,Fannie Bay,2025-04-28 00:00:00+00:00,230000.0,348473.53482754185,371390.171167092,303200.2627375866,259448.93295837272,265089.44,252281.05
12223289,Rosebery,2025-04-28 00:00:00+00:00,620000.0,500799.03571894334,536566.5461299841,534540.248867208,528193.2762389154,526103.94,531871.6
12198787,Alawa,2025-04-28 00:00:00+00:00,575000.0,456285.5694839984,474624.8766098715,523893.91779782716,536565.5808999188,495384.94,507231.34
12062658,Stuart Park,2025-04-28 00:00:00+00:00,526000.0,391201.90155801,417515.7359244157,386936.3671496719,379104.1110812058,364192.62,394274.3
12253134,Moulden,2025-04-29 00:00:00+00:00,520000.0,327077.09137068334,360392.5774165743,379380.7118490681,369565.6428819284,351914.66,353223.28
11989808,Darwin City,2025-04-29 00:00:00+00:00,405000.0,313937.35805994313,325536.4678624453,355307.88325213466,387327.4070971322,387727.66,423815.97
11887047,Durack,2025-04-29 00:00:00+00:00,630000.0,551481.0407993521,597226.7793770806,597953.1355251969,577536.4663769223,576552.8,587439.5
12025043,Coconut Grove,2025-04-29 00:00:00+00:00,456000.0,394100.1206694862,430584.3179100799,448349.2578743419,429990.46311212814,430501.62,404564.6
12037101,Nightcliff,2025-04-30 00:00:00+00:00,265000.0,325379.34787892667,342541.7992471801,283617.66259173315,281691.23628242465,261813.97,287988.06
12044455,Berrimah,2025-04-30 00:00:00+00:00,455000.0,432320.682878407,461898.4688147079,440143.17911649443,424073.3547549045,423030.56,437741.28
12044771,Rapid Creek,2025-05-01 00:00:00+00:00,651500.0,555363.4670325008,612186.8571416627,574128.9745891258,562237.219791436,586485.6,580224.2
11787335,Darwin City,2025-05-01 00:00:00+00:00,506784.0,462438.8610922316,498254.203735034,482816.74956170225,475394.73082170216,478179.94,499869.66
12031016,Nightcliff,2025-05-01 00:00:00+00:00,420000.0,379235.1230629548,410381.1647930955,420752.79092924675,413756.60326390335,408558.56,459246.66
12205027,Gunn,2025-05-01 00:00:00+00:00,565000.0,496145.6580855855,547549.5830763946,535201.7108156914,538575.0629716308,522840.28,550319.94
12060738,Leanyer,2025-05-01 00:00:00+00:00,720000.0,565021.4873340746,616008.9943820154,612044.7673951758,628437.3982123958,592588.0,628117.94
12230458,Leanyer,2025-05-01 00:00:00+00:00,600000.0,561212.2684428309,611536.2403457393,615650.3448703052,629447.0785162998,596063.56,619205.44
12079332,Bakewell,2025-05-01 00:00:00+00:00,380619.0,260690.2942764987,288803.4297101598,271564.84528093925,275696.1023171343,263476.38,286784.06
12398127,Durack,2025-05-01 00:00:00+00:00,560000.0,440195.68061017443,480584.02320174413,466010.13144993276,439362.36548015324,430362.47,447705.97
11839638,Larrakeyah,2025-05-02 00:00:00+00:00,680720.0,462841.4724160848,499050.58525621716,507102.5302269532,464848.79260920367,509599.44,529574.75
12415932,Wulagi,2025-05-02 00:00:00+00:00,600000.0,494412.3092447562,552418.9748198882,542250.5004130127,527029.3298082137,514792.78,540184.0
11764529,Parap,2025-05-02 00:00:00+00:00,120000.0,361004.50494486734,384848.1065578712,340895.3941498283,260168.4431990187,237388.3,179905.4
12077666,Bakewell,2025-05-05 00:00:00+00:00,420000.0,321215.3836868366,359662.5405326749,340437.31751826033,314329.0248967172,327721.53,315815.66
12326709,Moulden,2025-05-05 00:00:00+00:00,530000.0,342789.2553805798,387545.84945776995,367157.15446930006,363989.2672399599,350363.5,337421.34
12030770,Fannie Bay,2025-05-05 00:00:00+00:00,317500.0,380521.57676737546,417287.80614419375,319320.81989546237,326360.4343818029,322200.94,325620.5
11944521,Larrakeyah,2025-05-05 00:00:00+00:00,705000.0,475075.1625658579,513274.6428128248,587635.6200764339,628811.2513662169,625435.3,654648.5
11928349,Bakewell,2025-05-06 00:00:00+00:00,375000.0,340389.62199535273,382842.6545593403,350086.0883110897,329968.3116786963,346029.75,323615.38
12333798,Moulden,2025-05-06 00:00:00+00:00,450000.0,303766.7675824607,342001.24266729836,332026.0020864423,310200.8644244675,305158.72,313791.28
11971527,Humpty Doo,2025-05-06 00:00:00+00:00,330000.0,347221.8486442818,398720.8429489212,371493.2387817551,363703.38059337833,355692.97,359617.5
11965477,Darwin City,2025-05-06 00:00:00+00:00,960000.0,530787.6908264661,575037.6457679421,613064.3915072492,595741.5315624095,620583.5,557039.06
11511984,Durack,2025-05-06 00:00:00+00:00,565000.0,496444.2086444635,546878.5668746809,519883.9926612373,509216.61493052443,505183.03,486187.53
11689710,Fannie Bay,2025-05-06 00:00:00+00:00,785000.0,800087.0208530403,889112.443269564,754733.7053673732,784847.6414741934,924231.7,731692.94
12023721,Darwin City,2025-05-06 00:00:00+00:00,312500.0,347707.072306136,369298.05056687095,279650.6173471803,271017.1184811296,271019.22,286811.4
12233911,Wulagi,2025-05-07 00:00:00+00:00,600000.0,506192.80143407674,565369.7868722884,537989.5026989128,537413.5352702569,510987.38,530511.44
12052067,Rosebery,2025-05-07 00:00:00+00:00,335000.0,310643.85825176013,338813.7673753678,300128.67066611577,284181.19857987075,285680.97,273273.3
11645940,Parap,2025-05-07 00:00:00+00:00,385000.0,375490.1629780602,410333.1092900053,401617.71341438714,393790.5495801513,394281.84,418229.3
12284970,Zuccoli,2025-05-07 00:00:00+00:00,640000.0,515824.19109919324,564621.6641880095,548014.7546033589,549454.6057797461,530811.56,553739.8
12079527,Durack,2025-05-07 00:00:00+00:00,635000.0,467899.82073113444,513083.9687707523,502119.0163018948,496038.69822236,491237.4,494421.16
12162109,Muirhead,2025-05-08 00:00:00+00:00,680000.0,622637.3733665628,668606.2591047073,650513.6016720346,655133.6393059869,612672.4,625937.1
9033303,Bakewell,2025-05-08 00:00:00+00:00,390000.0,340887.8575848095,383448.6631860422,359279.00971923984,334728.6247777049,370205.94,363795.84
12192453,Durack,2025-05-08 00:00:00+00:00,675000.0,498628.2857386517,549470.1281488647,522733.0237132029,510280.1534182667,509153.47,516543.53
12196287,Stuart Park,2025-05-09 00:00:00+00:00,395000.0,439966.6991699165,483219.47079192405,430715.8589404444,418727.87678135803,427629.53,422431.1
12035568,The Narrows,2025-05-09 00:00:00+00:00,635000.0,902193.7504509535,1029180.7021760906,727284.6392143324,766941.1238888025,733210.1,750235.56
12091662,Larrakeyah,2025-05-09 00:00:00+00:00,409500.0,407154.7798622466,436934.68867565657,407164.24599292874,424230.8533438862,404920.88,394776.25
12075582,Jingili,2025-05-09 00:00:00+00:00,675000.0,484826.6565873157,541296.5856339987,535459.9922090274,505327.3726595083,498587.97,514678.9
12129149,Bakewell,2025-05-09 00:00:00+00:00,635000.0,597459.3362840677,674786.1744788974,548874.8028892281,529025.4195692522,508128.03,560363.3
12061314,Johnston,2025-05-09 00:00:00+00:00,405000.0,369049.51084504294,411486.60008400865,358634.9100267031,344031.4194963852,358067.9,342528.47
11915358,Bellamack,2025-05-09 00:00:00+00:00,695000.0,720665.9173900947,774037.5899636374,635337.0575475764,650731.8254957817,646999.4,678093.56
9176057,Bellamack,2025-05-09 00:00:00+00:00,525000.0,419058.9784704376,453095.5059188898,418345.0729695804,416741.41009335435,455601.94,385057.22
12066039,Nightcliff,2025-05-10 00:00:00+00:00,891000.0,698639.3103081854,763942.2123770886,689484.981874014,654183.7166818695,645712.3,676549.75
12297465,Zuccoli,2025-05-11 00:00:00+00:00,685000.0,604638.5722770556,666555.5909549267,620391.4700345413,631700.4248574965,603248.56,615319.7
12364784,Leanyer,2025-05-11 00:00:00+00:00,685000.0,544632.1428802481,593397.0156401988,553990.0043196818,532598.3042071268,501349.16,540429.3
12359501,Woodroffe,2025-05-11 00:00:00+00:00,530000.0,400978.26526035566,439525.72793445596,402809.68323210394,398646.6620957179,398102.9,400201.1
12253949,Karama,2025-05-11 00:00:00+00:00,560000.0,408928.9791831735,447838.8655433671,454022.0853831497,439556.97839962534,438405.97,442490.03
11861044,Johnston,2025-05-11 00:00:00+00:00,370000.0,368603.87839062297,410951.07519434276,356629.4874851192,338622.7797323511,352855.28,344674.8
11881117,Darwin City,2025-05-12 00:00:00+00:00,425000.0,309809.1852791705,327817.42785785825,347161.0340472137,393948.83286997804,388270.12,438441.5
11622144,Stuart Park,2025-05-12 00:00:00+00:00,509850.0,450895.51289799047,496162.80118018604,511022.0706855826,566411.7267065746,518105.0,581881.6
12098072,Wanguri,2025-05-12 00:00:00+00:00,842000.0,758170.9227221453,839893.1106441263,678202.8338479665,677571.9694810946,689113.0,685011.25
12205026,Wulagi,2025-05-12 00:00:00+00:00,572500.0,493101.48658219597,550841.9787029801,531242.1124715711,541879.7986466294,505390.72,521697.2
11948966,Moil,2025-05-12 00:00:00+00:00,620000.0,445756.08668783726,489410.18920308247,514765.82529688143,508555.4519908401,467432.22,461663.16
12116017,Karama,2025-05-12 00:00:00+00:00,617500.0,514468.754372903,570365.4992885066,557794.9144086085,579713.102660109,526397.0,549740.3
11981164,Darwin City,2025-05-13 00:00:00+00:00,465000.0,394225.06322233164,422652.61586132296,369979.5335951677,398823.1489325907,410434.25,441817.47
12263939,Rosebery,2025-05-13 00:00:00+00:00,510000.0,394032.76604175474,435476.2392722822,408398.7925883975,404664.9481404654,413785.9,374556.94
12222320,Stuart Park,2025-05-13 00:00:00+00:00,392000.0,391316.28104168805,428121.48533381085,389681.8678663763,391606.9942974595,364898.72,401528.06
12261788,Marrara,2025-05-13 00:00:00+00:00,325000.0,336650.81107797683,365421.70938131295,307789.1068536827,308875.8509708048,303571.53,328276.75
12120936,Bakewell,2025-05-13 00:00:00+00:00,660000.0,475007.8011307548,531128.0433235976,478076.6455686202,468347.73846799484,444287.12,458519.34
11783276,Nightcliff,2025-05-13 00:00:00+00:00,360000.0,328078.97202235705,351952.52808204544,311334.81293001137,299981.8830792646,306771.75,358191.9
12211682,Leanyer,2025-05-14 00:00:00+00:00,585000.0,501022.8509218501,541356.7272560619,545093.6139843129,536928.0850308356,517304.7,562920.94
11967230,Larrakeyah,2025-05-14 00:00:00+00:00,460000.0,462346.11788902147,498475.19069745176,481339.82753487874,427830.57176213904,477754.66,419204.47
12333799,Driver,2025-05-14 00:00:00+00:00,535000.0,399172.88226417237,433712.9455984013,413523.9376245002,403729.60765826434,409292.5,439222.0
12333800,Gray,2025-05-14 00:00:00+00:00,600000.0,475367.3786623356,518071.8198655398,476682.0470942412,472802.35980021534,451462.3,487727.03
12133209,Rosebery,2025-05-14 00:00:00+00:00,600000.0,527217.039156282,574400.6502346235,577158.709572691,533269.79344088,564398.6,552869.2
12080477,Lyons,2025-05-14 00:00:00+00:00,822000.0,737571.3627923585,790921.1870626678,752924.3792262824,762482.3949707722,746629.7,754655.2
12119815,Driver,2025-05-15 00:00:00+00:00,495000.0,357050.93888362154,386613.3121989092,354582.01409671444,311178.4266377717,320766.4,356364.56
12298439,Malak,2025-05-15 00:00:00+00:00,490000.0,424396.08247845003,464940.0964102272,500214.0762572473,504171.347714056,490329.38,507645.12
12255440,Fannie Bay,2025-05-15 00:00:00+00:00,330000.0,382505.3516585284,419631.6542171349,340032.8442053256,347251.2524662638,344946.75,333785.53
12918978,Zuccoli,2025-05-15 00:00:00+00:00,550000.0,423488.5981966078,471204.0893410152,441833.79868172586,428691.1170455793,440233.1,440536.3
12059987,Moil,2025-05-15 00:00:00+00:00,780000.0,629070.8286437871,705203.6608361542,638586.1745796843,609049.4496631228,539830.75,570207.0
12116420,Durack,2025-05-15 00:00:00+00:00,680000.0,511151.36151897215,564352.2115336362,532013.8360610327,525964.4767827952,511649.1,502909.8
11201003,Larrakeyah,2025-05-15 00:00:00+00:00,369500.0,347905.18926931144,369768.7168448863,289641.19602485636,279934.5909380205,270746.44,285877.47
12013068,Darwin City,2025-05-16 00:00:00+00:00,530000.0,406471.3440472883,435857.1773497543,425060.0407428399,435298.1079557031,420034.44,457183.66
12245552,Johnston,2025-05-16 00:00:00+00:00,390000.0,337608.28805282037,375788.59142573277,354935.0059283773,339500.9435045675,353264.03,370554.22
11855445,Larrakeyah,2025-05-16 00:00:00+00:00,590000.0,464194.6897876366,500622.89540780213,530246.1018041245,517430.7060440596,555798.44,529397.0
12151408,Johnston,2025-05-16 00:00:00+00:00,530000.0,385919.458847594,431785.69767148374,406244.12870525464,402971.34352275974,412509.3,405963.7
12162030,Leanyer,2025-05-16 00:00:00+00:00,820000.0,629853.5459150056,688906.8912129693,665365.2930903181,678411.4451270662,644363.9,696686.4
11844166,Farrar,2025-05-16 00:00:00+00:00,645000.0,559142.4577260531,609208.8727648618,597377.5632628761,620826.1757519292,593239.94,580252.44
11053824,Woolner,2025-05-16 00:00:00+00:00,515000.0,428681.01651219267,472486.5580862511,447642.326862725,425582.8509988239,431709.94,434876.47
12140796,Johnston,2025-05-18 00:00:00+00:00,490000.0,394894.38614901295,441643.20365772245,399651.2468985017,397574.810685471,425202.16,404891.9
12275648,Johnston,2025-05-18 00:00:00+00:00,440000.0,384329.8436339467,429869.96984383604,401224.7380168824,398939.7040187004,413490.06,399795.97
12062712,Bayview,2025-05-19 00:00:00+00:00,448000.0,518398.96670603915,560196.7467374576,529419.0442378097,578481.6761001919,525112.94,557058.2
12091904,Muirhead,2025-05-19 00:00:00+00:00,760000.0,735913.5966261014,796388.8038297402,756684.9547969633,778697.0659512023,765740.0,813710.1
12090821,Rosebery,2025-05-20 00:00:00+00:00,680000.0,554914.7957726419,606122.9208169852,542015.0667183987,548744.1835835951,544370.9,528106.1
11951252,Darwin City,2025-05-20 00:00:00+00:00,151000.0,300895.83910784527,318365.5546368994,215117.9840001257,190447.97766449014,181631.77,184354.88
12111565,Karama,2025-05-20 00:00:00+00:00,568000.0,508419.40730420646,563145.3308088485,558389.2212772678,565238.1207831578,520059.4,517821.97
11812996,Muirhead,2025-05-20 00:00:00+00:00,950000.0,808541.7982173843,876823.1146373267,745548.693524028,775945.9322791403,741674.7,730988.5
10195275,Darwin City,2025-05-20 00:00:00+00:00,470000.0,391932.0952602791,420005.7091702529,387517.47454712965,385470.1128571988,374761.34,410697.0
12151409,Millner,2025-05-20 00:00:00+00:00,350000.0,283205.75675005425,311633.07552688615,291279.34083080717,297552.2830530338,287421.2,315470.38
11990840,Darwin City,2025-05-20 00:00:00+00:00,475000.0,406900.17723374447,436352.8091622587,417731.01001099125,416784.1626743966,398251.75,461045.0
12138505,Muirhead,2025-05-20 00:00:00+00:00,800000.0,652709.1473276789,703457.3481662864,667170.7823231363,669846.4850720856,650827.0,667268.75
12130650,Alawa,2025-05-20 00:00:00+00:00,621750.0,468502.56253628485,491518.49641340337,532202.6911494663,527957.0735996903,493076.34,495811.75
12025622,Berrimah,2025-05-21 00:00:00+00:00,465000.0,430512.0504192093,467030.3606329374,428936.5390928385,404228.37265223253,419520.4,433636.53
12112155,Moil,2025-05-21 00:00:00+00:00,785000.0,465996.34588315844,507208.7095822916,517818.0058692514,494783.9749056059,472140.9,521330.62
12119157,Woolner,2025-05-21 00:00:00+00:00,490000.0,447023.4956073502,490493.4838315451,517550.52649962314,586656.2784841483,497655.94,543550.75
12333797,Zuccoli,2025-05-21 00:00:00+00:00,800000.0,609425.6453069673,667065.3046909572,637827.8241287118,663155.8265457443,617544.8,627977.8
12099352,Muirhead,2025-05-21 00:00:00+00:00,818000.0,735809.0699972213,790132.7789007393,738816.6493617117,744718.3075408541,755847.25,761551.0
12285078,Zuccoli,2025-05-21 00:00:00+00:00,635000.0,515039.8263874529,559355.6586542976,548134.2634203271,550797.7846886214,531444.2,548083.5
12284877,Rosebery,2025-05-21 00:00:00+00:00,512000.0,364365.12384205597,397175.22463508014,395052.22973097244,410998.6573904503,389741.8,404822.4
12297464,Millner,2025-05-21 00:00:00+00:00,205000.0,249452.75462329466,271118.3845408998,225139.00979150576,181855.288096692,178828.1,178140.25
12132479,The Gardens,2025-05-21 00:00:00+00:00,406000.0,521627.74819723907,572940.8617099179,375937.7455888874,367499.57297097606,393072.9,398200.5
12096094,Darwin City,2025-05-21 00:00:00+00:00,412000.0,407692.76474042813,433899.7642963122,413430.24063986784,393909.4864901182,400929.22,403484.97
12096051,Farrar,2025-05-21 00:00:00+00:00,542000.0,474603.3732940204,507930.34588715417,481132.6324924781,480493.78236047155,466226.16,453682.5
12010555,Millner,2025-05-22 00:00:00+00:00,665000.0,393151.26579915965,436931.4299300619,507377.1568040626,607609.0504961847,529444.5,586558.94
11871444,Larrakeyah,2025-05-22 00:00:00+00:00,845000.0,444507.00133181096,475147.860290641,418185.63094010326,421705.8812100632,404261.06,397309.06
12145871,Moil,2025-05-22 00:00:00+00:00,305000.0,263420.78490146884,281188.8025865744,429782.0694873701,402318.79652010684,357535.25,354582.1
11986063,Darwin City,2025-05-22 00:00:00+00:00,775000.0,457301.5072054464,488501.1219118367,559459.6646612735,684628.8781157777,611831.56,688879.06
12070625,Coconut Grove,2025-05-22 00:00:00+00:00,405000.0,349937.8525996475,382755.0252439595,388603.5420634087,407137.7278211056,376966.88,386140.56
12284971,Driver,2025-05-22 00:00:00+00:00,300000.0,239456.7082770856,257477.22509193327,256953.49977496208,246319.68405471355,246663.14,249829.34
12297471,Leanyer,2025-05-22 00:00:00+00:00,315000.0,299090.41316865024,320395.443169816,302348.582257207,295515.02331306704,303057.25,296339.4
12284876,Bakewell,2025-05-22 00:00:00+00:00,340000.0,326716.1665920715,363595.6524679463,286338.2481026145,275137.3721079102,295251.66,244509.6
11797073,Darwin City,2025-05-22 00:00:00+00:00,417000.0,407432.6179606037,433601.62728665647,421841.9178404681,421761.64700011385,421828.44,437542.6
12118561,Darwin City,2025-05-23 00:00:00+00:00,670000.0,408269.48952441063,434560.95026878326,410549.5447006097,387518.324794295,396134.3,387849.72
12119209,Bellamack,2025-05-25 00:00:00+00:00,290000.0,325082.25094981416,343774.34856138064,291843.13958485815,272432.5718235161,287761.0,276917.6
12110947,Zuccoli,2025-05-25 00:00:00+00:00,720000.0,521792.82089037914,567260.961549365,556654.1875674069,557566.501541477,547108.0,539879.6
12158156,Tiwi,2025-05-25 00:00:00+00:00,735000.0,556595.8419943674,601449.9780726822,579079.1836162339,605683.8426785149,569391.94,581017.7
12407434,Bakewell,2025-05-25 00:00:00+00:00,335000.0,257835.95237053753,283200.18731441663,270727.3469207533,270730.726784241,255994.52,264817.56
12230007,Johnston,2025-05-25 00:00:00+00:00,425000.0,348919.63858785294,384497.66402727657,367668.738808486,375246.36055036186,375666.28,384526.56
12153600,Durack,2025-05-25 00:00:00+00:00,350000.0,286117.82990224595,305941.1285854946,344729.29515646526,314755.1112727574,311919.94,321232.66
12917387,Zuccoli,2025-05-26 00:00:00+00:00,565000.0,423532.73370105505,467627.0376487166,437929.1776690133,426725.05155412486,437495.88,440536.3
12000322,Millner,2025-05-26 00:00:00+00:00,340000.0,282422.9295135911,307635.8439572008,305899.3859227613,294882.04962153704,290257.3,293406.94
12010520,Farrar,2025-05-26 00:00:00+00:00,730000.0,572299.8046120811,619854.4781251815,599317.7201136014,612409.9277931539,604716.8,595506.2
11941721,Bayview,2025-05-26 00:00:00+00:00,950000.0,962046.4226084921,1031637.1505452369,765559.9630294445,762487.27402632,796900.75,813434.7
12169892,Rosebery,2025-05-26 00:00:00+00:00,675000.0,575884.5938418382,626854.7796222073,600155.1003205373,623046.2696881274,593907.4,622165.7
12116734,Bakewell,2025-05-26 00:00:00+00:00,425000.0,330223.9180681002,367687.93100353517,358382.61889406655,326137.7348266676,357186.97,354063.72
11980530,Wanguri,2025-05-26 00:00:00+00:00,650000.0,597319.9535832796,655105.8206865265,632240.3033159435,621084.5515494429,609653.8,595672.06
12057804,Rapid Creek,2025-05-26 00:00:00+00:00,335000.0,379025.9305931197,418530.73078225274,330584.9470458102,312114.7591776693,321203.53,325527.38
11658131,Darwin City,2025-05-26 00:00:00+00:00,500000.0,379649.1459431242,403600.36175396194,286480.50628464203,247050.5971738488,287218.44,347042.03
11338774,Brinkin,2025-05-27 00:00:00+00:00,760000.0,593139.8975132762,650387.0484848836,521234.66518942703,510470.1814778859,547565.25,558653.7
11965268,Ludmilla,2025-05-27 00:00:00+00:00,835000.0,1080424.8893540439,1244949.8354441267,725664.6318739619,777540.4641771546,761418.8,698437.94
12121780,Coconut Grove,2025-05-27 00:00:00+00:00,720000.0,852789.4245573833,953367.9401221976,710013.730654102,725707.5363709278,737879.06,707697.4
12333726,Bellamack,2025-05-27 00:00:00+00:00,750000.0,726084.9940990858,779162.2985765666,635776.4975289166,643397.0661815023,651247.3,643439.7
11989621,Parap,2025-05-28 00:00:00+00:00,465000.0,388756.884094405,422689.9714012981,425536.9292636602,418971.0301372684,458977.84,495596.16
12253319,Millner,2025-05-28 00:00:00+00:00,415000.0,291857.4505024415,318720.4151543612,331061.5004602273,324839.85401066474,334010.34,347871.75
11902192,Howard Springs,2025-05-28 00:00:00+00:00,530000.0,481551.85500033444,516915.4376642623,495774.4412429523,552439.0825906058,529186.0,521074.16
12333727,Durack,2025-05-28 00:00:00+00:00,730000.0,551224.1705648879,604308.2195277029,622540.3545482608,622731.466705951,588346.6,621534.7
12154710,Larrakeyah,2025-05-28 00:00:00+00:00,810000.0,467108.39815995976,500125.72377718374,577570.3780591429,621123.8531122352,614211.0,652121.1
12038065,Larrakeyah,2025-05-28 00:00:00+00:00,430000.0,348198.58479742275,367253.7796258347,292863.7864418194,283199.4576250321,271980.34,283909.3
12024689,Bakewell,2025-05-28 00:00:00+00:00,415000.0,330223.5848363677,367687.4157944253,357468.1653526612,326211.6950927843,357186.97,353375.56
12148728,Muirhead,2025-05-29 00:00:00+00:00,740000.0,719983.3398972698,771841.0731716955,726351.0366935527,725293.4347512051,714650.56,702941.1
12107276,Wulagi,2025-05-29 00:00:00+00:00,650000.0,498177.19755750033,552660.7798120201,535070.9040225332,538548.5660181432,506205.9,541043.5
12098008,Stuart Park,2025-05-29 00:00:00+00:00,512500.0,448986.891650847,490096.7400090433,504014.3931934317,531511.7840401769,489099.22,512998.06
12113701,Alawa,2025-05-29 00:00:00+00:00,800000.0,677269.430764832,719655.5440288583,668204.8694787563,657560.6387662179,623581.9,604411.2
12119974,Johnston,2025-05-29 00:00:00+00:00,325000.0,327280.7942433103,360619.4694289817,315820.05586793774,286417.56014790275,293051.78,287660.3
12112179,Bakewell,2025-05-29 00:00:00+00:00,300000.0,250768.59174574245,274845.7665713154,245029.4927297373,235143.95009879352,235898.8,236009.28
12183430,Farrar,2025-05-30 00:00:00+00:00,950000.0,978784.3450668106,1084243.9048395986,671811.1708672494,728168.077535043,726446.94,700799.2
10959122,Rosebery,2025-05-30 00:00:00+00:00,317000.0,302824.63855506043,327814.6103132823,293695.44168607995,290481.91462814965,253898.92,279999.12
11958206,Nightcliff,2025-05-30 00:00:00+00:00,235000.0,295651.0029712341,314510.7117362314,208770.03562963387,180431.4261822577,145425.81,143658.92
12102487,Zuccoli,2025-05-30 00:00:00+00:00,715000.0,577741.2681297293,629781.0180830929,627746.4237962407,630620.5271426985,620982.5,610365.9
12096298,Bellamack,2025-05-30 00:00:00+00:00,425000.0,379192.4922903897,403700.870702758,374701.8624898684,380418.54388461384,394977.72,386624.0
12235390,Wanguri,2025-05-30 00:00:00+00:00,585000.0,472740.16166428017,511990.7705469453,529090.9216230335,520780.8502087943,504784.25,515136.06
12237639,Leanyer,2025-05-30 00:00:00+00:00,375000.0,303249.0504295387,325198.31762129336,309856.83180820884,300520.4344167884,319526.22,312748.9
12043178,Coolalinga,2025-05-30 00:00:00+00:00,770000.0,614365.0472565364,658965.3126632238,619778.8171359171,554237.8148337059,585072.8,631100.4
12220005,Bellamack,2025-05-30 00:00:00+00:00,462500.0,386158.19429100526,411696.14761770284,392412.2962452245,401131.19316497346,413733.84,414351.4
12127714,Fannie Bay,2025-05-31 00:00:00+00:00,890000.0,518832.41267649335,573842.4021312528,606965.6561286541,620188.1884415509,620326.1,615624.9
11528162,Fannie Bay,2025-06-02 00:00:00+00:00,740000.0,411652.75647039246,452466.322212307,484544.4879376421,469341.7770651745,553232.0,441542.0
12018591,Coconut Grove,2025-06-02 00:00:00+00:00,350000.0,317827.00834603753,352852.0502662949,339484.9824040124,321421.0391534856,325125.6,344769.8
12177465,Stuart Park,2025-06-02 00:00:00+00:00,390000.0,391181.30502431974,430023.3366091521,384943.3227616237,376460.2855565609,366258.06,382300.12
12148729,Marrara,2025-06-02 00:00:00+00:00,330000.0,339523.56489312596,370774.80790640094,320790.4835953804,314851.6153500496,325903.53,345974.97
12166061,Johnston,2025-06-02 00:00:00+00:00,670000.0,565196.0544206965,630551.6843762904,590166.6787211063,570585.000572912,596470.75,602335.7
11856078,Johnston,2025-06-02 00:00:00+00:00,386000.0,368127.15245519765,411875.2583283371,354946.51294667675,337258.6053932503,356534.53,343214.16
12320028,Moil,2025-06-02 00:00:00+00:00,570000.0,442676.79471918044,489290.58108333545,517340.4386425135,518595.24410924077,461490.2,480210.84
10063161,Darwin City,2025-06-03 00:00:00+00:00,551000.0,400232.9489939984,431820.45721657854,411840.3034490344,388507.7448019163,431089.12,419170.88
12119183,Leanyer,2025-06-03 00:00:00+00:00,740000.0,759284.157335174,842143.2087517158,672336.0577169193,687038.4499628948,693299.44,708389.5
12179992,Rosebery,2025-06-03 00:00:00+00:00,610000.0,571461.9290871379,628537.5928775824,550268.9388448909,544838.1236365369,549736.1,539862.6
12051167,Johnston,2025-06-03 00:00:00+00:00,530000.0,374406.5021305535,419449.0428599494,385232.49642926245,383823.9611014434,399186.4,392693.0
12088532,Anula,2025-06-03 00:00:00+00:00,340000.0,287959.97336853517,320696.4717531652,306817.60987457563,298950.02882727934,292608.03,301425.78
12089926,Driver,2025-06-03 00:00:00+00:00,350000.0,299724.4678966373,331063.82681391545,324329.8842178415,302755.44369202794,320431.0,299659.06
12430123,Moulden,2025-06-03 00:00:00+00:00,450000.0,340352.1659403919,388434.02074944566,377560.1813135154,373379.4181008621,356074.12,371284.7
12167444,Rosebery,2025-06-04 00:00:00+00:00,355000.0,311368.390041728,341999.3553240766,305380.7702159732,290399.22302877746,286375.47,287690.5
12076156,The Narrows,2025-06-04 00:00:00+00:00,550000.0,519838.20790194825,587054.3814773724,561808.3713392726,539405.5637242778,545094.06,538607.9
12146688,Leanyer,2025-06-04 00:00:00+00:00,405000.0,316350.2553893337,345368.71807731927,315816.36809525854,308828.00846108416,343447.28,331054.72
12141312,Gunn,2025-06-04 00:00:00+00:00,660000.0,536574.8465896876,596780.0052890894,583284.45937536,592268.5936453234,570157.56,590337.4
12520878,Moulden,2025-06-04 00:00:00+00:00,535000.0,365151.1989656071,417173.1297379466,381090.37198431825,364045.62838449964,362754.4,382554.7
12054227,Coconut Grove,2025-06-04 00:00:00+00:00,310000.0,276840.1954520988,305664.25635725335,283408.26914254593,227349.15007212368,229928.2,223962.78
12284837,Malak,2025-06-04 00:00:00+00:00,580000.0,422080.91466118215,465999.57855435775,492136.5196869186,473688.0622869266,475572.66,457706.28
12169428,Bakewell,2025-06-04 00:00:00+00:00,270000.0,246933.26264529937,272229.2431953244,234649.53044041625,226551.32087464642,225044.64,216650.23
12172872,Larrakeyah,2025-06-04 00:00:00+00:00,720000.0,461756.0468448696,504700.41959870554,510062.4389500195,490863.39650345856,509472.6,524241.28
12130009,Karama,2025-06-04 00:00:00+00:00,610000.0,571033.6756307017,642167.4035745622,592568.83333775,645423.4650319373,558612.1,540098.5
12122472,Darwin City,2025-06-04 00:00:00+00:00,540000.0,463745.03413935023,503460.38766402897,598997.130386993,568957.3130584124,607499.44,600091.5
12343823,Johnston,2025-06-05 00:00:00+00:00,465000.0,396944.43507921556,446712.1921628218,422163.9319485402,406308.2265352482,435732.06,439298.7
12157191,Darwin City,2025-06-05 00:00:00+00:00,295000.0,298312.11896873673,317750.8828094234,232734.03525055683,230642.15774397436,217094.9,242412.28
12198007,Gunn,2025-06-05 00:00:00+00:00,550000.0,456320.51794397074,503806.9864576354,496495.28202088637,481371.0437900621,470180.47,479910.06
11936517,Darwin City,2025-06-05 00:00:00+00:00,385000.0,393130.99176850956,424501.06251321884,381650.75299321645,377205.6956836539,377402.5,398469.44
12396113,Gray,2025-06-05 00:00:00+00:00,415000.0,398030.78867122275,431142.75271890184,386531.514816656,391781.13788893854,380488.75,405678.84
7885997,Fannie Bay,2025-06-05 00:00:00+00:00,565000.0,464350.4427387911,519922.54017932323,505180.22478346433,512529.64981881523,526850.0,567654.75
12170331,Other,2025-06-05 00:00:00+00:00,810000.0,552537.110506648,613883.429062679,728704.0115566233,719018.151160971,753046.25,795999.94
12186136,Rosebery,2025-06-05 00:00:00+00:00,365000.0,309642.958703714,339958.15443385346,297845.1429934099,278048.27493247995,283177.3,280052.0
12121080,Nakara,2025-06-05 00:00:00+00:00,640000.0,585379.9083730105,664912.3065179455,636566.3126002083,610569.8544516197,622537.9,622495.7
12183904,Jingili,2025-06-05 00:00:00+00:00,630000.0,643656.9387746864,736662.1472705327,688057.122354784,676075.5609672383,661823.5,633848.44
11946135,Karama,2025-06-05 00:00:00+00:00,320000.0,235037.91842771228,258098.7172502232,249454.30508164418,236796.59064588769,227161.47,236566.11
11695664,Darwin City,2025-06-06 00:00:00+00:00,850000.0,461503.01850998105,500838.66472739674,604110.6477333556,749043.4903089813,721033.6,793458.6
12008030,Stuart Park,2025-06-06 00:00:00+00:00,630000.0,440731.76694571215,486455.6005682684,453203.5020719077,426804.3138587659,436521.47,459817.28
12334068,Durack,2025-06-10 00:00:00+00:00,715000.0,485512.4997804247,538207.3262762291,519539.14865260804,501527.0050540938,504599.9,526036.2
12342366,Parap,2025-06-10 00:00:00+00:00,350495.0,297609.0730701269,322938.972602924,304852.6562838788,286058.46193219855,341909.03,375621.5
12158214,Jingili,2025-06-10 00:00:00+00:00,720000.0,540003.8311321224,614209.2399717051,648170.9465368895,657118.3782833982,598211.6,662518.8
12149215,Nightcliff,2025-06-10 00:00:00+00:00,480000.0,326250.1079186573,352474.4912734266,302326.1112213734,300616.8164433873,335765.94,361700.12
12154438,Leanyer,2025-06-10 00:00:00+00:00,777500.0,706493.350676442,782668.1017904286,681557.5451906924,695150.4346990148,664098.4,716722.75
12396039,Nightcliff,2025-06-10 00:00:00+00:00,480000.0,379777.34742180625,413005.60155124974,366995.9763788205,395629.2311005909,355555.28,443720.16
12126868,Berrimah,2025-06-10 00:00:00+00:00,460000.0,415695.9738268697,459232.1353530746,416041.6867884985,384187.773494647,395181.16,414523.3
12334069,Farrar,2025-06-11 00:00:00+00:00,575000.0,494224.6480009101,540301.1675799539,563768.8246616838,585161.1952386034,539176.25,529045.25
11287127,Fannie Bay,2025-06-11 00:00:00+00:00,600000.0,512629.3985779459,579469.1358879565,579318.7835342799,624436.0527517755,613641.3,627629.94
12158220,Ludmilla,2025-06-11 00:00:00+00:00,850000.0,708601.1815213664,805834.9980563932,742676.1757222221,773803.7264779645,647205.5,697062.5
12192250,Darwin City,2025-06-11 00:00:00+00:00,360000.0,307595.15786183055,327696.3308580024,266983.73287627334,299384.65670226497,281800.66,307061.22
12133842,Darwin City,2025-06-11 00:00:00+00:00,313000.0,349355.9022997215,373926.28813244513,316661.8611885061,315532.00876393553,316053.38,336484.0
12094863,Lyons,2025-06-12 00:00:00+00:00,926000.0,993738.7156917807,1090336.9131867448,777348.6688628811,785295.825633983,805789.3,807574.1
12306920,Moulden,2025-06-12 00:00:00+00:00,470000.0,322433.7718725849,368058.9043959125,323926.57362191513,302833.1147576547,279177.1,299562.78
11972545,Driver,2025-06-12 00:00:00+00:00,337000.0,290158.7499443794,320397.3440166825,305424.56864021794,299503.1663875668,295773.6,297908.1
11710801,Darwin City,2025-06-12 00:00:00+00:00,531000.0,406079.178043279,438619.29230721714,478501.93243579665,569659.9398385133,528487.0,557184.1
12133211,Gray,2025-06-12 00:00:00+00:00,333000.0,226364.72678842404,245136.18294496392,233130.58648575316,237371.12396605694,221721.98,239716.31
12188572,Rosebery,2025-06-12 00:00:00+00:00,700000.0,540421.2349838676,594435.3851070057,548379.0076738745,563355.2679943554,544952.1,564163.5
11494261,Larrakeyah,2025-06-12 00:00:00+00:00,359000.0,389592.1015619738,423377.43366273766,368466.0494574437,364852.3441458226,371120.4,381876.7
12178185,Bellamack,2025-06-13 00:00:00+00:00,760000.0,623070.7446715301,670602.0688091235,637991.7820061268,686929.1157439798,644121.8,669457.0
12190422,Driver,2025-06-13 00:00:00+00:00,530000.0,360978.5264241097,392029.3281675743,405122.96646037017,402776.7599872304,391776.9,429273.75
12044772,Bakewell,2025-06-13 00:00:00+00:00,335000.0,277670.8928168018,307309.44574340654,268590.2893338387,242522.433251536,272783.53,273438.06
11966042,Darwin City,2025-06-13 00:00:00+00:00,500000.0,407295.7747140258,440035.38296958257,420822.91473787377,416774.5153317871,413217.28,434281.72
11919810,Larrakeyah,2025-06-13 00:00:00+00:00,515000.0,408696.8007686658,444808.1932336362,416803.7126732531,432082.10551773815,395568.78,411287.28
12190829,Woolner,2025-06-14 00:00:00+00:00,440000.0,388165.83423228114,430012.51192835846,390212.47412119014,384573.25890445703,389618.8,407182.75
12370475,Zuccoli,2025-06-15 00:00:00+00:00,650000.0,514625.0659553813,567581.037933278,546304.1095518621,541475.0516464848,531326.1,529879.4
12070336,Darwin City,2025-06-15 00:00:00+00:00,320000.0,378664.5865893015,408592.33940895554,287642.16917792085,243558.50901974688,256378.1,290098.72
12184814,Muirhead,2025-06-15 00:00:00+00:00,725000.0,633544.1911394502,686083.8557495802,661338.8762840023,647361.5256760764,621620.7,655482.5
12343824,Durack,2025-06-15 00:00:00+00:00,715000.0,553333.9177654795,616422.6259927517,604451.8178269238,612551.9073433445,582470.1,614093.9
12180832,Rapid Creek,2025-06-16 00:00:00+00:00,485000.0,327853.83748977503,364212.748340611,322824.3569387939,317558.673378587,323641.9,333655.06
11946893,Darwin City,2025-06-16 00:00:00+00:00,340000.0,308438.0043940205,328663.69379617646,281053.2630068902,314592.1314125091,270344.7,283146.53
12142639,Darwin City,2025-06-16 00:00:00+00:00,275000.0,307694.8473019196,327810.98234560376,272799.4092404043,273765.6888266848,275794.06,288263.66
12155971,Darwin City,2025-06-16 00:00:00+00:00,482000.0,457470.96447732544,496126.6906007172,488422.29505086323,466366.47662095696,459138.5,499004.7
12211090,The Gardens,2025-06-16 00:00:00+00:00,460000.0,396157.1114104517,433496.90814159566,328174.2037051764,325592.034476471,343065.6,384380.28
11846932,Brinkin,2025-06-16 00:00:00+00:00,455000.0,387314.28388712916,430682.5498518954,387488.36432349886,408388.2534059127,434087.1,417077.8
12118559,Rosebery,2025-06-16 00:00:00+00:00,560000.0,456681.83208361187,498172.480859078,469412.0360107098,443824.18540171254,449130.03,453106.97
11953882,Coconut Grove,2025-06-16 00:00:00+00:00,580000.0,404601.7235866782,455140.84172903287,526668.3753141436,586245.8062950282,518669.1,566835.2
12204987,Bakewell,2025-06-16 00:00:00+00:00,409000.0,255316.05831770328,282198.7762418625,268893.1836898523,262534.07829083863,253896.5,247862.94
12359418,Johnston,2025-06-17 00:00:00+00:00,480000.0,391844.19329706463,440531.7162805373,414289.17929616227,397722.85961515363,426069.22,428061.22
12323429,Wagaman,2025-06-17 00:00:00+00:00,580000.0,442899.65615711693,470538.45576671686,495240.71282720193,509569.58087083115,470136.97,551086.75
12207820,Rosebery,2025-06-17 00:00:00+00:00,410000.0,314471.88440636336,345674.32334252837,320906.1272381181,324568.9051900958,325942.06,318497.0
11934529,Bayview,2025-06-17 00:00:00+00:00,600000.0,517498.43660115096,563974.6522990696,574425.3165378033,654552.0737378704,547344.4,626911.5
12321604,Karama,2025-06-17 00:00:00+00:00,480000.0,393768.0587659615,433738.4039683833,429624.31317549344,423774.19149038615,378938.88,439748.44
11722039,Stuart Park,2025-06-17 00:00:00+00:00,390000.0,336896.91817583714,367824.17630207003,272878.07382443023,238435.14023273924,252693.53,240316.48
12180013,Gunn,2025-06-17 00:00:00+00:00,630000.0,520234.52182499826,577224.6585262258,569452.4697897406,549508.9757624574,559159.56,584497.3
9010854,Parap,2025-06-17 00:00:00+00:00,350000.0,289689.3128218601,314379.2546704428,278374.2773109304,299040.6092593091,313944.25,380514.53
11802968,Darwin City,2025-06-17 00:00:00+00:00,408000.0,391141.21906395914,422186.84367817006,406040.60783563665,425287.7629842885,387692.2,442897.44
12302797,Woolner,2025-06-17 00:00:00+00:00,425000.0,428332.8975292523,475666.73709323537,442599.1157502413,420718.36262111936,427384.1,410374.0
12205940,The Gardens,2025-06-18 00:00:00+00:00,666000.0,548318.4809724208,609215.3076247731,578579.9055780554,634617.6960724775,606018.7,731913.44
11902177,Darwin City,2025-06-18 00:00:00+00:00,472000.0,444061.5371834546,481532.906260887,446825.0008157253,449447.3264183467,422522.56,415451.0
12205434,Ludmilla,2025-06-18 00:00:00+00:00,950000.0,739374.9717075569,845181.2723827795,733667.3072319812,813219.4881667325,707223.1,724931.3
12433541,Gray,2025-06-18 00:00:00+00:00,640000.0,423708.56400703447,463058.81045720266,438100.6746122174,434186.2025438628,420826.72,456764.84
12216770,Leanyer,2025-06-18 00:00:00+00:00,685000.0,529653.9592045259,577458.3456227635,553055.006228249,547801.0995838929,537635.9,597278.44
12372873,Zuccoli,2025-06-18 00:00:00+00:00,745000.0,585138.1160404935,648421.7033830889,610628.6996084892,605207.6830962916,587395.8,580861.44
11701999,Berrimah,2025-06-18 00:00:00+00:00,660000.0,708436.0364155585,789290.2144423485,614608.0543594018,670990.9214358786,669444.9,642301.8
12324860,Karama,2025-06-18 00:00:00+00:00,620000.0,459366.76410805015,510773.8220774792,497036.96801061206,438136.2795984112,463511.2,451731.03
12039050,Stuart Park,2025-06-18 00:00:00+00:00,435000.0,389772.80166591884,428355.163820458,386317.1584686643,374953.0994897771,362548.97,397997.38
12155112,Coconut Grove,2025-06-18 00:00:00+00:00,440000.0,317289.95125967707,352209.77124298253,340030.6511821865,320853.52541069954,325125.6,349703.56
11968450,Darwin City,2025-06-18 00:00:00+00:00,400000.0,464180.74640600965,503970.0982949301,622573.8774859293,616755.6081798464,602762.06,600593.6
11902326,Wagaman,2025-06-19 00:00:00+00:00,296000.0,256424.55672066714,271542.25944593793,268285.90126296284,252194.0670669158,251080.47,256889.86
12166414,Gray,2025-06-19 00:00:00+00:00,755000.0,468212.8519708417,513000.487116404,493662.6196137353,494796.7820853426,457263.44,507798.6
12176396,Woodroffe,2025-06-19 00:00:00+00:00,675000.0,475603.9598844358,532828.6896104697,473067.68376582046,474444.69850280165,445311.56,497508.38
12142479,Woolner,2025-06-19 00:00:00+00:00,455000.0,431245.0697702795,479151.48332188383,455818.51175458555,439016.6992120005,421829.66,436284.66
12405752,Muirhead,2025-06-20 00:00:00+00:00,880000.0,709050.588528909,770566.2181315862,731036.2953266012,735716.781969372,712371.7,737551.94
12330264,Marrara,2025-06-20 00:00:00+00:00,630000.0,552964.3492971922,604405.7409999464,527886.2961042416,522864.6197638408,529364.2,531162.44
12187570,Woodroffe,2025-06-20 00:00:00+00:00,300000.0,226357.14710371953,250342.40943865792,239545.92101750663,229306.85798496267,220395.94,232609.69
12396112,Zuccoli,2025-06-22 00:00:00+00:00,680000.0,519550.4343813026,573434.0640363185,544786.4682526652,547787.242061186,529006.9,542252.2
12372977,Karama,2025-06-22 00:00:00+00:00,650000.0,435567.1755411109,481040.67421684106,466011.2400883763,477008.1684420647,438179.4,470956.38
12205170,Coconut Grove,2025-06-23 00:00:00+00:00,300000.0,296379.36208578025,327987.1699758497,262890.36194794613,239744.7631973178,247820.16,259301.03
12172330,Lyons,2025-06-23 00:00:00+00:00,830000.0,748085.8411092957,809184.8145503438,748488.6432448132,775231.1653600199,768742.9,802581.25
12244345,Woodroffe,2025-06-24 00:00:00+00:00,575000.0,489004.38466940407,549019.6899957774,479308.99268830597,470034.29906635464,439665.0,445517.6
12206456,Woodroffe,2025-06-24 00:00:00+00:00,640000.0,582900.3896827755,654712.4934157513,497292.23659995844,489480.7273236553,467004.47,543182.3
12232057,Rapid Creek,2025-06-24 00:00:00+00:00,560000.0,381805.39832873543,428094.653053465,448120.7791787637,452979.3325520057,466133.22,498181.6
10125960,Moulden,2025-06-24 00:00:00+00:00,440000.0,382765.536643561,440681.82945550105,409316.5793719556,399055.6056061509,399317.38,412201.8
12146068,Darwin City,2025-06-24 00:00:00+00:00,485000.0,456292.634730841,494749.89850889635,501926.41035990795,492258.2202506061,461770.16,515099.72
12135695,Wulagi,2025-06-24 00:00:00+00:00,762500.0,854012.9560961985,986662.4306820516,678036.0372616898,686534.8211920153,713177.9,700553.94
12244352,Zuccoli,2025-06-24 00:00:00+00:00,625000.0,579023.0628168315,641123.9696668054,595778.8960194201,612978.7961106532,580540.8,589500.25
12245149,Rosebery,2025-06-24 00:00:00+00:00,570000.0,458783.1692562931,500642.4709794548,470537.385136258,446983.7041199994,448416.6,461896.56
12191559,Karama,2025-06-24 00:00:00+00:00,627000.0,464274.7980212453,516655.2373968848,509955.98230662534,473368.89519990486,475270.7,504457.5
12370476,Gunn,2025-06-24 00:00:00+00:00,535000.0,410512.9924211941,449683.75639549474,438344.74806684704,420350.08440454514,420176.66,427089.5
11888316,Nightcliff,2025-06-25 00:00:00+00:00,365000.0,334129.9768932906,361652.77324191586,306116.99823320983,292491.98043876904,305769.03,346545.6
12187631,Ludmilla,2025-06-25 00:00:00+00:00,777500.0,665395.2210285728,753032.759932799,694606.4446504278,698824.8700858162,695803.25,631820.0
12028933,Darwin City,2025-06-25 00:00:00+00:00,530000.0,401978.6115451786,433849.8082997951,422976.33816963027,421725.36321234575,411895.7,450194.8
12387568,Moulden,2025-06-25 00:00:00+00:00,400000.0,307457.27199097205,359215.0924356494,347394.02710636845,317696.5342321533,326456.3,294948.0
12339502,Moil,2025-06-25 00:00:00+00:00,630000.0,487466.90290960233,540023.600226305,563851.4999050265,555940.4388202472,488458.28,511545.16
12216050,Darwin City,2025-06-25 00:00:00+00:00,263000.0,307027.6218037783,327045.5151626436,248594.1451763609,222908.17929621576,241535.16,252346.75
12208575,Anula,2025-06-25 00:00:00+00:00,660000.0,636291.977595785,717476.6087370907,641366.8004950661,630791.4539241028,649365.06,645632.25
12370377,Johnston,2025-06-25 00:00:00+00:00,490000.0,399133.9561599892,448382.42490295105,410662.2420022584,407097.42017162836,437992.66,441054.22
12172768,Nightcliff,2025-06-26 00:00:00+00:00,470000.0,331957.5572669585,359120.35660505015,307109.8594360463,288629.5146020823,302211.3,349751.6
10758511,Wulagi,2025-06-26 00:00:00+00:00,790000.0,734749.0252563375,839329.5033359153,664632.1279729021,663686.5615434345,664965.3,676915.7
12115949,Gunn,2025-06-26 00:00:00+00:00,865000.0,704588.7191948564,792452.2114767015,654581.875299624,719950.533634553,699379.75,736964.1
11953290,Nightcliff,2025-06-26 00:00:00+00:00,440000.0,380670.6452974292,415156.9124163512,418640.69911825325,408652.02450845763,401677.4,448399.47
12367019,Gray,2025-06-26 00:00:00+00:00,520000.0,357067.90762359253,386918.72321293317,341972.02399170125,320828.10172505444,315401.8,334051.12
11992146,Stuart Park,2025-06-27 00:00:00+00:00,305000.0,332506.3396284125,361868.07869746815,289291.5800282208,281031.0700826032,289700.06,306085.88
12272075,Zuccoli,2025-06-27 00:00:00+00:00,650000.0,576232.6088403815,637796.7625819871,598020.2194227848,592895.211716147,583436.4,583087.06
12116255,Darwin City,2025-06-27 00:00:00+00:00,472000.0,390851.97820265655,421850.5074857503,407910.68141351297,424308.1436180405,384119.0,429871.47
12172470,Darwin City,2025-06-27 00:00:00+00:00,409000.0,507174.60936863866,539963.5043127039,446675.6622569923,382544.8719970844,437907.47,469648.5
12019492,Stuart Park,2025-06-28 00:00:00+00:00,385000.0,389961.1884689852,428578.19770310825,387517.8813179853,375472.9122291188,362827.78,412894.25
12179096,Stuart Park,2025-06-28 00:00:00+00:00,370000.0,335709.6904193445,365624.9296476562,300166.17153850914,284012.4588496239,316226.16,315268.6
12255937,Zuccoli,2025-06-29 00:00:00+00:00,740000.0,519680.2590658225,573590.330809897,554130.9133466326,550677.8396282808,530807.0,550251.75
12100455,Coconut Grove,2025-06-30 00:00:00+00:00,510000.0,365772.3061514052,408394.8589958645,431247.9036570844,420415.9586567043,427947.75,431381.94
11830939,Zuccoli,2025-06-30 00:00:00+00:00,748500.0,537251.4232116356,594488.3200760499,590099.3425584324,564477.9058017852,518879.34,557982.8
12302815,Johnston,2025-06-30 00:00:00+00:00,675000.0,589353.2781827127,659111.6896026259,631025.6578275687,665397.1918136955,622841.3,622356.8
12243733,Muirhead,2025-06-30 00:00:00+00:00,830000.0,709664.7863922139,771286.0348141957,740965.7666266555,749365.7847200372,731653.8,761360.0
12407435,Bellamack,2025-06-30 00:00:00+00:00,300000.0,312324.7658697467,333799.6431744916,282487.05759684916,274291.17883701035,261153.62,278008.6
10866993,Driver,2025-06-30 00:00:00+00:00,407000.0,265967.0579369759,292586.55014854367,304014.0154749057,277802.90539957717,281914.62,279281.47
12395308,Durack,2025-06-30 00:00:00+00:00,640000.0,546730.4914587581,608500.3371768327,598457.0450094747,594288.5916747493,580347.6,603870.8
12129915,Darwin City,2025-06-30 00:00:00+00:00,445000.0,406763.81481605885,439415.6496371795,432304.8483992338,415879.5169342228,381001.1,394455.22
12132163,Johnston,2025-06-30 00:00:00+00:00,370000.0,327772.28641322313,365334.11258120777,317716.0334738596,288008.3815404683,293555.0,290033.16
9597049,Parap,2025-06-30 00:00:00+00:00,470000.0,365592.1536165851,401738.2418884621,398117.2110127206,404176.7037655813,397413.66,456240.25
12186003,Rapid Creek,2025-06-30 00:00:00+00:00,535000.0,459780.6812803437,520280.94662061014,595661.7605731228,678212.4075147348,564148.94,608285.56
12142932,Rapid Creek,2025-07-01 00:00:00+00:00,485000.0,329100.39855932014,366431.7827790133,316300.5985153389,303733.80289617094,319822.25,281416.88
12346710,Bellamack,2025-07-01 00:00:00+00:00,309500.0,313758.0261852543,337959.23051908665,280646.87114542903,273876.1076024158,258973.58,268639.2
12250074,Larrakeyah,2025-07-01 00:00:00+00:00,407000.0,391379.97888628836,428118.0615763783,370520.0901797481,360833.62363268016,368297.3,365853.12
12361849,Bellamack,2025-07-01 00:00:00+00:00,620000.0,503765.4637539304,541326.822129502,535093.0686179918,519142.06662196317,523857.44,513528.7
12369453,Jingili,2025-07-01 00:00:00+00:00,620000.0,513252.76326205616,582803.2295450781,544963.8501879665,499447.096721773,517183.34,527797.5
12391903,Gray,2025-07-01 00:00:00+00:00,400000.0,303764.2668868861,335082.01154722593,336162.9326395011,329072.5538660105,349607.84,336597.28
12693020,Leanyer,2025-07-02 00:00:00+00:00,325000.0,300597.6382619518,328784.072606418,305000.09886572836,307055.52031193645,298543.75,291911.25
12116916,Nightcliff,2025-07-02 00:00:00+00:00,335000.0,332757.7527761824,367175.5702331145,301304.6446605621,282630.7630739061,290757.94,324135.5
12244014,Gray,2025-07-02 00:00:00+00:00,645000.0,534916.127598091,591574.734083068,476273.4414721641,477523.3209560091,464184.0,491408.44
12321295,Nightcliff,2025-07-02 00:00:00+00:00,300000.0,326309.46656072914,359516.193327929,279698.67601875245,262407.91944383824,259978.25,280825.47
12185792,Marrara,2025-07-02 00:00:00+00:00,736729.0,594283.1305176695,651800.5949694046,543472.9702609155,522346.62225568504,548269.06,554262.9
12362122,Durack,2025-07-02 00:00:00+00:00,535000.0,491793.3558203482,547399.0344108621,512043.0534920394,485431.6813373995,498462.47,489349.78
12336990,Nightcliff,2025-07-03 00:00:00+00:00,280000.0,348191.1484254485,385554.1150458547,303043.2624427079,294123.815147796,291855.28,341190.16
12371126,Bellamack,2025-07-03 00:00:00+00:00,530000.0,442405.0986407885,473084.50861214136,474092.96632356994,429300.45933702664,451393.4,390432.66
12115784,Darwin City,2025-07-03 00:00:00+00:00,425000.0,409075.343613734,443687.26551677875,409447.8320434952,387901.7835151755,396188.72,397121.56
12277603,Farrar,2025-07-03 00:00:00+00:00,950000.0,980716.2950684153,1106606.708972231,669504.934220632,720989.2056408044,722802.3,679002.1
12357966,Jingili,2025-07-04 00:00:00+00:00,670000.0,636506.0387753575,734067.8868513056,691291.5778821493,683674.9235892615,642550.56,625418.0
12027611,Ludmilla,2025-07-04 00:00:00+00:00,358000.0,305612.952336458,342787.4090665564,334093.57323053014,315239.44208924327,294544.62,279158.72
12339503,Wulagi,2025-07-04 00:00:00+00:00,535000.0,496814.64622963907,561078.4787432349,514654.39882149466,512497.34989534307,497309.6,507870.28
12194130,Darwin City,2025-07-04 00:00:00+00:00,262000.0,308062.6459727223,329406.7005381602,237506.89114461894,228919.20667874272,222946.48,234132.44
12442166,Zuccoli,2025-07-06 00:00:00+00:00,670000.0,513804.37858660286,568017.7698881379,543931.2972122112,545092.8341605667,528900.44,541158.56
12413733,Bakewell,2025-07-06 00:00:00+00:00,420000.0,345575.48018241103,389620.33872974175,365753.3940877287,350499.9605602833,372773.4,350409.28
12065830,Zuccoli,2025-07-06 00:00:00+00:00,250000.0,283086.8564416078,305070.259951941,301004.460858538,250678.73518084147,261002.25,232519.64
12487275,Rosebery,2025-07-06 00:00:00+00:00,685000.0,631851.641692749,700785.2197777365,610363.8133783194,608268.577223107,625614.25,600583.3
12342144,Bellamack,2025-07-07 00:00:00+00:00,295000.0,325723.67340730864,351093.2449872732,289830.8693528458,273314.4391787547,287963.34,281411.78
12263591,Darwin City,2025-07-07 00:00:00+00:00,448000.0,393122.8379498503,426010.15662854596,384623.87387336616,382480.3960813853,374284.88,409894.84
12277319,Johnston,2025-07-07 00:00:00+00:00,655000.0,540702.4764836774,602372.3011282316,580402.5695689053,564943.8019676525,560469.7,570250.5
12264385,Darwin City,2025-07-07 00:00:00+00:00,557500.0,465873.16079375875,507758.98865923437,597964.3873468274,606629.2256917513,607587.5,643516.44
12077930,Stuart Park,2025-07-07 00:00:00+00:00,860000.0,895197.0272873162,998698.306278828,749126.5448337565,762443.1274671687,740800.25,802298.9
12193881,Darwin City,2025-07-07 00:00:00+00:00,345000.0,311414.5072358065,333269.21341774135,280160.55409645586,297447.09373692767,274993.28,258590.06
12276586,Stuart Park,2025-07-07 00:00:00+00:00,565000.0,394888.83599756105,435755.1458890608,407423.0496450452,407631.8109507456,395532.94,424642.53
12201692,Bellamack,2025-07-07 00:00:00+00:00,385000.0,368309.4577647607,398715.1080110147,347298.41674014315,342119.76715134474,361818.1,358321.03
12237886,Zuccoli,2025-07-07 00:00:00+00:00,870000.0,682009.4622894508,762720.388284856,673611.1514410906,674403.9029063677,664080.0,716806.8
12224225,Muirhead,2025-07-07 00:00:00+00:00,750000.0,800307.6611960178,876347.6425638861,750659.0887687727,775040.1359991729,741575.0,766587.56
12025035,Darwin City,2025-07-07 00:00:00+00:00,330000.0,307936.46795164066,329261.2517980315,241495.16394202088,257915.0134982815,260875.83,277819.1
12246769,Karama,2025-07-08 00:00:00+00:00,319000.0,242380.17471848935,267519.7773568122,248442.9911606687,227198.4630487763,226602.58,225136.95
12364027,Stuart Park,2025-07-08 00:00:00+00:00,380000.0,424702.6022765401,472483.2493909798,321774.66276533436,312814.46756639704,328100.84,285028.94
12251570,Johnston,2025-07-08 00:00:00+00:00,800000.0,780579.3917807088,880855.1672727442,652575.4393124266,707664.5038664388,655545.0,704210.6
12418626,Driver,2025-07-08 00:00:00+00:00,550000.0,402271.735874509,440208.24236527015,394275.72194432345,382635.968826313,374963.7,410498.06
12233377,Millner,2025-07-08 00:00:00+00:00,815000.0,639895.413157875,728958.814819552,690320.954601178,723718.8540893608,697408.94,788713.25
12274672,Muirhead,2025-07-08 00:00:00+00:00,870000.0,741735.4577547036,811643.0383040544,767312.4775722225,774587.2467374961,754454.44,830944.56
12449325,Woodroffe,2025-07-08 00:00:00+00:00,475000.0,309008.2179577376,348423.3975318585,374838.98537350545,364054.24371714133,367448.28,344194.88
12181587,Parap,2025-07-08 00:00:00+00:00,470000.0,392615.24407460325,434014.17147461965,411419.24217226595,395555.7617944465,424768.9,453232.3
12213474,Stuart Park,2025-07-09 00:00:00+00:00,587100.0,447271.43744189636,495760.53572657536,493550.0140910229,489301.5749408567,475057.72,512690.94
12209096,Stuart Park,2025-07-09 00:00:00+00:00,530000.0,440194.75651838246,487315.1185344996,426788.0403189964,395371.45351044193,418824.03,427303.8
12820644,Wanguri,2025-07-09 00:00:00+00:00,620000.0,502720.1712243103,554492.0042525122,539330.715579315,526106.3629732514,530045.2,541975.1
11693819,Darwin City,2025-07-09 00:00:00+00:00,330000.0,362085.5068581425,389160.31486471667,338283.4984518564,318114.6674198178,351231.0,354935.97
12263054,Moulden,2025-07-10 00:00:00+00:00,600000.0,382572.7217050095,440575.4466195878,411854.37640200974,392449.247231389,408703.9,427089.1
12101046,Zuccoli,2025-07-10 00:00:00+00:00,720000.0,514671.20134780393,569048.9096694753,544939.0431280927,545914.1902740824,524652.9,542661.94
12414479,Berrimah,2025-07-10 00:00:00+00:00,750000.0,645707.7069351501,708645.8570957745,646037.3456806027,624108.9857023535,649117.4,656842.25
12387637,Malak,2025-07-10 00:00:00+00:00,637000.0,531766.6196601863,592882.6653233705,595957.20251887,581837.1407086661,561967.25,557958.9
12267036,Darwin City,2025-07-10 00:00:00+00:00,340000.0,309128.1167278922,330634.11879574094,268762.0047662113,298270.0036490561,282702.4,315538.7
12253156,Parap,2025-07-10 00:00:00+00:00,453000.0,367269.8575269261,404793.230061278,397414.65838396864,402528.6339015758,394644.12,431739.2
12285187,The Gardens,2025-07-10 00:00:00+00:00,570000.0,541838.9141096183,604141.071451081,555190.3371686958,635118.8378269349,583139.9,635438.4
12591031,Durack,2025-07-10 00:00:00+00:00,650000.0,490891.34575011855,546319.3071234027,519008.01770683576,495674.03486163105,499624.2,503062.8
11835400,Wulagi,2025-07-10 00:00:00+00:00,375000.0,296962.80697592424,335111.34584630455,312524.74948139914,302342.4599052065,292317.12,300324.53
12229073,Leanyer,2025-07-11 00:00:00+00:00,630000.0,516855.3741519776,565719.9418646379,549462.3834543021,542644.911700143,523340.12,578135.2
12274227,Rapid Creek,2025-07-11 00:00:00+00:00,575000.0,483984.0994506723,552148.4325174928,501724.68258590874,509365.5497975019,449555.56,448080.6
12286474,Rapid Creek,2025-07-11 00:00:00+00:00,435000.0,467206.88590207277,533144.6297119285,462775.20492261596,409326.82110765536,494487.2,459051.8
12225942,Darwin City,2025-07-11 00:00:00+00:00,445000.0,409075.343613734,443687.26551677875,409447.8320434952,387901.7835151755,396188.72,397121.56
12244224,Malak,2025-07-12 00:00:00+00:00,665000.0,524369.2544803742,584003.276101667,599046.4235419803,572729.1543916407,564157.56,574952.2
12372540,Leanyer,2025-07-14 00:00:00+00:00,425000.0,323819.99137964484,355446.0606535936,308476.74440857343,297094.2365791252,335135.1,312056.53
12217735,Millner,2025-07-14 00:00:00+00:00,373000.0,319282.9496180709,360258.7238194431,373144.63656239683,360380.48215333244,349733.25,362633.7
2285138,Malak,2025-07-14 00:00:00+00:00,300000.0,273900.21996687574,302647.5439544259,298771.63424046873,274379.590086721,280316.0,296382.94
12282199,Driver,2025-07-14 00:00:00+00:00,600000.0,409489.9760297381,448725.1014652629,401043.6251867409,397074.85047039046,382605.78,419597.25
12035616,Darwin City,2025-07-15 00:00:00+00:00,859000.0,465754.1469660996,507619.13199587166,618087.251158304,647967.7607412008,618195.9,683743.75
12449333,Durack,2025-07-15 00:00:00+00:00,650000.0,504950.7384273582,563192.1643601728,515506.1260084852,498961.0893716534,504965.3,492596.0
12422227,Gunn,2025-07-15 00:00:00+00:00,585000.0,455870.70130491466,505246.09671729326,482499.12805490143,460630.8722895505,468902.47,469375.38
12343800,Fannie Bay,2025-07-15 00:00:00+00:00,630000.0,469515.55074173433,530845.5841497993,522901.0070326313,559954.9938137688,547488.5,585327.9
12142551,Stuart Park,2025-07-16 00:00:00+00:00,785000.0,463775.1381782587,515493.9182245256,541290.8244475323,620457.3293046796,519024.84,625292.75
12292656,Gunn,2025-07-16 00:00:00+00:00,587391.0,457528.41926289327,507226.90146955405,492990.78207719926,472072.2749446933,460803.66,473220.53
12231856,Durack,2025-07-16 00:00:00+00:00,785000.0,569477.4254350724,637787.7190117941,613404.1816079374,636297.0154438883,591965.56,631800.7
12294592,Malak,2025-07-16 00:00:00+00:00,589000.0,443333.74859196245,490072.499505506,494811.9707767093,480152.7554713529,465824.8,469195.47
12418627,Stuart Park,2025-07-17 00:00:00+00:00,430000.0,350226.8625772051,383866.13041810965,305859.2196932559,302082.27092781616,327629.66,325937.1
12285469,Coconut Grove,2025-07-17 00:00:00+00:00,370000.0,310761.01938761724,345235.1475098931,328392.6734331895,300365.7329945363,318126.94,324098.1
12308654,Stuart Park,2025-07-17 00:00:00+00:00,524000.0,493535.269517089,536832.2172565089,541207.67941919,455982.07181032334,460180.06,508152.25
12076397,Darwin City,2025-07-17 00:00:00+00:00,295000.0,308286.53808605514,329664.7957672546,254778.58245818803,235461.63835174943,237795.02,258775.58
12271833,Nakara,2025-07-18 00:00:00+00:00,677000.0,471409.2378424609,530661.9382568905,534247.8678564067,523616.5855784349,514362.9,541257.6
12479108,Marrara,2025-07-18 00:00:00+00:00,340000.0,327423.66215676145,358147.4676121005,295071.1202576143,298011.39768906427,288233.4,315247.53
12238677,Durack,2025-07-18 00:00:00+00:00,600000.0,431866.6935567142,488646.0492652815,438333.99618825136,477917.94455458364,507900.8,527674.7
12407311,Bellamack,2025-07-18 00:00:00+00:00,680000.0,577945.0992237555,624425.9163395971,607209.2838716648,621157.9585555006,613621.44,646599.06
12265338,Stuart Park,2025-07-19 00:00:00+00:00,486000.0,349696.4814133114,382399.4010487891,328890.73083658365,311539.14474299183,325705.62,348501.34
12309927,Fannie Bay,2025-07-20 00:00:00+00:00,517250.0,380532.46286711,426439.42961392185,315066.8934403239,302422.4500023533,322757.0,309347.38
12241785,Malak,2025-07-21 00:00:00+00:00,670000.0,551165.1001669781,616212.9847977912,633561.5120580553,637875.2051537122,636697.06,606168.94
12240706,Larrakeyah,2025-07-21 00:00:00+00:00,400000.0,349728.60197463987,379364.7936776365,298841.71839332994,294246.27182991646,274371.94,290306.03
11974381,Parap,2025-07-21 00:00:00+00:00,305000.0,298369.39645787235,324685.96726498887,286514.13015993766,254617.6524105411,298533.22,292539.7
12449326,Zuccoli,2025-07-21 00:00:00+00:00,660000.0,510585.9898271634,564184.6869930238,538194.7355817789,535426.9852870059,516224.9,532360.8
12423977,Driver,2025-07-21 00:00:00+00:00,440000.0,346132.39064666856,377170.5489585135,333180.1798362705,294982.7494000213,275710.44,321743.12
12496658,Rosebery,2025-07-21 00:00:00+00:00,710000.0,597306.4769109541,660118.9975936965,595023.750033195,600821.9849896415,612824.3,601999.1
12588020,Malak,2025-07-21 00:00:00+00:00,615000.0,472448.0841011304,524662.7478598169,554903.2274463791,555663.619476181,497776.97,528250.2
12272867,Darwin City,2025-07-21 00:00:00+00:00,397500.0,392057.89783659467,424766.7855589527,384669.55734763684,376615.38402221055,356045.94,335457.4
12246726,Moulden,2025-07-21 00:00:00+00:00,340000.0,210063.05580346577,239691.1375468968,232275.5031296895,218791.82767667444,234034.0,237577.4
12237448,Darwin City,2025-07-22 00:00:00+00:00,400000.0,392057.89783659467,424766.7855589527,384669.55734763684,376615.38402221055,356045.94,335457.4
12267483,Fannie Bay,2025-07-22 00:00:00+00:00,460000.0,598160.149218016,683793.0920518644,609460.3862676371,654159.918521927,637777.6,678631.8
12407310,Johnston,2025-07-22 00:00:00+00:00,670000.0,591773.6325768749,660456.1251717003,628303.0052080431,657257.0880365862,623697.8,639941.7
12266897,Darwin City,2025-07-23 00:00:00+00:00,483000.0,393500.3049883177,426450.09330516483,407935.15232619713,417338.03830477555,380644.47,431592.22
12243140,Muirhead,2025-07-23 00:00:00+00:00,764000.0,652012.298124542,710051.9483395432,664691.1315675637,638176.2662692916,630880.1,661811.56
12381223,Karama,2025-07-23 00:00:00+00:00,580000.0,457145.5380529271,509494.668195368,501367.39080565696,460172.0383727515,470178.66,488158.4
12444631,Rosebery,2025-07-23 00:00:00+00:00,680000.0,561586.75716775,620408.2111209452,604681.1998143198,602574.750075506,608847.4,592353.5
12323138,Johnston,2025-07-23 00:00:00+00:00,460000.0,368748.25825397676,411644.7021137766,364263.81874382787,348199.4935598685,369470.88,368697.94
12310842,Nightcliff,2025-07-24 00:00:00+00:00,385000.0,373608.21528963617,415825.9221720116,397537.7032645807,426737.0399731685,379007.9,413711.72
12204988,Anula,2025-07-24 00:00:00+00:00,670123.0,487379.32991247484,544925.2000022634,530074.0260477039,538027.6399607151,505079.94,537049.1
12271431,The Narrows,2025-07-24 00:00:00+00:00,427500.0,276039.05265033396,308667.23934901337,329952.9744590642,308588.42226063384,321722.56,325441.06
12286809,Wanguri,2025-07-24 00:00:00+00:00,850000.0,587750.2553522324,655428.4256105671,639998.6231130153,658202.6025095729,637653.56,647722.94
12306512,Leanyer,2025-07-24 00:00:00+00:00,765000.0,726583.9071630882,811755.5518346272,668352.6421994872,666994.1557577992,664207.3,688055.06
12292975,Darwin City,2025-07-25 00:00:00+00:00,291000.0,348493.5366899187,374265.3297294837,281888.7618268619,261474.74417684932,268059.78,272084.62
12305825,Zuccoli,2025-07-27 00:00:00+00:00,721000.0,602125.1635761351,670390.2097645644,620919.563511717,640756.8559365175,600299.3,604259.06
12239410,Stuart Park,2025-07-28 00:00:00+00:00,684000.0,497027.13243234716,555243.0058124379,501666.96372694423,473715.2301886703,483110.25,533255.6
12306210,Berrimah,2025-07-28 00:00:00+00:00,457750.0,417199.6945921067,459256.6412305328,421979.4437951147,389398.7392125467,396188.34,414621.78
12152965,Moulden,2025-07-28 00:00:00+00:00,305000.0,209598.61454953937,239645.14173550167,232677.69677829652,237293.42239171002,215448.6,236829.98
12311260,Bakewell,2025-07-28 00:00:00+00:00,350000.0,280160.49608858203,310883.5340023278,266070.68436989404,244893.46568367069,273375.25,260826.08
12143995,Fannie Bay,2025-07-28 00:00:00+00:00,445000.0,370940.2762682186,407160.848997483,436428.0981715162,381832.14574959857,448572.28,308514.78
12395622,Tiwi,2025-07-28 00:00:00+00:00,625000.0,498362.6021329743,543631.2490280863,512793.30805232597,507648.7112947586,489142.16,534334.8
11863668,Darwin City,2025-07-29 00:00:00+00:00,465000.0,468346.64574197435,510664.9013994948,538514.6849194379,592757.2004054928,567822.6,571922.0
12234144,Darwin City,2025-07-29 00:00:00+00:00,285000.0,309106.86096001865,330609.8720878523,271852.2654337327,272420.9060109437,276676.6,295814.22
12307952,Durack,2025-07-29 00:00:00+00:00,760000.0,552001.9354608266,616728.5531750468,598756.0529923098,590002.1619175278,586372.7,601766.7
12303126,Stuart Park,2025-07-29 00:00:00+00:00,457391.0,444470.96915311704,492417.46584643505,459866.6887777,441729.4417984565,437189.75,417713.94
12058224,Darwin City,2025-07-29 00:00:00+00:00,310000.0,391572.65343279496,424200.2009351573,328369.7433287958,296579.0501746594,307387.3,316274.7
12277578,Darwin City,2025-07-29 00:00:00+00:00,431000.0,394935.0711757566,428125.50131447957,382150.2502732905,377043.00158459775,374772.4,400641.78
12290022,Darwin City,2025-07-29 00:00:00+00:00,860000.0,464577.3881901742,506237.8856450632,631512.7621379653,739064.8087742329,584203.6,791609.9
12321337,Darwin City,2025-07-29 00:00:00+00:00,147000.0,301521.1774620532,322584.06221491576,214369.44628866515,184326.61927719376,186918.53,191495.23
12300636,Gunn,2025-07-30 00:00:00+00:00,600000.0,371566.03865812166,418375.78621160035,416966.4413888025,416545.6217623101,405263.16,444143.53
11667437,Driver,2025-07-30 00:00:00+00:00,370000.0,267252.19216513645,293885.78775226267,301231.9310760397,278641.91996756906,282752.8,283401.0
12291781,Rosebery,2025-07-30 00:00:00+00:00,830000.0,581209.9494792596,642380.4789736224,596356.4889443472,606176.8483177284,609308.0,626574.4
12285906,Stuart Park,2025-07-30 00:00:00+00:00,290000.0,339255.4881358475,370926.4965334393,303983.9925774597,292549.68866190204,306924.5,306891.72
12286334,Bayview,2025-07-30 00:00:00+00:00,850000.0,572346.9127175509,630701.0215265662,600012.0643562808,631877.9353681657,567261.9,634859.94
12322373,The Gardens,2025-07-31 00:00:00+00:00,482000.0,414079.575337813,454685.59484555264,346371.58374591445,332611.4291026848,362126.03,384484.78
12174975,Millner,2025-07-31 00:00:00+00:00,545000.0,482996.68158644764,542545.1295505742,531119.4848990395,522629.4815603138,481870.16,516878.6
12231550,Anula,2025-07-31 00:00:00+00:00,635000.0,558886.948895903,629935.9636371871,575369.5993663372,595925.3429565764,586661.3,569842.8
12251569,Coconut Grove,2025-07-31 00:00:00+00:00,415000.0,345498.4003436564,386859.43796182814,379116.97052095673,358382.8144634365,354862.2,339406.8
12284120,Malak,2025-07-31 00:00:00+00:00,595000.0,488492.2315367136,538121.5319235532,492148.85114755714,469055.20400233084,469092.12,458128.12
12256327,Wanguri,2025-08-01 00:00:00+00:00,700000.0,509123.5821091374,567087.1935057143,543686.4756424708,528708.9618018994,530689.06,560976.06
12096782,Bayview,2025-08-01 00:00:00+00:00,65000.0,411327.0394338134,492153.64191368944,333104.76397312066,289714.8395690955,328503.2,336981.44
12343898,Millner,2025-08-02 00:00:00+00:00,340000.0,284853.0492807697,323175.78460429754,311054.3490710697,290771.5489066033,297763.25,305762.3
12259603,Muirhead,2025-08-02 00:00:00+00:00,806000.0,704047.0403534268,778308.2911279311,729269.5654690787,739150.9790060639,713464.3,717268.4
12529557,Zuccoli,2025-08-04 00:00:00+00:00,645000.0,527134.5466629491,592032.0540894119,553844.7865771961,547218.7400827098,546697.5,536635.94
12291179,Darwin City,2025-08-04 00:00:00+00:00,280000.0,309217.2299764515,335221.41115402913,266781.6668457131,255600.1598110654,258001.33,263366.6
12327048,Zuccoli,2025-08-04 00:00:00+00:00,683000.0,494055.66350286204,553320.6078410222,496344.6578927411,492127.05409611383,450289.28,473703.66
12480680,Moulden,2025-08-04 00:00:00+00:00,587500.0,382136.1874415036,443634.5431981978,397400.7443204983,401428.3377165746,377082.66,414953.25
12218696,Coconut Grove,2025-08-04 00:00:00+00:00,340000.0,321185.4254099576,362492.50585786434,337719.01643869694,320567.8474230782,336769.38,371311.22
12318528,Muirhead,2025-08-04 00:00:00+00:00,755000.0,627330.4155558621,690912.1888820324,658963.0021016833,642835.0961952278,626313.3,652966.25
12301619,Gray,2025-08-04 00:00:00+00:00,310000.0,231215.979733659,254717.8019228945,241925.22969041494,221528.17981941314,236482.88,227759.1
12290689,Darwin City,2025-08-05 00:00:00+00:00,435000.0,408070.3546158258,448513.7942175153,424184.81332218053,416806.4151462413,417528.72,445230.88
12285868,Zuccoli,2025-08-05 00:00:00+00:00,750000.0,543325.6945361965,611645.2265260178,567937.0415696391,552367.0486610646,552981.5,552156.25
12336189,Zuccoli,2025-08-05 00:00:00+00:00,717000.0,518320.5818054238,581373.9219178723,545957.7568952966,540030.9102731907,525853.1,534567.75
12498360,Rosebery,2025-08-05 00:00:00+00:00,515500.0,367281.53666177136,413972.0393605206,386601.0661530652,405687.6275335546,365691.6,401284.6
12285872,Darwin City,2025-08-05 00:00:00+00:00,400000.0,392194.5476964067,430688.2982760827,393990.63608899235,387120.14150223817,378564.66,404371.75
12274384,Johnston,2025-08-05 00:00:00+00:00,560000.0,385808.14856599236,438054.4860856341,402695.74107584025,404095.48535993893,416636.94,416154.06
12213277,Nightcliff,2025-08-05 00:00:00+00:00,850000.0,715923.8865647857,808200.2877926263,646680.7261124199,679740.2740613827,712310.56,697450.2
12536111,Gunn,2025-08-05 00:00:00+00:00,665000.0,543188.0086980811,616895.8119713349,589308.2002510175,634975.6581435301,583295.06,617530.06
12271719,Coconut Grove,2025-08-05 00:00:00+00:00,375000.0,322317.9928595419,363869.63436374447,338563.59702550946,321963.2396801736,338746.5,375816.44
12427743,Anula,2025-08-05 00:00:00+00:00,695000.0,690531.2907079752,794597.3784631102,637937.558637292,637032.9501487336,654413.2,651560.4
12369653,Stuart Park,2025-08-06 00:00:00+00:00,390000.0,377904.23380010924,419956.5142960965,342581.73132596,343913.64210311515,327128.53,324626.75
12369701,Nightcliff,2025-08-06 00:00:00+00:00,410000.0,329097.12351946544,367258.9524333415,297027.5348430339,285480.4304696379,293698.66,342354.72
12498466,Rosebery,2025-08-06 00:00:00+00:00,515500.0,378740.77871186705,426965.4720040445,411119.96020582516,416452.3833991939,415159.88,431283.62
12267859,Zuccoli,2025-08-06 00:00:00+00:00,498000.0,395321.5683068195,448175.40497880045,417992.3265450037,411097.1547627594,405938.16,402209.84
12326006,Parap,2025-08-06 00:00:00+00:00,460000.0,378754.5951730611,423241.79105771484,415937.57945556735,405973.35641477536,398089.62,431034.03
12345180,Jingili,2025-08-06 00:00:00+00:00,645000.0,694652.9886102319,814510.7973872389,696846.4651132326,686074.5526753202,665470.3,652140.44
12487276,Durack,2025-08-07 00:00:00+00:00,625000.0,458742.14860169624,515946.81893830927,477469.5675262651,466033.1332622853,432225.72,457533.03
3954776,Darwin City,2025-08-07 00:00:00+00:00,312000.0,299527.4552582117,324629.7660503665,252878.98813727562,248805.67601443772,244476.02,269034.28
12295537,Darwin City,2025-08-07 00:00:00+00:00,305000.0,299664.2966085166,324789.5507981996,249780.10971514485,244722.88324218692,244215.02,265342.38
12308995,Leanyer,2025-08-07 00:00:00+00:00,886200.0,756755.8616708587,858149.2112068998,673205.4769536847,679540.3967293566,670760.7,703497.75
12292767,Nightcliff,2025-08-07 00:00:00+00:00,359500.0,299690.6758026442,333023.512522156,281778.3796257522,222510.88214550854,229129.88,206105.61
12341214,Larrakeyah,2025-08-08 00:00:00+00:00,360000.0,347903.78077305335,380674.2990079316,288336.8225058789,274400.85516741424,270623.8,281848.5
12428368,Karama,2025-08-08 00:00:00+00:00,265000.0,245942.74849504224,275597.10880513187,268710.26893187215,263058.4285488144,251806.33,276656.8
12337989,Wanguri,2025-08-08 00:00:00+00:00,710000.0,424758.24243866524,470649.59490179684,505002.38126346277,482605.2748542957,385698.53,506760.4
12291609,Wulagi,2025-08-08 00:00:00+00:00,625000.0,486801.70058979635,556122.5565454433,533142.148811522,516814.4093878095,502639.84,535390.2
12371498,Marrara,2025-08-08 00:00:00+00:00,592000.0,711097.3431900542,804219.9351012524,621845.1308522737,668178.0343457375,646935.2,663005.5
12422327,Gray,2025-08-08 00:00:00+00:00,550000.0,422886.38574525143,470341.2320665015,425395.275653616,407457.089243274,424372.5,443936.88
12292777,Larrakeyah,2025-08-08 00:00:00+00:00,360000.0,350989.2500713523,384312.5816696548,300472.42002422834,295243.23281735467,296959.0,312466.6
12458139,Millner,2025-08-08 00:00:00+00:00,253000.0,294601.69148694596,336579.2769715894,278620.7823549205,266552.1555097808,237029.28,255875.89
12342133,Darwin City,2025-08-09 00:00:00+00:00,465000.0,458634.8907168509,506035.8987276813,462052.31993895245,456311.67701632273,444799.28,436713.84
12268920,Darwin City,2025-08-09 00:00:00+00:00,280000.0,299664.2966085166,324789.5507981996,249780.10971514485,244722.88324218692,244215.02,265342.38
12357128,Darwin City,2025-08-10 00:00:00+00:00,425000.0,406780.3679933651,446986.0749453932,402250.57258340117,396243.70545925735,375549.16,394296.12
12274249,Bellamack,2025-08-10 00:00:00+00:00,310000.0,298218.1685172191,317082.24073922285,332255.1211051174,331018.8132921411,350774.75,385102.38
12520879,Driver,2025-08-10 00:00:00+00:00,380000.0,285143.7762958581,317737.0051638907,314382.16329402855,333802.2531021937,326978.84,353545.12
12480681,Woodroffe,2025-08-10 00:00:00+00:00,560000.0,424637.12753823254,481962.0775319687,434708.85719481483,415111.47686037247,422271.6,411560.34
12271355,Fannie Bay,2025-08-11 00:00:00+00:00,890000.0,645874.3525467305,752997.1101085007,640123.0670465872,681655.1779495977,700822.56,753096.5
12354140,Driver,2025-08-11 00:00:00+00:00,343000.0,246926.44183813417,273519.25372698385,272892.89244296064,267922.0777697627,268358.28,285844.75
12341229,Tiwi,2025-08-11 00:00:00+00:00,485000.0,377968.4213645373,421340.8361015995,424990.1564062926,399467.54780695034,443985.12,416078.25
12071385,Darwin City,2025-08-11 00:00:00+00:00,810000.0,467357.34852828644,516410.5672948291,671635.8703758991,813758.7926634746,651345.44,867021.4
12342918,Bellamack,2025-08-11 00:00:00+00:00,900000.0,687232.1691173116,752976.06423214,665625.1500687678,709475.8917835285,676164.0,729366.7
12210457,Bayview,2025-08-12 00:00:00+00:00,815000.0,916250.8064322784,1016325.8940165659,749076.4704250158,738325.1305258424,773211.06,795662.94
12649292,Bellamack,2025-08-12 00:00:00+00:00,540000.0,409106.52798353933,450706.065689778,407998.7970450864,409408.5672575047,429169.78,423527.9
12515409,Zuccoli,2025-08-12 00:00:00+00:00,660000.0,494569.2565289845,553939.0311921142,495089.3669382269,491872.6294453225,450492.03,478643.94
12462863,Alawa,2025-08-12 00:00:00+00:00,710000.0,647062.6019191836,704892.6853926422,674910.4049778925,671170.0145933765,633998.94,621481.4
12452979,Leanyer,2025-08-12 00:00:00+00:00,600000.0,500882.9163099516,555804.348592678,515111.31309031905,491608.6680433267,498548.03,530087.6
12361694,Johnston,2025-08-13 00:00:00+00:00,515000.0,390196.33726248716,440008.66334056284,406562.53530005424,410100.67178562365,417549.84,433071.16
11518222,Jingili,2025-08-14 00:00:00+00:00,780000.0,823910.4709509034,966796.17008111,713498.4907962097,708218.485330438,701632.44,701845.94
12326712,Wulagi,2025-08-14 00:00:00+00:00,710000.0,741902.5784773654,856555.5302883579,652600.7585724812,657240.1471057107,652380.5,654917.6
12266114,Darwin City,2025-08-14 00:00:00+00:00,290000.0,300380.11219759774,323117.2101871229,249821.36225843275,232729.1444895674,216453.42,243927.56
12231533,Darwin City,2025-08-14 00:00:00+00:00,459000.0,407708.17261114647,444632.9753613659,405453.88192578993,387934.00614058995,375429.56,391484.84
12365397,Wanguri,2025-08-14 00:00:00+00:00,735000.0,482178.41081956966,534205.2245811851,528534.9979395956,527604.2652526594,473706.38,513769.2
12308376,Nakara,2025-08-14 00:00:00+00:00,880000.0,678217.1979645198,783498.2752718849,657747.732239281,643351.2313591985,628636.3,591211.8
12248994,Stuart Park,2025-08-14 00:00:00+00:00,415000.0,352175.89488537307,387393.6021922275,332633.1813928135,308313.30922282074,330295.97,351716.03
12415839,Coconut Grove,2025-08-14 00:00:00+00:00,690000.0,608256.386168761,686025.3150792901,659739.3190703744,677725.3656969942,604646.44,615858.6
12321038,Driver,2025-08-14 00:00:00+00:00,810000.0,545517.415170276,608424.0020783955,512871.28994128655,528586.7572089089,498618.4,598086.1
12296873,Darwin City,2025-08-14 00:00:00+00:00,485000.0,404568.91533373314,440946.09782792104,397623.6926596905,394941.8954103739,383218.16,430470.84
12322858,Wanguri,2025-08-14 00:00:00+00:00,830000.0,546822.544201033,610209.1310333981,594510.4567244904,602332.7887122581,547514.06,555528.2
12488461,Wulagi,2025-08-15 00:00:00+00:00,530000.0,508004.35060046037,577776.1427967058,532007.9055583073,521785.4426511546,485112.1,534390.4
12152185,Marrara,2025-08-15 00:00:00+00:00,450000.0,379267.5064842661,420976.05952463794,378424.5267950859,370908.716244819,361560.78,403021.2
12364331,Gunn,2025-08-15 00:00:00+00:00,660000.0,496173.5013067919,558142.0416878063,530686.0564795523,527597.2796748754,494316.5,516648.47
12326218,Moil,2025-08-15 00:00:00+00:00,766000.0,566579.4144407121,636474.9919701138,643814.0423615214,626170.6043708024,568263.0,572604.2
12305632,Woolner,2025-08-15 00:00:00+00:00,455000.0,429119.842596575,480457.9276850055,430750.77024940035,402300.7734147986,379693.47,407905.66
12477701,Karama,2025-08-15 00:00:00+00:00,275000.0,241774.3977219194,268484.3149231109,246756.64949924813,223788.72467588022,205315.6,215646.77
12337439,Rosebery,2025-08-15 00:00:00+00:00,545000.0,371174.33899784414,414567.05486275593,403630.7506994303,408346.322358617,399540.62,408795.12
12515501,Woodroffe,2025-08-17 00:00:00+00:00,695000.0,602240.1053878342,689448.76882231,522327.9282731021,513714.830690673,475884.34,530382.44
12506355,Johnston,2025-08-18 00:00:00+00:00,530000.0,374731.1044552055,421250.5006156589,384069.2333076546,376802.4036964505,386542.16,405418.94
12506353,Johnston,2025-08-18 00:00:00+00:00,520000.0,372204.61909112503,418191.65518355306,379268.7354943476,366675.01158625056,375009.1,394067.2
12506350,Johnston,2025-08-18 00:00:00+00:00,535000.0,375819.12264007214,422568.2539248587,385501.4313456317,379996.37433036114,390468.78,408617.78
12379698,Darwin City,2025-08-18 00:00:00+00:00,180000.0,307440.2151680813,330580.13716765004,210506.97845690313,170978.57844042368,199123.95,185144.92
12377612,Farrar,2025-08-18 00:00:00+00:00,700000.0,511388.11753093364,565595.6262417627,542145.6155595547,529382.354078077,515795.28,512184.62
12506352,Johnston,2025-08-18 00:00:00+00:00,550000.0,381490.9259602945,429442.412950791,395789.46602840186,394615.3405501093,400549.34,403809.1
12544546,Woodroffe,2025-08-18 00:00:00+00:00,620000.0,379877.06452247006,424305.9505260689,403327.51788935234,399589.1896356199,373045.8,403468.03
12506351,Johnston,2025-08-18 00:00:00+00:00,520000.0,382413.7620352969,430561.65462730534,397550.627582933,395781.96558821556,401787.75,410115.0
12506354,Johnston,2025-08-18 00:00:00+00:00,530000.0,377639.54158265743,424773.7495436802,388516.8503253564,382595.6043312161,397379.53,410705.22
12361318,Nightcliff,2025-08-19 00:00:00+00:00,345000.0,324551.503716466,359010.3054879616,263360.73731901316,238554.02790782895,232804.77,257459.6
12481996,Malak,2025-08-19 00:00:00+00:00,675000.0,552672.8647387883,627841.5219005037,629988.436205342,642454.549784055,632232.9,646652.06
11883759,Parap,2025-08-19 00:00:00+00:00,627000.0,485949.7179710842,546311.9561955193,541946.5549201386,597099.3950313303,552918.2,607814.1
12453872,Coconut Grove,2025-08-19 00:00:00+00:00,630000.0,527300.988696525,591430.863677407,528637.9449995243,543510.1353838018,509439.06,547757.44
12228550,Stuart Park,2025-08-20 00:00:00+00:00,920000.0,674843.3948628565,748270.1776104562,742331.3956785176,759264.9741492703,718228.75,838871.0
12451919,Alawa,2025-08-20 00:00:00+00:00,635000.0,452995.2949208334,482537.10119897925,514232.3215687441,506430.25858028105,457774.8,489426.78
12523885,Leanyer,2025-08-20 00:00:00+00:00,415000.0,302330.7953074969,332886.9177992891,297518.1558163633,288496.9309210099,277393.1,290087.66
12335706,Berrimah,2025-08-20 00:00:00+00:00,710000.0,543534.6532924674,595118.8507954855,575145.4708159134,564565.7263541585,502438.1,535339.1
12297517,Driver,2025-08-20 00:00:00+00:00,670000.0,439556.36949916324,486761.17764392996,460245.5979424375,447280.6800883569,455804.47,480652.53
12415460,Wagaman,2025-08-21 00:00:00+00:00,615000.0,479995.9711545495,515029.30926112627,507851.7639881806,514455.9010070805,474956.25,508054.84
12320872,Brinkin,2025-08-21 00:00:00+00:00,475000.0,337555.70819485467,377153.3103848823,288109.98543931614,278317.4982589667,272232.84,306354.25
12538458,Coconut Grove,2025-08-21 00:00:00+00:00,400000.0,307521.8407213642,343242.4154703074,300088.48524132464,258871.13997680962,277374.06,273285.03
11919182,Darwin City,2025-08-21 00:00:00+00:00,825000.0,420309.99304590316,459455.6238249051,470600.96698799374,446796.80016922456,508113.97,569004.9
11937606,Parap,2025-08-21 00:00:00+00:00,482500.0,379557.22659941023,420940.52637715114,403693.5878087645,403529.78786290984,379673.56,439452.88
12475586,Moulden,2025-08-21 00:00:00+00:00,465000.0,378846.1617370983,439219.8851068949,386056.5980119057,376542.00278116163,351146.94,377153.16
12338628,Stuart Park,2025-08-21 00:00:00+00:00,332000.0,335200.24373446475,368121.9201497979,282351.1878957993,260996.37389126874,250591.73,249190.22
12378643,Gunn,2025-08-21 00:00:00+00:00,680000.0,518175.54125616135,581831.1272515111,550448.3410212543,513492.93403487036,525395.94,523242.8
12374050,Darwin City,2025-08-21 00:00:00+00:00,289000.0,299365.73843768804,321941.8582311482,244580.80461559867,237241.59865221614,233594.94,248220.84
12415757,Darwin City,2025-08-22 00:00:00+00:00,500000.0,394227.9010762368,429757.5545872227,374928.2270968019,375094.0887313999,355867.03,381105.03
12368360,Karama,2025-08-22 00:00:00+00:00,365000.0,253239.51070665775,281606.29099672154,276836.69563165423,251503.36393247053,265776.22,288589.88
12491316,Jingili,2025-08-22 00:00:00+00:00,845000.0,806377.934747158,940072.7047531032,708576.9421865399,710345.1593701326,693059.5,730828.9
12116618,Other,2025-08-22 00:00:00+00:00,895000.0,496324.1421368862,563059.1919790384,593636.1933952784,596977.369005989,618564.5,663045.3
12391727,Coconut Grove,2025-08-22 00:00:00+00:00,430000.0,312843.56883036386,349645.96553791093,315768.4342899027,290267.07518427086,291767.62,324812.25
12345866,Stuart Park,2025-08-25 00:00:00+00:00,620000.0,449725.15054521145,501372.99054750084,497082.7234043264,559533.0179690327,506720.78,604090.25
12377181,Fannie Bay,2025-08-25 00:00:00+00:00,480000.0,379989.41099776333,427540.96477613936,301351.83686521184,286893.59097768075,278148.62,273269.66
12716880,Malak,2025-08-25 00:00:00+00:00,270000.0,264851.75405939406,296525.03443176864,284848.19801010756,255893.77371497903,262799.84,303942.06
12536110,Ludmilla,2025-08-25 00:00:00+00:00,595000.0,488178.61225550156,549160.3791605012,546879.5774461012,519797.2900197703,487645.62,476601.97
12597436,Leanyer,2025-08-25 00:00:00+00:00,700000.0,639763.9753733828,713960.6949271462,653292.5346658492,682036.707876986,622153.25,675219.3
12378183,Gunn,2025-08-25 00:00:00+00:00,720000.0,549546.264458236,619864.9138311116,584574.5833104957,597479.1345799997,563033.1,600819.94
12274471,Johnston,2025-08-25 00:00:00+00:00,400000.0,333330.37346311024,373261.5416483117,329664.12483303866,327056.7038069401,329768.47,334426.3
12275240,Farrar,2025-08-25 00:00:00+00:00,485000.0,362723.62154649047,403212.31613153045,405247.2522682064,397692.40861632966,398000.03,410302.75
12355936,Woolner,2025-08-26 00:00:00+00:00,455750.0,383743.20139170456,428167.2700553981,379557.8064730365,380201.52889202494,346417.72,383436.06
12511448,Wagaman,2025-08-26 00:00:00+00:00,600000.0,433015.69647943066,462962.2250466239,465506.0518456999,459774.35280800815,423359.5,466838.8
12339478,Darwin City,2025-08-26 00:00:00+00:00,485000.0,460791.86327262875,504682.33892114507,465829.3559334392,458621.5602292712,410400.22,476494.7
12184967,Durack,2025-08-26 00:00:00+00:00,793000.0,551551.1472491912,619794.4116286326,601966.5673917339,630077.9954107475,572092.75,598160.9
12339742,Rapid Creek,2025-08-26 00:00:00+00:00,578000.0,392289.39886534074,444457.06374458194,442860.22881332785,440148.53932203335,485608.78,534074.5
12575429,Moulden,2025-08-27 00:00:00+00:00,535000.0,331647.0949295607,380687.8467050672,341269.2859181804,370370.7623458601,328460.56,349826.62
12346378,Driver,2025-08-27 00:00:00+00:00,701000.0,663448.8669881477,747112.5371675706,506868.27308506164,488184.13372897747,463403.34,531784.4
12392440,Parap,2025-08-27 00:00:00+00:00,350000.0,298167.758929549,326352.78412769036,292246.57457514765,253557.67516946478,338240.0,347887.7
12380665,Driver,2025-08-27 00:00:00+00:00,310000.0,237935.22410238427,260781.92925585055,253309.1865938368,232578.73511812623,244364.83,243642.52
12397802,Gunn,2025-08-28 00:00:00+00:00,695000.0,542300.3061566271,608391.2256697544,559471.7759139362,537571.830035944,552187.3,559299.25
12566459,Millner,2025-08-28 00:00:00+00:00,710000.0,717233.8859185089,823373.8271868391,652953.7853903101,669345.0541160424,640812.6,698190.9
12421191,Johnston,2025-08-28 00:00:00+00:00,750000.0,677055.7577932774,767683.9864283184,653821.5879030398,685414.0913389409,642717.9,704550.56
12379492,Bellamack,2025-08-28 00:00:00+00:00,760000.0,595423.9078970612,645865.1340092389,612718.6516996336,626006.3557670469,595807.8,628159.3
12585673,Gunn,2025-08-28 00:00:00+00:00,712500.0,533920.2002026592,600899.2048815137,575350.2532493847,587469.381741557,549819.5,558810.4
12587272,Other,2025-08-28 00:00:00+00:00,950000.0,524544.8752462765,574685.9851185848,659609.021607574,690983.1078568207,623530.7,659698.7
12287152,Rapid Creek,2025-08-28 00:00:00+00:00,590000.0,447907.4582811187,508935.69627193187,521337.5301769685,509870.7515432907,499061.3,522061.0
12281562,Marrara,2025-08-29 00:00:00+00:00,790000.0,585523.0038068411,645185.6773827645,528011.6753308797,508597.3291271027,502532.0,516170.25
12523912,Woodroffe,2025-08-29 00:00:00+00:00,680000.0,522093.12408391066,592620.5609600765,469486.7429778069,473663.49893722543,409237.47,454526.1
12285848,Bellamack,2025-08-29 00:00:00+00:00,780000.0,580835.2380346681,628835.3585113668,602527.975081822,589983.9242173936,576330.1,589731.94
12579892,Karama,2025-08-31 00:00:00+00:00,315000.0,241878.20149709753,268608.57506877056,246390.71278299013,222792.88408999867,205430.95,218213.94
12544547,Karama,2025-08-31 00:00:00+00:00,315000.0,241878.20149709753,268608.57506877056,246390.71278299013,222792.88408999867,205430.95,218213.94
12562557,Moulden,2025-08-31 00:00:00+00:00,600000.0,331626.1405906109,380661.89874861913,341725.9205355597,369594.75707319524,326623.22,348792.28
12585547,Zuccoli,2025-08-31 00:00:00+00:00,650000.0,462821.60368190263,525470.8902802056,447053.760735356,482128.665577899,483590.1,477434.0
12496432,Woodroffe,2025-09-01 00:00:00+00:00,540000.0,392191.88586310216,444738.92174617475,396158.28786122054,391720.93827547337,389598.75,398844.3
12236753,Muirhead,2025-09-01 00:00:00+00:00,850000.0,719295.8033658457,801790.8231193869,731904.0333681073,736609.3346516726,687711.3,772532.94
12434974,Driver,2025-09-01 00:00:00+00:00,690000.0,507189.4345130833,569659.1370029318,502582.80025706947,510828.57732397376,458948.94,536374.5
12185370,Anula,2025-09-01 00:00:00+00:00,645000.0,618504.6831763567,713385.7278661395,626349.4366144341,633038.7510031114,621458.25,628670.5
12365384,Nightcliff,2025-09-02 00:00:00+00:00,472500.0,380193.07691376744,425967.3385495338,406228.48831872677,401531.7765569551,376778.56,441686.88
12420647,Johnston,2025-09-02 00:00:00+00:00,355000.0,330229.48520152917,375571.95509502274,327661.9062922091,319725.10863779776,325937.72,325976.9
12368890,Darwin City,2025-09-02 00:00:00+00:00,555000.0,389420.1076017102,429774.4383310291,333771.1171594677,337515.1821643404,340687.78,386637.66
12413835,Rapid Creek,2025-09-02 00:00:00+00:00,527500.0,383500.22705013346,441168.2496059146,434531.9197359659,439087.9568142911,451327.56,471663.88
12419693,Woolner,2025-09-02 00:00:00+00:00,911500.0,719237.43600205,818537.159997024,721049.3814815069,764400.1020501559,689783.6,765576.44
12576388,Driver,2025-09-02 00:00:00+00:00,400000.0,239490.3075611353,266169.7046372192,257201.4875291262,242308.98776585385,244559.03,263922.28
12472874,Moil,2025-09-02 00:00:00+00:00,490000.0,571514.5729621375,655284.4343361413,635769.0190956292,638731.2266849107,594773.44,559455.56
12380221,Darwin City,2025-09-03 00:00:00+00:00,742888.0,459608.69430485996,510003.340774383,471874.8259417648,483377.9480534693,432999.28,543553.8
12491336,Larrakeyah,2025-09-03 00:00:00+00:00,390000.0,345634.8230128614,378615.5177233196,270754.2275858739,257991.84725883062,237757.6,251522.39
12475804,Malak,2025-09-03 00:00:00+00:00,542000.0,435917.6980391835,495458.4387954664,495775.5794832608,488076.67573861504,455095.6,511612.97
12277743,Gunn,2025-09-03 00:00:00+00:00,740000.0,540453.8289395941,618507.7502935956,575605.8305691121,557995.4619989436,549767.06,538045.2
12361652,Darwin City,2025-09-03 00:00:00+00:00,413000.0,390059.969851385,430535.5422548342,369627.12072075956,373365.24910903594,337345.4,314881.56
12195211,Coconut Grove,2025-09-03 00:00:00+00:00,340000.0,311179.5335559596,352237.8854971261,286252.48417322134,273655.7956073329,258469.48,325509.97
11810238,Darwin City,2025-09-03 00:00:00+00:00,405000.0,391646.31156884006,432421.59846574435,392803.72596416005,413040.6142914755,387921.84,394161.9
12437199,Durack,2025-09-04 00:00:00+00:00,620000.0,570553.2729209784,651031.9524428517,607145.2809056494,609749.0428967285,573478.56,579269.4
12596599,Farrar,2025-09-04 00:00:00+00:00,715000.0,553489.6383421003,621001.2363798281,592767.795853976,611391.5012253918,572449.7,569552.1
12393768,Darwin City,2025-09-04 00:00:00+00:00,425000.0,405763.70984881313,448252.6542534717,395340.3379945589,390197.5845546673,355875.88,398026.22
12405822,Zuccoli,2025-09-04 00:00:00+00:00,753371.0,549235.0959145305,620530.2378123824,557411.9156993813,553682.4928882712,565082.6,560023.0
12416236,Zuccoli,2025-09-04 00:00:00+00:00,795000.0,604297.3984897564,685753.2818213457,658242.7399209659,670738.8413462192,618914.4,710787.8
12587931,Malak,2025-09-04 00:00:00+00:00,600000.0,448570.99866361264,511926.9630809792,481321.81754035846,480074.76661976404,416959.3,432522.2
12429559,Zuccoli,2025-09-04 00:00:00+00:00,695000.0,520157.8136032582,586499.1346842628,541152.6386603995,541297.6814457781,531889.4,548494.5
12279870,Darwin City,2025-09-05 00:00:00+00:00,507000.0,390694.8688785289,431290.07214374264,395485.3686373605,417306.5120241579,373033.38,421910.12
12373088,Wulagi,2025-09-05 00:00:00+00:00,675000.0,497703.3574879565,572279.6788318666,533597.7878503485,528637.2729617618,489344.2,521188.97
12585548,Zuccoli,2025-09-07 00:00:00+00:00,650000.0,486700.30889607075,547160.176284014,486060.33956049645,477408.369368216,441126.56,482262.78
12407003,Other,2025-09-07 00:00:00+00:00,745000.0,432800.8034408572,482566.6936219933,489864.3603723011,495552.30790167255,586866.7,568110.75
12585545,Gunn,2025-09-07 00:00:00+00:00,640000.0,474630.0847801074,540542.9802544406,520309.43440529786,503581.70901659515,481634.0,482185.5
12360186,Stuart Park,2025-09-08 00:00:00+00:00,790000.0,465668.3848335565,526682.2612422074,534781.7999155398,610496.3894079443,500879.4,628816.8
12210628,Stuart Park,2025-09-08 00:00:00+00:00,380000.0,334876.40546475403,372073.23848940234,282555.9927248282,278669.17928682425,262748.97,304664.38
12563049,Leanyer,2025-09-08 00:00:00+00:00,760000.0,627641.2529289176,709083.2955970303,652376.7032350154,664052.4031109307,619992.56,660256.94
12326735,Larrakeyah,2025-09-08 00:00:00+00:00,660000.0,405923.2347548246,449087.61856666557,416733.34661101963,433033.0304752721,425577.44,463631.44
12322212,Darwin City,2025-09-08 00:00:00+00:00,148000.0,298009.4207567928,324646.43619373476,214619.93969978037,171727.47823319948,190621.17,192578.52
12338638,Bellamack,2025-09-08 00:00:00+00:00,775500.0,599398.9825369738,659365.4731219069,618479.4477105754,626754.580446357,616479.75,645801.6
12430363,Gunn,2025-09-08 00:00:00+00:00,827000.0,566796.837997678,651044.4789095615,594462.2263994839,599495.1907197466,588968.7,604719.1
12383432,Coolalinga,2025-09-09 00:00:00+00:00,480000.0,383563.337079634,426922.635128072,399108.00932994584,398142.7567568562,395266.34,399214.2
12427498,Durack,2025-09-09 00:00:00+00:00,792500.0,583264.9273637254,665212.5202728235,619494.6466022133,639639.5966580557,597824.94,657093.5
12546094,Wagaman,2025-09-09 00:00:00+00:00,610000.0,491191.58849537803,537679.6349381225,561411.30988685,584288.3555852093,501796.9,549879.8
12383368,Coolalinga,2025-09-09 00:00:00+00:00,480500.0,381530.0099895526,424485.04491313885,396659.9347108836,392989.54142769775,394317.94,399196.3
12397801,Moulden,2025-09-09 00:00:00+00:00,545000.0,495336.76135692006,587136.5645987549,453595.2302234716,435016.51313799835,425905.1,456622.84
12366442,Darwin City,2025-09-09 00:00:00+00:00,630000.0,463156.8210228646,514245.4524794563,628510.9466020827,647725.4005853331,580662.06,653780.6
12563909,Gunn,2025-09-09 00:00:00+00:00,615000.0,456078.22970351094,517816.87153758685,489503.0034575278,473732.89236534544,455087.38,465103.94
12107312,Parap,2025-09-09 00:00:00+00:00,612000.0,431970.5111082272,488052.4429069021,531618.3444912141,579275.8598698557,581500.5,625304.7
12603467,Bakewell,2025-09-09 00:00:00+00:00,440000.0,343814.42610457586,394340.79346392956,366803.19611999864,361755.95836215606,367475.28,371894.9
12437623,The Narrows,2025-09-09 00:00:00+00:00,542500.0,420905.59550429386,480190.46100580436,480979.05590403994,430120.16001958377,455252.3,441447.25
12329779,Darwin City,2025-09-10 00:00:00+00:00,510000.0,320669.3465790133,349778.4769460114,333781.96212838707,292931.2088422221,347002.3,364896.62
12456077,Muirhead,2025-09-10 00:00:00+00:00,730000.0,634189.3924790069,703707.8765340142,651443.9359940902,605714.7563443345,587977.56,625940.7
12395747,Stuart Park,2025-09-10 00:00:00+00:00,567500.0,391548.76757024747,439225.2582518647,388712.1159464112,399369.37697161734,356162.1,446195.38
12589403,Zuccoli,2025-09-10 00:00:00+00:00,700000.0,522671.4797297481,589550.9875801298,545020.3565782428,538511.17780311,524268.78,571908.94
12636124,Larrakeyah,2025-09-11 00:00:00+00:00,360000.0,347329.5628367839,380615.7679321351,282234.2579677259,267344.5880925227,243721.06,274509.34
12403538,Millner,2025-09-11 00:00:00+00:00,650000.0,509014.95022246375,581605.6758128678,499252.22784013965,489099.8332389953,487975.0,514148.56
12357877,Driver,2025-09-11 00:00:00+00:00,375000.0,288194.6647173595,323845.5869541603,303320.5724520725,298238.0885634701,291676.1,300648.62
12681389,Zuccoli,2025-09-11 00:00:00+00:00,715000.0,520157.4953126304,586498.612434347,539780.0913830437,541716.4876798945,523423.97,553653.75
12529893,Durack,2025-09-11 00:00:00+00:00,595000.0,437381.74086059874,491621.797790652,462253.1799098893,437830.1311563847,421435.6,466508.12
12281129,Bakewell,2025-09-12 00:00:00+00:00,390000.0,252595.5431996092,284452.2752091061,259868.52410495473,246726.25825043692,238620.56,251365.56
12358486,Darwin City,2025-09-12 00:00:00+00:00,400000.0,391025.8838745604,431684.7093481196,373771.7523083123,373894.47313247895,338454.28,407119.84
12432348,Wagaman,2025-09-12 00:00:00+00:00,628000.0,471854.9177259449,512822.3159745003,499100.2580501248,510674.28595510265,465168.7,534294.56
12492155,Woodroffe,2025-09-12 00:00:00+00:00,562000.0,390474.9048180278,442641.3758251673,379512.28484291653,374653.97422868013,383390.72,401235.97
12458165,Alawa,2025-09-12 00:00:00+00:00,650000.0,507995.6803596676,552226.174044815,595418.4642375736,585311.0588987427,555727.4,547710.44
12552742,Woodroffe,2025-09-14 00:00:00+00:00,550000.0,395612.23303707404,448917.99878059584,378619.7930376468,370836.48003267095,380400.25,401253.6
12449253,Wanguri,2025-09-14 00:00:00+00:00,920000.0,601961.9144126809,683745.5885212697,642276.0336130763,662633.6749346877,619624.3,690395.7
12449724,Lyons,2025-09-15 00:00:00+00:00,745000.0,652983.594072238,717093.1084232344,677232.4600403259,639505.796044265,617255.7,633094.44
12394471,Nakara,2025-09-15 00:00:00+00:00,670000.0,526749.1351596533,606432.1009115607,580902.8273149986,576004.6883984763,526843.0,580668.7
12379092,Fannie Bay,2025-09-15 00:00:00+00:00,982500.0,838574.1914066896,972983.3317284263,730873.1644356918,760223.7229114859,762561.9,818335.9
12409226,Bakewell,2025-09-15 00:00:00+00:00,325000.0,248717.8790069773,279750.07081013056,237801.6019780325,221953.3918721666,230530.02,231118.44
12374929,Darwin City,2025-09-15 00:00:00+00:00,266000.0,306492.7372065821,333880.34633294906,242363.1281036157,227874.66610512356,217571.83,230426.5
12454268,Wulagi,2025-09-15 00:00:00+00:00,677000.0,514487.62277337455,590499.5705737729,527079.6175545071,504860.60330563266,489881.16,531683.94
12059120,Stuart Park,2025-09-15 00:00:00+00:00,955000.0,761271.5613137891,861769.5913513814,751822.5962427339,781702.9873977402,743701.1,841098.0
12356652,Darwin City,2025-09-16 00:00:00+00:00,665000.0,527352.4275160216,592535.4414097666,489073.97393757495,570422.740519309,553729.8,566395.9
12543035,Johnston,2025-09-16 00:00:00+00:00,490000.0,394558.1430656859,451609.58474150515,409651.35395337536,401715.3028258697,425196.5,425058.66
12091333,Stuart Park,2025-09-16 00:00:00+00:00,605000.0,455102.21873122454,513819.55287977017,516356.57213595806,554185.414892997,503140.56,609389.94
12612230,Moulden,2025-09-16 00:00:00+00:00,545000.0,330877.7222952234,385924.25469169667,342646.40994694916,367060.6657888222,307717.6,346954.0
12412116,Moil,2025-09-16 00:00:00+00:00,605000.0,557598.0535658185,638109.6623381065,631712.6151427786,605932.4051657028,542969.44,554842.5
12337871,Leanyer,2025-09-17 00:00:00+00:00,430000.0,323251.5348114887,361927.88585061015,313310.0902982643,295631.33676597546,329741.75,320506.8
12526249,Johnston,2025-09-17 00:00:00+00:00,545000.0,377843.1322383606,431979.33262453525,392787.1962060976,387941.47266934183,400693.38,408933.56
12515148,Driver,2025-09-17 00:00:00+00:00,560000.0,392995.01470599556,437422.44104008604,399220.93638448237,385953.29716337787,365154.56,413414.75
12216228,Darwin City,2025-09-17 00:00:00+00:00,740000.0,468559.38399883645,520710.37815323734,642623.5657838583,698542.8488606219,659886.8,785069.9
12422783,Larrakeyah,2025-09-17 00:00:00+00:00,605000.0,402113.69479029306,444548.17884872225,404299.88842632703,424577.375618374,398379.38,455266.22
12457342,Nightcliff,2025-09-18 00:00:00+00:00,230000.0,286903.1381436667,316954.75033022027,207460.7562518529,186583.94328244074,156586.39,134747.3
12360736,Nightcliff,2025-09-18 00:00:00+00:00,520000.0,436414.4340665664,491645.999465836,513459.422160834,578715.7090685982,498246.22,587035.1
12475514,Larrakeyah,2025-09-18 00:00:00+00:00,310000.0,344943.84250433336,377800.1092651447,269288.40180564125,260987.63328839876,239697.56,276006.4
12660612,Zuccoli,2025-09-18 00:00:00+00:00,715000.0,521338.37342156604,587932.290978019,538781.7760009005,529325.696936032,516416.44,539291.44
12696262,Gray,2025-09-18 00:00:00+00:00,185000.0,228903.88388974243,249455.07875298883,283094.7788106647,230981.4762949874,222713.8,242660.25
12456495,Rapid Creek,2025-09-19 00:00:00+00:00,580259.0,443048.2628409602,512728.42756136006,556677.2241543743,612802.3844039224,550142.6,570164.6
12385637,Alawa,2025-09-19 00:00:00+00:00,770000.0,627591.2445628406,689678.2898553539,661554.3487861627,642014.4854597121,628202.44,602846.56
12223699,Marrara,2025-09-19 00:00:00+00:00,365000.0,335836.7290046407,373610.9203937789,309808.2036242375,292630.668478751,307861.4,333737.47
12458956,Bakewell,2025-09-19 00:00:00+00:00,460000.0,322339.43617164873,367870.24976953625,344456.92140158993,336084.1673792063,339615.03,355540.7
12454375,Darwin City,2025-09-19 00:00:00+00:00,520000.0,460845.48641591094,511482.3053798143,482685.73808866105,485804.7798732425,462048.12,489037.66
12393249,Stuart Park,2025-09-19 00:00:00+00:00,560000.0,448773.30161641055,506127.1329025609,504545.3145989813,574239.2857672166,517114.78,631349.56
12477803,Johnston,2025-09-19 00:00:00+00:00,415000.0,306731.54994824575,346213.90802058455,302717.2510008017,285742.4009216048,316068.47,326702.34
12342690,Millner,2025-09-19 00:00:00+00:00,510000.0,342276.12875350856,393178.71917918854,408322.4957042347,420564.9461868472,406625.12,464976.66
12485321,Johnston,2025-09-19 00:00:00+00:00,530000.0,373665.88280733005,426836.41162495833,386167.30169598234,377839.3296580775,385844.6,404503.25
12518871,Driver,2025-09-20 00:00:00+00:00,585000.0,505764.39562705066,568112.6841423798,445461.0545134559,435442.53399984416,395135.94,525524.25
12695138,Durack,2025-09-21 00:00:00+00:00,757000.0,496186.9729840136,563002.802602452,529250.395167464,503858.13885062793,499298.4,529612.1
12452206,Rosebery,2025-09-21 00:00:00+00:00,780000.0,564317.7513441998,636245.1711861348,595627.0945820471,597761.2624966763,574217.94,591434.56
12459129,Bayview,2025-09-22 00:00:00+00:00,730000.0,587165.1491333279,656206.4370925791,589651.6772338363,639244.1457394854,552878.6,638134.1
10682551,Rosebery,2025-09-22 00:00:00+00:00,240000.0,263967.02353082807,287951.70840305154,319595.84526429325,282419.13620745373,251657.95,256134.69
12371984,Woolner,2025-09-22 00:00:00+00:00,546000.0,431637.6083206278,490077.56577151257,457985.4892787229,441041.177619693,437213.9,461521.88
11951242,Larrakeyah,2025-09-22 00:00:00+00:00,69500.0,362091.60251419985,434683.10520380305,285615.88979664864,229967.55475844583,279577.0,271180.8
10727846,Parap,2025-09-22 00:00:00+00:00,810000.0,614722.3537095552,691517.3636263068,708424.4275562562,720080.6005586046,705430.6,705041.2
12451427,Zuccoli,2025-09-22 00:00:00+00:00,750000.0,538442.6028123628,608738.7010356021,560848.5522156775,549936.6568938121,541669.2,565058.94
12471749,Woolner,2025-09-22 00:00:00+00:00,455000.0,435408.49024062266,494691.51204811025,485259.1836891809,507703.76769661973,473516.7,521424.62
12453814,Darwin City,2025-09-22 00:00:00+00:00,507500.0,391117.21185860806,431792.44793509337,369352.2431174664,376351.0200577278,358393.84,380720.34
12436203,Alawa,2025-09-23 00:00:00+00:00,675000.0,502489.09800255834,543138.3689117144,569391.6278929941,570363.0717940263,511414.9,553347.06
12415931,Nakara,2025-09-23 00:00:00+00:00,925000.0,780983.5640269599,917509.0819348866,674003.6372491806,655029.7585076749,666131.3,629902.0
12432463,Leanyer,2025-09-23 00:00:00+00:00,724376.0,516715.55986167473,576958.795665049,542821.078391612,528398.578867623,491244.44,551139.8
12436643,Rosebery,2025-09-23 00:00:00+00:00,785000.0,563311.6795362913,635024.1954493708,597061.7591946617,601777.491560715,578395.5,599155.44
12474420,Millner,2025-09-23 00:00:00+00:00,399000.0,317732.7865097122,364659.99872672505,364803.43113172747,365618.7601371378,329775.38,353750.2
12354541,Karama,2025-09-23 00:00:00+00:00,555000.0,403102.661384438,453473.8371703321,448319.1484908939,440430.53802972473,424073.94,428573.47
12357051,Nightcliff,2025-09-24 00:00:00+00:00,520000.0,428240.99493489234,481733.673660927,457551.9028064302,427534.20090712677,410152.16,449453.1
12465472,Zuccoli,2025-09-24 00:00:00+00:00,750000.0,582649.8776653731,659326.9769739531,621137.913060271,624249.3736044902,610028.94,621316.6
12043677,Lyons,2025-09-24 00:00:00+00:00,650000.0,504176.04577810364,560152.9680280341,584207.0765267182,675753.4571058876,560624.7,601662.8
12439692,Muirhead,2025-09-24 00:00:00+00:00,860000.0,736166.6677457824,822065.8366381415,736806.8378155231,771553.4544516454,727041.56,777359.6
12581418,Durack,2025-09-24 00:00:00+00:00,600000.0,486618.47934005037,551314.4181021483,510961.2058611789,488600.9047843158,487659.12,473424.12
12553895,Tiwi,2025-09-24 00:00:00+00:00,740000.0,632781.8156899406,708904.3453766404,635250.2538151552,622690.73448559,611064.2,633393.4
10171254,Darwin City,2025-09-24 00:00:00+00:00,700000.0,405865.28720323794,448373.7908786187,466993.2312026984,536830.5570983253,506694.22,565739.44
12467371,Nightcliff,2025-09-24 00:00:00+00:00,450000.0,357167.6648474775,398368.9228509122,338604.7428789835,303285.6530711332,326217.28,409425.25
12434777,Berrimah,2025-09-24 00:00:00+00:00,775000.0,645108.1516699424,721308.2655393283,623542.5896354313,592099.0833246462,608241.44,652643.1
12401860,Stuart Park,2025-09-24 00:00:00+00:00,448000.0,390697.1531561583,438195.73839076736,372308.0237611666,375614.72163433785,338428.44,413428.94
12412656,Wagaman,2025-09-25 00:00:00+00:00,292000.0,267541.1429455628,290630.71054011123,284432.54941573035,262119.39740446437,246841.75,265967.66
12496018,Wulagi,2025-09-25 00:00:00+00:00,630000.0,501060.21698991663,576438.7627803929,525287.1661862135,529925.78088397,480831.78,533099.5
12816016,Zuccoli,2025-09-25 00:00:00+00:00,760000.0,587750.092855481,665544.0666652182,593297.1333831322,599933.9859221457,568245.1,599962.75
11944850,Rosebery,2025-09-25 00:00:00+00:00,765000.0,590155.5785595783,664758.7347136615,594639.5570228992,600370.5527348319,599094.25,609306.25
12708027,Bellamack,2025-09-25 00:00:00+00:00,900000.0,649486.4026920381,715762.1214294736,652015.8808580379,696584.4886651187,648548.1,703709.8
12462353,Fannie Bay,2025-09-25 00:00:00+00:00,390000.0,377039.71783226077,427752.0577607845,290224.7543195838,271681.98989995994,282258.72,266362.34
12466698,Malak,2025-09-25 00:00:00+00:00,656000.0,474496.7542480979,538111.2334853795,499305.8125329347,491567.87713254255,470826.16,505790.44
12455341,Zuccoli,2025-09-25 00:00:00+00:00,865000.0,723399.2860142415,828105.6900891638,659906.4827243106,662993.3893086376,666208.2,683821.3
12146029,Darwin City,2025-09-26 00:00:00+00:00,496000.0,309573.3625910935,337497.2016388859,335603.4184624976,356944.1631118383,356860.1,428856.78
7720273,Karama,2025-09-26 00:00:00+00:00,615000.0,513793.6302679093,585709.3631217786,552474.123877901,566880.0592541447,514315.3,524294.75
12707069,Zuccoli,2025-09-26 00:00:00+00:00,498000.0,396339.2252829781,451654.22096662776,416287.1215498915,407597.45547445473,404085.3,420651.38
12469469,Lyons,2025-09-26 00:00:00+00:00,880000.0,752955.3564941902,831720.918675514,756546.0668814129,775696.9427081498,730959.2,797222.3
11325267,Bakewell,2025-09-26 00:00:00+00:00,310000.0,245033.60088258376,270767.0560011646,306539.9897716147,243692.09229447524,207073.56,213658.44
12467825,Darwin City,2025-09-26 00:00:00+00:00,535000.0,461261.26943441166,511979.2118229193,486526.83662143006,492521.243796786,473666.62,529040.2
12462862,Wulagi,2025-09-26 00:00:00+00:00,897500.0,635762.1049606486,739284.0905908472,646916.5464941363,649127.118161139,633356.56,661416.56
12326448,Darwin City,2025-09-27 00:00:00+00:00,450000.0,406598.1758252875,449246.4791157671,412298.4623169024,413305.5723634947,377867.8,467928.2
12462740,Zuccoli,2025-09-29 00:00:00+00:00,865000.0,605758.9277885252,687540.225767858,653414.0281058055,657456.6646574916,622792.6,665011.6
12362781,Larrakeyah,2025-09-29 00:00:00+00:00,670000.0,469649.17126918427,522765.76925751235,553106.1310624828,628364.3207550824,560554.1,608756.75
12456720,Stuart Park,2025-09-29 00:00:00+00:00,520000.0,426343.99925049854,479979.77953284,397040.7214579579,392973.60890891857,337600.3,379127.2
12543688,Darwin City,2025-09-29 00:00:00+00:00,292000.0,307456.97027507046,335012.08036446763,265555.7284885839,256379.1357561539,240318.55,255810.75
12172515,Darwin City,2025-09-30 00:00:00+00:00,385000.0,402314.3297070571,442967.839797955,364811.4851717302,410813.28587875643,339355.38,486336.4
9931390,Darwin City,2025-09-30 00:00:00+00:00,550000.0,447401.0924137392,496512.40129725484,474396.7051023187,575922.0818992405,531067.25,572409.8
12437573,Gray,2025-09-30 00:00:00+00:00,695000.0,475142.1781001551,533954.4456029432,494144.9495011045,514959.36395190447,477296.53,578216.8
12454877,Wulagi,2025-09-30 00:00:00+00:00,700000.0,480909.39470559073,552713.1852546541,483390.6548293726,469792.727357909,373942.72,475473.34
12462514,Durack,2025-09-30 00:00:00+00:00,920000.0,757696.7873232778,878895.3421321937,673256.5299218489,716103.2270348876,704957.8,740815.1
12703021,Woodroffe,2025-10-01 00:00:00+00:00,635000.0,485461.0159974011,555506.2907928489,478983.73018935736,469154.2934440821,443030.5,489160.34
12117244,Darwin City,2025-10-01 00:00:00+00:00,265000.0,306358.57849185885,333273.95039565867,248704.96489001467,234859.60992980027,235051.95,270556.72
12512638,Stuart Park,2025-10-01 00:00:00+00:00,515000.0,400313.79990501364,448793.1783541828,394025.11123017315,412235.4207012422,371178.8,441555.47
12622772,Johnston,2025-10-01 00:00:00+00:00,520000.0,380626.43659648584,433880.2912495844,387484.81748925714,380695.17007367965,390224.56,397438.28
12512753,Stuart Park,2025-10-02 00:00:00+00:00,540000.0,418593.0678788965,469876.751496605,422521.72832692333,415849.0089269802,422841.4,521576.3
12382208,Bakewell,2025-10-02 00:00:00+00:00,330000.0,253412.19161980867,284388.51038283133,242471.97376386108,227478.11523072713,234861.94,235662.25
10439863,Parap,2025-10-02 00:00:00+00:00,445000.0,464042.1775072249,526270.0224146091,550243.1930112607,661779.1102993494,536038.0,613182.1
12742242,Durack,2025-10-02 00:00:00+00:00,600000.0,429666.4094693407,480791.8225184309,455649.9934886323,443437.8551780882,429549.38,439373.7
12394823,Fannie Bay,2025-10-02 00:00:00+00:00,850000.0,527075.212703925,608160.454137654,617523.0055269186,677626.5777634116,607585.75,653980.8
12451602,Driver,2025-10-02 00:00:00+00:00,405000.0,275085.66959563835,308939.5804342628,312271.4893858052,310339.7426057089,310790.4,311560.22
12363776,Fannie Bay,2025-10-03 00:00:00+00:00,465000.0,433647.18609944376,496515.96670278726,384008.9984256769,402804.1093849043,362949.25,404691.94
12321244,Darwin City,2025-10-03 00:00:00+00:00,298000.0,303854.6615855203,330340.49744120135,238431.64625083853,227002.68662376687,222540.33,237649.23
12444416,Johnston,2025-10-03 00:00:00+00:00,400000.0,338737.4093916226,384651.8512306229,332850.4466035894,327489.82314744714,334291.4,338960.75
12401461,Muirhead,2025-10-03 00:00:00+00:00,865867.0,821307.0539037837,919102.6271765163,734429.5335241158,767734.2362869415,717323.1,770620.5
12670791,Bellamack,2025-10-05 00:00:00+00:00,780000.0,693058.1387902453,766238.008758052,636324.9859705139,685899.0008814574,667259.9,670866.25
12020429,Stuart Park,2025-10-06 00:00:00+00:00,585000.0,453058.85452504805,510160.85205874615,478304.1460337985,449833.5208322303,439987.97,500162.44
12695136,Wanguri,2025-10-06 00:00:00+00:00,540000.0,482138.74772366585,539504.1148861257,529676.4952124774,529301.16461339,475258.47,528322.75
12716794,Berrimah,2025-10-06 00:00:00+00:00,800000.0,639376.3487615669,718446.3336351876,636554.751709142,612388.752469849,601506.75,647555.56
12432739,Larrakeyah,2025-10-07 00:00:00+00:00,405000.0,413903.1943045382,454761.37998617615,403850.7490723469,416852.297528938,392539.84,402691.9
12526827,Coconut Grove,2025-10-07 00:00:00+00:00,42000.0,354396.3181054423,403352.5407267691,374393.0971778969,363857.952832934,348810.9,366416.34
12508381,Rapid Creek,2025-10-07 00:00:00+00:00,525000.0,390266.67724853737,447225.2973844798,440328.7112117,452813.42483464966,456332.06,492280.88
12488268,Nightcliff,2025-10-07 00:00:00+00:00,492500.0,387836.5029343993,433773.42999459547,404241.7847790907,394670.5788056175,364380.56,433461.22
12585596,Bakewell,2025-10-07 00:00:00+00:00,522500.0,361060.93157855526,413249.0091624024,391432.9215143516,369645.4354051593,392686.25,393300.53
12515412,Zuccoli,2025-10-07 00:00:00+00:00,835000.0,618235.5052030801,700745.2238851516,634214.7713140657,664622.5893983254,602816.06,621970.56
12323129,Darwin City,2025-10-07 00:00:00+00:00,420000.0,410439.62464327284,452217.6875227777,393042.7089763518,378619.47406269895,385465.78,410785.9
12361114,Moil,2025-10-07 00:00:00+00:00,620000.0,446278.5979075695,502868.94235713297,507265.6053277374,491443.41583172313,441102.6,467716.7
12082266,Darwin City,2025-10-07 00:00:00+00:00,441000.0,398017.70206759876,438450.5102926088,395455.100062611,421227.5558367244,374591.25,420909.4
12254673,Darwin City,2025-10-07 00:00:00+00:00,890000.0,463984.93583545194,513416.03575033514,568692.4552327023,693581.6805481432,614564.94,712719.6
12680705,Rosebery,2025-10-07 00:00:00+00:00,490000.0,325396.32672030985,366066.16383534134,330898.92418812186,322710.4162191681,335993.38,360628.25
12210234,Muirhead,2025-10-07 00:00:00+00:00,920000.0,916448.0076519231,1030255.91045918,736093.3916427455,756893.2525416733,716226.6,782121.75
12505609,Nakara,2025-10-08 00:00:00+00:00,800000.0,591516.2295725248,684637.1852816178,652169.2659057997,657670.7920119412,647550.0,655340.0
12507830,Leanyer,2025-10-08 00:00:00+00:00,483500.0,297808.682102945,331389.4995264256,290879.9598926339,278445.8090184116,267431.66,300396.12
12439203,Humpty Doo,2025-10-08 00:00:00+00:00,647000.0,419989.4849997816,489388.4391919263,454389.2626778342,455853.9440852321,465527.28,399396.6
11939641,Humpty Doo,2025-10-09 00:00:00+00:00,510000.0,393456.857212978,467873.2503030475,401822.82571311964,396103.81027540454,379835.44,405451.03
12649615,Brinkin,2025-10-09 00:00:00+00:00,497000.0,455344.9208302573,521849.9552976469,494959.4818233293,619830.5960524208,534141.75,539051.3
12496380,Larrakeyah,2025-10-10 00:00:00+00:00,490000.0,414705.8866491107,455711.464876828,400955.3227307105,415317.45285059133,384462.78,404818.94
12455402,Parap,2025-10-13 00:00:00+00:00,650000.0,440136.0935716565,497120.1920276653,533876.7036631424,596402.2819559636,587846.4,638987.3
12659211,Bakewell,2025-10-13 00:00:00+00:00,400000.0,375525.4893232882,432055.9077147372,354794.1625319589,326822.59442222887,349564.84,308609.25
12280773,Darwin City,2025-10-13 00:00:00+00:00,525000.0,410932.04204465536,452801.2189588514,430944.1943573993,442323.3257794517,450910.25,509521.2
12690954,Moulden,2025-10-13 00:00:00+00:00,570000.0,413878.9530047285,486448.51887839957,417358.0472891378,401206.0431602312,415708.22,436419.1
12419400,Larrakeyah,2025-10-13 00:00:00+00:00,570000.0,466189.68550854526,514271.9512830335,456389.67391237244,418377.62750939705,432877.5,410850.56
12523849,Bellamack,2025-10-14 00:00:00+00:00,540000.0,386659.42341309664,425015.59939462494,381733.78346706973,368956.8440464185,395939.78,400177.8
12487951,Tiwi,2025-10-14 00:00:00+00:00,828000.0,673043.6440593615,756338.5974445551,598541.3724968585,589439.9278221836,570509.44,600043.44
12534919,Johnston,2025-10-14 00:00:00+00:00,525000.0,392502.97352005745,448482.82687820913,415971.29511712265,410217.82613370504,416559.06,435974.8
12845005,Gray,2025-10-14 00:00:00+00:00,420000.0,331778.28608312906,365439.0152873429,323762.4943727267,283859.1085116718,261869.4,315150.12
12798742,Marrara,2025-10-15 00:00:00+00:00,650000.0,566245.9221971579,630302.6374103966,524473.5228624367,521803.8649745158,484702.84,512769.16
12505245,Ludmilla,2025-10-15 00:00:00+00:00,670000.0,503358.10102385114,576190.4723848118,553397.2380851714,541122.9945148181,476816.1,472809.12
12359174,Darwin City,2025-10-15 00:00:00+00:00,400000.0,313759.7153095174,341206.5459021041,276996.7411542858,291527.72744274186,250959.33,276355.66
12538657,Rosebery,2025-10-15 00:00:00+00:00,755000.0,507748.5827405599,569837.5423454065,532173.0273509668,524238.3518801292,512403.5,525601.94
12485237,Alawa,2025-10-15 00:00:00+00:00,895000.0,745803.3379248326,817670.3040170191,668301.2774271757,650946.506396099,618765.7,578158.94
12507361,Anula,2025-10-16 00:00:00+00:00,480000.0,472220.2121273835,536675.0414398698,476312.0358353906,480503.2000450467,353002.38,477393.03
12652768,Karama,2025-10-16 00:00:00+00:00,610000.0,546922.8237926357,623088.2181613614,560763.7903818397,556792.0423830864,549143.0,555834.5
12515569,Rosebery,2025-10-16 00:00:00+00:00,718123.0,500804.70757938916,561446.8243107569,526549.5280186181,519525.33571037307,499973.1,510941.56
12483088,Muirhead,2025-10-17 00:00:00+00:00,985000.0,747711.2757720173,835004.5993763434,741635.4954266362,768729.419342471,729412.56,798601.1
11086778,Muirhead,2025-10-17 00:00:00+00:00,982500.0,747711.2757720173,835004.5993763449,741635.4954266362,768729.419342471,729412.56,798601.1
12500636,Anula,2025-10-18 00:00:00+00:00,782000.0,671872.2125092421,775261.63887432,651975.5043457433,673272.3476258771,682660.2,685341.9
12714102,Moulden,2025-10-19 00:00:00+00:00,570000.0,347557.2457571303,404922.5119508282,375801.75558888714,377351.61986102455,355492.22,382196.22
12543670,Malak,2025-10-20 00:00:00+00:00,651500.0,432755.2988095795,488918.50744710915,491238.4851730565,501281.7428032288,473093.75,537898.44
12558558,Nightcliff,2025-10-21 00:00:00+00:00,560000.0,385638.2156347401,431126.86280472396,407080.674524978,417061.0474543802,409439.3,470648.8
12732611,Woodroffe,2025-10-21 00:00:00+00:00,597000.0,376994.0206672529,426303.8196768881,362068.8583430234,373441.2453559715,327355.75,384436.75
12733725,Howard Springs,2025-10-21 00:00:00+00:00,570000.0,324393.4220728219,354762.0838922937,373965.4333129585,346423.98958701757,385149.38,380238.47
12558187,Zuccoli,2025-10-21 00:00:00+00:00,775000.0,540709.9247519411,609706.5782464381,557967.4176007346,554389.8544704377,536793.1,563744.0
12529758,Rosebery,2025-10-21 00:00:00+00:00,790000.0,506894.2358715716,568805.9476895601,530795.5077674657,526525.156833561,510455.97,528782.44
12403903,Farrar,2025-10-21 00:00:00+00:00,195000.0,255161.06179301415,275813.8644691966,330007.07997944026,280804.0995733633,269529.4,247878.3
12542886,Farrar,2025-10-21 00:00:00+00:00,758000.0,554792.0154223394,620624.4031826343,585609.8009679235,600050.9953003856,573995.1,565247.06
12540397,Karama,2025-10-22 00:00:00+00:00,333755.0,245755.74774734527,276375.21249964077,249253.66942080233,228717.2812068355,207787.11,224238.05
12533875,Driver,2025-10-22 00:00:00+00:00,430000.0,277453.17472818465,310974.4067242804,287051.3162010856,323839.78138970374,289218.62,362123.6
12523810,Fannie Bay,2025-10-22 00:00:00+00:00,685000.0,469657.53146287036,537271.9299444006,510903.1772583847,537605.6258457901,509116.56,596355.8
12642009,Rapid Creek,2025-10-22 00:00:00+00:00,440000.0,398272.1625562352,454901.46733712894,442072.7145988045,435956.91454493615,433629.5,456159.3
12545629,Woodroffe,2025-10-22 00:00:00+00:00,620000.0,431546.96844347677,491879.69444885367,448036.50433837256,439274.55160969123,432262.0,435570.84
12491673,Gray,2025-10-23 00:00:00+00:00,330000.0,237818.613277081,262915.0341712674,246767.03438586567,227897.5957961022,240899.55,236508.81
12467660,Nightcliff,2025-10-23 00:00:00+00:00,450000.0,334470.0526224433,370760.4155686631,295107.93253224395,287795.3697895664,263509.56,345660.34
12570543,Larrakeyah,2025-10-23 00:00:00+00:00,565000.0,468416.6167518462,516918.9051074429,472393.7698000505,434679.67737425794,464253.97,427222.72
12400687,Farrar,2025-10-23 00:00:00+00:00,220000.0,253624.47585055907,274024.94328311895,329547.34329127066,280544.48774093814,268321.44,247474.39
12513342,Larrakeyah,2025-10-23 00:00:00+00:00,490000.0,413383.495444525,454146.3081571643,397726.5353456503,413182.5402146969,382416.1,399849.0
12696983,Alawa,2025-10-24 00:00:00+00:00,840000.0,701885.5917519154,770135.8560378478,704852.0596154147,719098.6058688413,701355.5,694331.7
11826827,Karama,2025-10-24 00:00:00+00:00,222000.0,250732.9849615894,277162.4364758711,347334.73178744,270480.4360748945,289025.62,236697.0
12547079,Coolalinga,2025-10-24 00:00:00+00:00,615000.0,403759.5993643463,449695.4066331931,431907.0025571187,437819.4013188722,427389.8,446532.94
12626443,Berrimah,2025-10-24 00:00:00+00:00,512499.0,423010.04616588406,477641.08567463624,427959.15792314755,390507.6075537757,399960.72,427375.94
12562840,Millner,2025-10-25 00:00:00+00:00,370000.0,289235.49299744575,329784.7423520169,303671.9950002177,286952.3290120317,280639.12,311992.53
12732646,Farrar,2025-10-26 00:00:00+00:00,700000.0,581833.543780273,653271.8057540768,590916.1318205275,600547.8731062779,578852.94,587835.1
12794933,Karama,2025-10-26 00:00:00+00:00,625000.0,407645.5253446467,458491.8752410217,456028.01836598,450528.9805830079,429053.56,481523.78
12769416,Gray,2025-10-27 00:00:00+00:00,550000.0,387140.50410378113,428365.87991249654,381890.8310158616,383568.2825423775,367212.2,437254.38
12576384,Other,2025-10-27 00:00:00+00:00,810000.0,440956.1286927537,490745.35656874056,493799.3792787178,489459.95045544335,593504.8,547072.5
11948223,Woolner,2025-10-27 00:00:00+00:00,960000.0,891627.4425229437,1018638.3408707086,750194.7714277309,793552.0945566866,793225.6,874528.5
12725733,Rosebery,2025-10-27 00:00:00+00:00,510000.0,365971.72991255065,413325.4183718532,388112.79262823885,393784.0094549139,385821.4,409225.0
12577365,Tiwi,2025-10-27 00:00:00+00:00,752000.0,514418.5134758789,569050.244681282,510132.3277151978,509217.6041450544,465573.44,538569.9
12551181,Gunn,2025-10-27 00:00:00+00:00,882500.0,647061.8097355511,744280.264770776,628357.6504040295,646456.2679959489,649418.3,680174.5
12441541,Gunn,2025-10-27 00:00:00+00:00,600000.0,478583.3541589035,544591.2995973373,519971.2708618891,522381.93716352445,477848.53,506996.8
12524729,Leanyer,2025-10-27 00:00:00+00:00,440000.0,341977.1329562715,383481.8057211526,363040.7319048996,407998.6130416252,282992.12,353240.12
12653512,Nightcliff,2025-10-27 00:00:00+00:00,380000.0,343158.81143345125,380311.6832512071,326491.75013538124,300520.74755349185,322415.8,380575.88
12347516,Larrakeyah,2025-10-28 00:00:00+00:00,728000.0,474548.5286870304,524211.8054442826,577958.435488693,634020.6102766772,609723.0,652900.25
12469044,Rosebery,2025-10-28 00:00:00+00:00,390000.0,273314.56340185704,304121.42734313314,254587.347157731,240214.9950432376,220500.22,251802.72
12485687,Larrakeyah,2025-10-28 00:00:00+00:00,240000.0,311870.88697958406,337829.6304143738,224856.24261110762,199028.40028380466,191806.5,200733.75
12533500,Karama,2025-10-28 00:00:00+00:00,585000.0,417828.53827283613,470842.34549899213,468296.7797753994,461332.6018181018,434029.97,462632.34
12540957,Leanyer,2025-10-28 00:00:00+00:00,770000.0,655951.1857904055,740468.9382219196,658708.2413248287,681191.6536198675,634468.94,688165.94
12676531,Durack,2025-10-28 00:00:00+00:00,665000.0,500552.32486334286,566581.4962009874,515899.11923513655,505064.91681170725,497565.78,532905.9
12559292,Woodroffe,2025-10-28 00:00:00+00:00,605000.0,386227.4463420343,436602.99840298103,413505.9098172461,412783.52592983533,378157.28,434902.6
12534842,Nightcliff,2025-10-28 00:00:00+00:00,501000.0,387436.70982214645,433291.825739783,405529.3817918202,402823.7353860557,377176.53,433698.16
12569626,Coolalinga,2025-10-28 00:00:00+00:00,620000.0,402882.6781000228,448643.3962908814,427576.0022897244,440187.9095737609,427389.8,446532.94
10301394,Darwin City,2025-10-29 00:00:00+00:00,495000.0,452503.9819623278,500841.23904296017,423160.19050348224,442776.10022039345,383911.0,468419.3
12720272,Zuccoli,2025-10-29 00:00:00+00:00,680000.0,514455.0517921465,577873.7704064887,534430.7603037243,520818.4041817334,513900.03,529313.7
12464574,Jingili,2025-10-29 00:00:00+00:00,780000.0,779955.0297489541,918810.4512549244,694540.9839169307,718020.6780320863,667434.9,739314.6
12426805,Nightcliff,2025-10-29 00:00:00+00:00,760000.0,611748.4461491873,683351.5325865996,587190.5990398052,578484.4207051652,576718.3,594295.5
12560693,Bakewell,2025-10-29 00:00:00+00:00,450177.0,276375.40533130505,312245.70300667366,279782.65297712554,274461.6112994352,265352.5,281603.47
12549494,Gray,2025-10-29 00:00:00+00:00,725000.0,572606.9256517597,646414.9364392902,519605.0418651073,541425.7333771007,517000.38,634344.9
12504922,Nightcliff,2025-10-30 00:00:00+00:00,550000.0,394743.75820379186,442103.45618497033,419318.1699541098,419104.4083984532,438735.97,492503.94
12486106,Parap,2025-10-30 00:00:00+00:00,835000.0,815908.72336741,927579.4245008648,773707.8343608319,802970.329171007,816119.3,851090.5
12738588,Woodroffe,2025-10-30 00:00:00+00:00,615000.0,385448.8025287614,435656.3357120147,398065.0307153595,389966.9969667596,373837.16,404338.97
12811310,Ludmilla,2025-10-30 00:00:00+00:00,390000.0,291650.74482032267,332785.902243172,281273.9513524775,265110.2842125633,230990.4,269854.5
12649022,Bakewell,2025-10-30 00:00:00+00:00,565000.0,430652.5527164975,485324.07830535865,427447.57897557184,420266.4218762654,389413.75,438236.25
12569191,Parap,2025-10-31 00:00:00+00:00,340000.0,319599.23998837464,355656.7777785859,219651.46529875285,188439.52108148398,163616.27,208801.98
12135343,Darwin City,2025-10-31 00:00:00+00:00,498000.0,452487.64933472767,500821.79930642643,422626.5707463526,443184.64752394083,383911.0,472877.22
12537691,Darwin City,2025-10-31 00:00:00+00:00,510000.0,398266.1922603856,438745.43456860445,395044.20361992903,420865.26097447245,356895.5,437410.34
12578900,Larrakeyah,2025-10-31 00:00:00+00:00,605000.0,413681.5126442222,454498.5919465954,414134.1329023733,421686.34573668503,396815.66,444127.0
12469539,Darwin City,2025-11-01 00:00:00+00:00,502500.0,314197.2051220281,342050.26216412924,332260.3790215953,363899.3663689076,357363.47,409643.2
12306752,Stuart Park,2025-11-03 00:00:00+00:00,515000.0,451760.4211971183,509966.4604162624,472046.06085515325,446287.67719075724,439987.97,489093.62
12741073,Zuccoli,2025-11-03 00:00:00+00:00,735000.0,512108.5890953408,578297.8404538194,500906.53531400027,502999.3303432324,478755.34,540264.4
12527181,Bakewell,2025-11-03 00:00:00+00:00,385500.0,285797.96495478094,321874.900035715,280996.7146964377,263697.0869321562,279929.44,287404.75
12470527,Darwin City,2025-11-03 00:00:00+00:00,320000.0,312595.8346842799,340172.5446476261,269668.2094746563,263319.4032468097,269838.28,272308.16
12526427,Zuccoli,2025-11-03 00:00:00+00:00,820000.0,598570.1163120095,679109.9594495995,613925.5541295488,602568.6576756983,582410.7,582824.6
12516511,Wagaman,2025-11-03 00:00:00+00:00,290000.0,271946.79764680716,296133.32547539164,285539.01873991196,259022.79164066905,248597.03,268654.56
12458101,Darwin City,2025-11-03 00:00:00+00:00,860000.0,412352.9336372001,454928.4844723863,462760.2716482538,547028.3988484311,510968.34,560507.6
12583727,Bellamack,2025-11-04 00:00:00+00:00,850000.0,588009.2233924484,644924.1741221495,601652.6473132338,611765.9982082397,581999.8,592097.7
12596087,Johnston,2025-11-04 00:00:00+00:00,810000.0,566982.2052966775,648735.4153669177,580124.1059358824,564460.2895400206,576206.5,642268.1
12450578,Nightcliff,2025-11-04 00:00:00+00:00,335000.0,330310.72151497524,368857.81468109635,273583.69891207037,251574.19004518416,230328.5,269638.94
12346190,Moulden,2025-11-04 00:00:00+00:00,160000.0,209134.43856706872,239453.5703732363,279094.84549170214,242626.29506882417,216367.77,243509.88
12525350,Darwin City,2025-11-04 00:00:00+00:00,480000.0,397229.41456649103,437938.694513982,391827.01305682515,422312.2048500913,362610.2,421180.44
12535566,Bellamack,2025-11-04 00:00:00+00:00,787635.0,635015.8120266439,697566.1752686215,618872.4312860364,629826.7683784789,626824.2,649870.56
12799543,Zuccoli,2025-11-04 00:00:00+00:00,220000.0,276095.30357798043,302750.1557011322,297168.26745904883,248626.52452006732,267349.03,268308.12
12506984,Brinkin,2025-11-05 00:00:00+00:00,578000.0,447623.9401604823,513602.9822190737,483255.1652239834,604474.9652247311,516484.9,530753.3
12527592,Driver,2025-11-05 00:00:00+00:00,462000.0,289463.9577525425,324492.02540360484,315675.29935679765,333869.0090526813,331355.75,369656.28
12510967,Darwin City,2025-11-05 00:00:00+00:00,420000.0,412519.1070711236,455126.02577769675,406211.3829086891,410702.573374546,380437.25,446577.22
12545712,Nakara,2025-11-05 00:00:00+00:00,780000.0,667289.075268529,774689.1108117002,669118.7016056452,654493.3084129697,658621.8,686965.4
12570600,Farrar,2025-11-05 00:00:00+00:00,880000.0,771847.7174137469,879014.0280877979,682645.9261328728,741253.8875733218,705645.25,730140.56
12712015,Gray,2025-11-05 00:00:00+00:00,560300.0,393098.26773750706,436870.2243084333,381828.71159068897,384950.9905645624,373515.38,428601.66
12580337,Darwin City,2025-11-05 00:00:00+00:00,595000.0,467706.6665482878,518356.05066475575,470571.92246960045,454149.3747914406,466352.88,456622.4
12303803,Zuccoli,2025-11-05 00:00:00+00:00,795000.0,592529.0821174252,671729.6073894316,612945.6677417719,607475.220744578,576192.2,601108.2
12594025,Coolalinga,2025-11-05 00:00:00+00:00,370000.0,335027.9174886069,370632.87323840393,302123.0900200493,276247.6176844034,296168.22,296282.34
12475425,Stuart Park,2025-11-06 00:00:00+00:00,790000.0,479205.02765384415,543417.382297842,544181.5451376805,623341.9261784791,515616.75,615705.3
12576175,Coolalinga,2025-11-06 00:00:00+00:00,650000.0,400187.67155411706,446523.5916776977,428131.8570306024,440061.3374573156,429821.47,447089.88
12704826,Rosebery,2025-11-06 00:00:00+00:00,740000.0,567408.6799700407,640351.3932648444,591103.2788791887,603835.1924756726,578351.94,594627.1
12577945,Johnston,2025-11-06 00:00:00+00:00,350000.0,332269.7835910032,378471.2034396233,309525.0911019627,283173.80070765386,295231.12,295316.44
12587510,Bakewell,2025-11-06 00:00:00+00:00,750000.0,580796.653400139,662353.4927986688,523169.757790094,503472.9162527841,470010.56,506694.22
12519918,Stuart Park,2025-11-07 00:00:00+00:00,400000.0,341326.95514889556,379955.7266952149,286442.90276052756,278681.48323101946,276611.44,302230.3
12617511,Parap,2025-11-08 00:00:00+00:00,800000.0,544749.5806464407,608197.0369247567,642104.8794066218,600196.7623199731,628098.2,636212.1
12584647,Jingili,2025-11-08 00:00:00+00:00,755000.0,529302.5393447686,615689.8579467004,542183.9739242577,541262.5998105146,488673.1,548031.75
9231613,Darwin City,2025-11-08 00:00:00+00:00,616000.0,412354.7739338377,454930.70665912126,463807.5688068333,548412.343003649,498705.44,557197.94
12540294,Zuccoli,2025-11-09 00:00:00+00:00,725000.0,424957.00605002925,487136.5870855963,445396.56583717954,429183.56179212,434514.12,468675.34
12576920,Muirhead,2025-11-10 00:00:00+00:00,900000.0,729724.0171035512,817087.6656749154,723728.525563809,725860.7049420832,695160.56,735592.1
12691669,Moulden,2025-11-10 00:00:00+00:00,490000.0,341070.5141284274,398310.33657797734,362958.47845837154,377693.12401854066,332332.06,378328.62
12386342,Darwin City,2025-11-10 00:00:00+00:00,600000.0,468133.94091127865,518866.18168258923,471286.54219689925,467051.4302713163,472147.66,475802.66
12419775,Lyons,2025-11-10 00:00:00+00:00,807500.0,745090.5041052854,823655.8495882815,741958.5392691295,745110.9804757758,699474.5,761002.1
12605425,Alawa,2025-11-10 00:00:00+00:00,735000.0,461190.43403102347,498930.64412273397,525330.2222143761,525602.10327541,461069.62,489730.28
12622534,Rapid Creek,2025-11-10 00:00:00+00:00,611500.0,440358.768174379,511051.32701918005,522016.25622639403,499798.53305105615,493470.1,479347.44
11565254,Woolner,2025-11-10 00:00:00+00:00,420000.0,394348.56556747755,446911.012606697,384710.0176732218,382839.477023736,380448.84,427516.2
12739320,Bellamack,2025-11-10 00:00:00+00:00,605000.0,395753.7097089026,436755.7753472471,406070.8431333562,405332.1964862059,418467.12,427956.3
12577857,Anula,2025-11-10 00:00:00+00:00,600000.0,472229.11803891277,537576.0536055854,477641.656838832,471637.0623169815,373551.34,467005.34
12601701,Johnston,2025-11-11 00:00:00+00:00,960000.0,630949.3314012847,724157.8021093269,646451.2196853583,674790.4605428056,631244.2,676043.44
12616914,Darwin City,2025-11-11 00:00:00+00:00,380000.0,355183.55346026283,388336.68701935455,307211.78263991774,296515.8374608073,288576.4,323727.1
12613278,Bayview,2025-11-11 00:00:00+00:00,490000.0,508128.1648092978,561411.7349893596,449209.5114030082,432693.5755124416,411334.34,441425.78
11926921,Rapid Creek,2025-11-12 00:00:00+00:00,240000.0,292533.2008436038,333188.6745381695,203090.0698542333,148289.4707465366,157545.64,154861.6
12572433,Karama,2025-11-12 00:00:00+00:00,625000.0,415136.6157399196,468543.61622417904,465664.82233545766,460273.1183766914,435300.1,474211.28
12617864,Durack,2025-11-13 00:00:00+00:00,835000.0,571732.4416026206,652328.1575049078,599808.4781936116,614639.9538214416,566791.94,610056.9
12614849,Durack,2025-11-13 00:00:00+00:00,715000.0,467554.07094553125,541938.315572485,444906.3863545196,519697.24464384804,533704.4,603502.3
12844396,Darwin City,2025-11-13 00:00:00+00:00,465000.0,415146.57883366034,456029.5392859492,405344.58729631343,430292.8256692666,424700.03,468767.0
12572265,Wagaman,2025-11-13 00:00:00+00:00,820000.0,601348.8699976108,663043.1828095687,602620.545922196,608501.1095731432,587921.5,561388.2
12361691,Woolner,2025-11-14 00:00:00+00:00,506000.0,385027.48495978164,435541.96653751674,382230.62205390155,384410.50068469706,361766.34,416985.56
12437452,Darwin City,2025-11-14 00:00:00+00:00,460000.0,413692.6853068649,456520.617230099,404305.58199135086,386430.64502820326,392191.1,383503.7
12640130,Gunn,2025-11-16 00:00:00+00:00,700000.0,467302.42669361114,530857.0548973025,510783.299130689,479565.7890245184,489573.38,487901.94
12624005,Bellamack,2025-11-17 00:00:00+00:00,790000.0,627062.4476030672,689669.4656835007,619921.3324447135,636017.450260766,626397.56,637148.4
12646629,Gunn,2025-11-17 00:00:00+00:00,895000.0,749519.6461568818,869921.3617814353,661427.8186344953,707787.6066999864,686235.25,728451.2
12641826,Rapid Creek,2025-11-17 00:00:00+00:00,630000.0,734679.7587627743,851507.7427054232,648978.7541722815,666161.256669645,662499.25,687049.2
12642566,Wulagi,2025-11-17 00:00:00+00:00,780000.0,710949.5509776204,830215.6201427742,614393.7785556306,626877.3235911789,611738.8,660391.06
12635413,Malak,2025-11-17 00:00:00+00:00,790000.0,556937.972700148,643689.41809574,635500.656186632,641428.8935625044,629924.8,637244.44
12474324,Farrar,2025-11-17 00:00:00+00:00,780000.0,713635.7896785644,812002.6433710781,660057.5934891907,713948.0311868886,683792.6,678742.5
12600402,Anula,2025-11-17 00:00:00+00:00,735000.0,517068.71141501423,588874.7111397758,521633.28603576374,531815.5628427374,497068.72,523083.16
12602200,Karama,2025-11-17 00:00:00+00:00,745000.0,557050.8869643753,636843.5727720478,568034.5579649055,580221.7663406602,547905.3,583871.6
12621453,Alawa,2025-11-17 00:00:00+00:00,837500.0,563884.9377697707,616184.4670773591,677221.1813675506,682017.6625161886,645157.7,643080.8
12615430,Coconut Grove,2025-11-17 00:00:00+00:00,474500.0,398240.821993705,456515.9945940224,428606.267587521,410829.5574188056,408255.16,410247.6
12639946,Johnston,2025-11-18 00:00:00+00:00,530100.0,398085.5136302022,457442.8590543335,421888.94935060974,404983.24121630157,425264.62,438039.44
12617874,Alawa,2025-11-18 00:00:00+00:00,682000.0,468955.40641895164,506871.16340079345,526082.5106338754,518814.61589680996,458980.47,493539.28
12508361,Karama,2025-11-18 00:00:00+00:00,350000.0,245115.98851248983,276171.4027060943,248041.29709307087,228720.03147499662,213555.77,221906.88
12545199,Johnston,2025-11-18 00:00:00+00:00,410000.0,335821.4620086374,382831.39489132917,335295.63231067715,326074.26291961374,333082.78,331987.72
12597246,Millner,2025-11-18 00:00:00+00:00,731500.0,711001.9605001416,829073.3551844751,653782.0043785479,687996.428132017,626947.94,691360.3
12534901,Rosebery,2025-11-18 00:00:00+00:00,435000.0,393085.48917425825,447371.3146035748,413933.25278423185,410402.4278679357,414815.97,436006.4
12426514,Coconut Grove,2025-11-18 00:00:00+00:00,423000.0,364238.08323141123,415906.17951247323,384814.3135658742,367114.66682844254,369614.7,384127.78
12519894,Darwin City,2025-11-18 00:00:00+00:00,470000.0,496787.48917955934,539905.5866208471,401322.58362218237,383216.5951409246,374452.66,415777.6
12725673,Darwin City,2025-11-18 00:00:00+00:00,445000.0,397998.6082703185,438852.50955896336,377282.70239499456,394145.0837573554,357868.9,387219.56
12576936,Berrimah,2025-11-18 00:00:00+00:00,775000.0,618740.3386199794,693263.3825916003,619168.5127387804,593083.9793348307,585553.44,630466.3
12637634,Gunn,2025-11-19 00:00:00+00:00,675000.0,471947.0457853974,536540.6607550369,523668.46005515463,519079.2477773923,476496.97,515518.44
12721462,Millner,2025-11-19 00:00:00+00:00,475000.0,323220.0566152359,373894.4635217786,367722.9863907111,379862.4088422388,330607.66,366941.22
12811311,Woodroffe,2025-11-19 00:00:00+00:00,635000.0,437460.7248472265,500231.79534161196,454775.1688743797,431822.03051258,439628.94,466928.75
12719168,Parap,2025-11-19 00:00:00+00:00,125000.0,292623.86723160004,326265.141782135,147200.97449084814,106345.85743533287,99646.164,101706.055
12631580,Durack,2025-11-19 00:00:00+00:00,775000.0,565560.0631623348,644747.9819633208,604631.4889243467,639045.3837916326,579632.94,631978.5
12624047,Coconut Grove,2025-11-19 00:00:00+00:00,405000.0,307039.4765467324,347626.9917032758,279331.48820430366,268942.37111424224,251395.53,285323.47
12633378,Zuccoli,2025-11-19 00:00:00+00:00,755000.0,538385.5770833015,608986.6903232043,553922.9353032084,555380.7004670856,532518.2,561617.94
12451100,Zuccoli,2025-11-19 00:00:00+00:00,820000.0,783280.9475902012,902368.8896005314,679990.8274089237,695047.5465555929,681718.8,680750.1
12215811,Stuart Park,2025-11-19 00:00:00+00:00,591500.0,451665.78185157856,509851.3423974726,469723.0519476873,472488.27044150163,489867.12,486549.34
12560080,Parap,2025-11-19 00:00:00+00:00,472500.0,397087.6573731904,448851.54905110184,400580.0971811613,392108.2235923508,410390.03,441109.75
12631579,Gunn,2025-11-19 00:00:00+00:00,648000.0,470811.18990604713,535150.8257113026,516287.51291160344,520663.54708115483,470129.34,502238.3
12496154,Darwin City,2025-11-19 00:00:00+00:00,516500.0,454780.078869603,504042.2659510593,469217.716539307,573773.4326155919,544814.44,597017.6
12706235,Rosebery,2025-11-20 00:00:00+00:00,720000.0,557620.4228274857,628457.6937177671,582219.0719513412,598881.2663717982,564953.9,577317.0
12607224,Durack,2025-11-20 00:00:00+00:00,777500.0,487558.4086529549,552338.2566971898,513559.9267363819,500598.63948216604,494018.66,505702.16
12718184,Parap,2025-11-20 00:00:00+00:00,130000.0,301371.8040302073,335310.673458117,247263.56558749758,193212.44513426698,211235.5,178281.66
13067908,Woodroffe,2025-11-20 00:00:00+00:00,535000.0,385452.18707384594,437567.7063166658,406248.58609791985,406487.89664342464,379795.25,410611.22
12585676,Darwin City,2025-11-20 00:00:00+00:00,485000.0,411439.1922048567,452634.69288752886,385761.61187264463,421316.898428378,433140.53,429096.53
12642875,Zuccoli,2025-11-20 00:00:00+00:00,800000.0,540733.6714971073,611849.6239453888,559564.7457996637,559024.4548464471,544228.7,577320.3
12759739,Karama,2025-11-21 00:00:00+00:00,670000.0,435255.31847059797,493051.91676614725,464442.74863683304,429844.3842620461,440777.53,441359.28
12757731,Karama,2025-11-21 00:00:00+00:00,600000.0,411230.1778267153,463796.6540676101,460595.1238748852,459125.0981610955,433183.1,464743.0
12737230,Bellamack,2025-11-21 00:00:00+00:00,695000.0,508835.1603813112,554747.3189154934,540143.2903941781,527666.7055523971,518421.8,504891.16
12642871,Johnston,2025-11-21 00:00:00+00:00,752500.0,547996.4975872017,625364.9180967298,578318.2378255998,564632.4583996623,556662.56,568701.6
12493762,Parap,2025-11-21 00:00:00+00:00,320000.0,300936.10314267874,334788.1495154778,275208.17293368134,258559.95207478234,292477.2,287009.5
12654319,Driver,2025-11-22 00:00:00+00:00,375000.0,294780.4219162824,331538.071548545,307857.423880391,302244.8085430159,299302.9,311657.7
12587996,Karama,2025-11-23 00:00:00+00:00,680000.0,516602.32307507755,584786.1989541582,491872.13542438496,492316.4232877855,493150.66,491460.44
12729289,Gunn,2025-11-24 00:00:00+00:00,400000.0,342958.43749026937,393476.9475740088,352037.4284957126,351252.8715236601,322784.38,345601.34
12888228,Johnston,2025-11-24 00:00:00+00:00,475000.0,315956.6399702104,352715.99710059585,394196.9301113335,382607.548713555,360962.0,375842.6
12616916,Karama,2025-11-24 00:00:00+00:00,568000.0,500249.2619032685,568866.179637889,512191.9392354887,490663.32337107835,497459.5,530063.4
12576926,Karama,2025-11-24 00:00:00+00:00,710000.0,514730.7787601973,587451.8284947171,556959.6752464715,561042.8345175791,512592.66,505743.16
12631667,Gunn,2025-11-24 00:00:00+00:00,630000.0,414465.2701445913,466634.2137527844,444396.2433127468,426388.8637773363,423929.56,451146.38
12580536,Darwin City,2025-11-24 00:00:00+00:00,580000.0,470940.8997861011,522217.7796039911,603110.4145319967,585902.3037241017,571952.0,536916.5
12733523,Gray,2025-11-25 00:00:00+00:00,575000.0,488243.9098596383,548753.7583193879,488900.81951217854,511809.73327718326,468464.44,595279.6
12567351,Wanguri,2025-11-25 00:00:00+00:00,677000.0,436312.47113945195,486021.3245672208,490534.9684681977,476864.34829196875,361154.12,508537.2
12650768,Woodroffe,2025-11-25 00:00:00+00:00,650000.0,482014.95006864006,553672.9079525074,475663.51200422907,466441.43656056054,438956.53,509301.12
12661802,Karama,2025-11-26 00:00:00+00:00,699000.0,520229.97563720186,594215.3152080702,553665.4793816345,561013.1605126495,519476.47,544949.0
12595534,Parap,2025-11-26 00:00:00+00:00,515000.0,330819.5923070687,369632.28429361095,262630.5653000185,267809.68338531646,256016.97,295590.03
12611193,Malak,2025-11-26 00:00:00+00:00,775000.0,559523.2549181755,645491.96848519,620225.971666348,624292.8856259953,603939.9,617190.4
12537984,Darwin City,2025-11-26 00:00:00+00:00,223262.0,312906.3894423552,340536.4251721748,271232.4989542768,284146.8153302043,251984.1,273732.66
12452823,Alawa,2025-11-26 00:00:00+00:00,753500.0,498450.20933569974,542314.1712730658,594862.985445954,590553.0960419971,541057.4,521372.9
12663670,Jingili,2025-11-26 00:00:00+00:00,600000.0,488348.9417595951,567009.8912707872,532938.4867701054,503722.61728492734,471178.75,536991.75
12738571,Darwin City,2025-11-26 00:00:00+00:00,465000.0,410854.05919473484,453146.956239416,398020.64467797853,390965.08688967006,385982.62,394028.12
12789354,Gray,2025-11-26 00:00:00+00:00,336000.0,236642.0210103128,262930.8015450889,248492.17016740644,253179.96034672938,233416.12,263950.47
12555961,Muirhead,2025-11-27 00:00:00+00:00,899000.0,745587.0691217933,836239.1653271195,733658.8807651483,744458.8856325493,724104.94,755600.06
12842057,Driver,2025-11-27 00:00:00+00:00,335000.0,236373.62088696987,262788.8347014078,246389.34319223367,253129.8672540119,217319.05,257749.73
12501095,Driver,2025-11-27 00:00:00+00:00,445000.0,399047.26375593746,444160.09971045575,449257.44255279796,447772.6560970507,436247.62,474576.38
12624170,Woolner,2025-11-27 00:00:00+00:00,749000.0,579163.5279769263,651724.0965807479,650930.0667317511,653304.2512464396,615937.9,628035.9
12662268,Bellamack,2025-11-27 00:00:00+00:00,875990.0,616375.8094660577,678502.9473524576,627465.9840816323,677605.1521736603,601349.0,640790.6
12417615,Jingili,2025-11-28 00:00:00+00:00,666000.0,529304.8756881389,615693.798568355,531844.1928640595,536893.8060247073,484875.28,508330.12
12844511,Leanyer,2025-11-28 00:00:00+00:00,433177.0,301951.1593674702,336769.79591558944,288244.342290181,279621.30699793715,273334.3,286389.38
12612428,Lyons,2025-11-28 00:00:00+00:00,995000.0,745090.107347551,823655.24700742,739305.9289711259,742318.2321913469,696923.56,761002.1
12180848,Coconut Grove,2025-11-28 00:00:00+00:00,746000.0,522508.8158052423,593936.9343984318,518047.5052708346,513599.13351994246,472822.66,477843.97
12509177,Driver,2025-11-28 00:00:00+00:00,470000.0,365205.61390915926,403846.69761406234,409462.310961332,409312.1224684053,390224.2,451767.66
12608225,Durack,2025-11-30 00:00:00+00:00,850000.0,586564.6174713466,670577.6836981773,604198.0532804037,600841.1724031736,573625.75,618781.6
12663944,Tiwi,2025-12-01 00:00:00+00:00,667500.0,502673.05325144285,566046.8471662478,508739.9346417572,513688.27979213727,472847.47,512811.72
12671214,Lyons,2025-12-01 00:00:00+00:00,730000.0,500655.8518290775,563598.5058055737,573834.2773041434,666359.9783263877,560814.56,587701.2
12528023,Driver,2025-12-01 00:00:00+00:00,388000.0,273365.7843352626,310506.58044298703,309869.67088251887,306390.4060104164,310159.75,310128.7
12595070,Stuart Park,2025-12-01 00:00:00+00:00,650000.0,461969.8583356332,529292.5285797607,494952.97619803937,480847.23466493865,477151.78,552486.5
12686884,Other,2025-12-01 00:00:00+00:00,930000.0,568176.4600613839,664904.1233919555,701421.283034149,704174.9010566805,704886.56,778036.8
12525349,Darwin City,2025-12-02 00:00:00+00:00,295000.0,302713.21334249375,333628.22082321317,243439.3137098015,227560.56589341318,238846.19,236095.95
12844684,Malak,2025-12-02 00:00:00+00:00,670000.0,434352.7729887615,501825.48535789555,503693.8019953269,497713.4634920106,463403.78,488615.3
12682110,Woodroffe,2025-12-02 00:00:00+00:00,700000.0,406849.05442910996,470614.4608716921,400192.08930080605,395094.0335501399,340752.47,319675.56
12680039,Wanguri,2025-12-02 00:00:00+00:00,780000.0,557653.3878553347,637017.6166887793,608142.5139156405,636572.4321927576,585034.3,595785.7
12610987,Other,2025-12-02 00:00:00+00:00,810000.0,212722.798812564,250247.86604183898,207407.91753907994,163718.89167400816,180564.42,141873.02
12560507,Rosebery,2025-12-02 00:00:00+00:00,837500.0,566068.0246585166,649033.8206004496,588491.153520605,593698.8766386551,578070.7,581481.1
12612329,Ludmilla,2025-12-03 00:00:00+00:00,940000.0,657638.3660177168,774371.3048383896,699270.4965990024,723528.6413038918,696289.1,701324.06
12838602,Nightcliff,2025-12-03 00:00:00+00:00,440000.0,330315.2513570139,373728.708813236,281489.11657619383,275953.5996271083,295814.5,289220.84
12825570,Nightcliff,2025-12-03 00:00:00+00:00,440000.0,330315.2513570139,373728.708813236,281489.11657619383,275953.5996271083,295814.5,289220.84
12847643,Durack,2025-12-03 00:00:00+00:00,735000.0,484932.69885504176,557603.1868491251,515832.71372396214,503056.8135083692,495641.53,522187.0
12605884,Driver,2025-12-03 00:00:00+00:00,388000.0,238576.7224111162,268828.4114070836,249316.74765083456,249206.0721659465,239260.2,254627.11
12015773,Larrakeyah,2025-12-03 00:00:00+00:00,445000.0,410737.8609135824,457081.38283337746,407723.26131900056,410934.8579397511,409140.7,434554.3
12589589,Gunn,2025-12-03 00:00:00+00:00,801000.0,554046.199509781,642712.250556983,584250.0141951704,581278.8276112295,562697.1,565340.8
12771877,Gunn,2025-12-04 00:00:00+00:00,755000.0,540041.4969705228,625229.6937657373,591473.7218750151,599201.7364510697,575854.4,606338.4
12707355,Coolalinga,2025-12-04 00:00:00+00:00,350000.0,335287.8537320886,375920.224264104,304244.51460901176,273327.94802165584,297600.56,283433.72
10139451,Darwin City,2025-12-04 00:00:00+00:00,475000.0,411371.80575246987,459695.1017129252,393147.07031651767,393835.99018918327,366398.16,392424.94
12844683,Driver,2025-12-04 00:00:00+00:00,631000.0,455733.7343233353,518888.70462080784,484978.543413425,480274.54340064427,466674.1,507333.44
12663671,Gunn,2025-12-04 00:00:00+00:00,710000.0,501359.7797412467,580114.2037142605,534077.5812379714,557057.5586669996,499520.34,523449.94
13065104,Bellamack,2025-12-05 00:00:00+00:00,630000.0,543158.704713193,610316.5494914331,551360.7220023649,563744.5405912537,547279.1,546113.4
12551314,Ludmilla,2025-12-05 00:00:00+00:00,890000.0,714830.3989145544,845301.0424026656,725699.2322075586,764910.0449618278,648127.06,747411.9
12452968,Zuccoli,2025-12-05 00:00:00+00:00,925000.0,619045.5554139146,713632.2145887743,624415.1797748648,662833.8837850332,601432.75,601371.4
12630381,Millner,2025-12-05 00:00:00+00:00,327000.0,275992.9286613558,321234.38973560877,250457.16536234602,231269.1496197316,230763.84,243054.2
12465932,Stuart Park,2025-12-05 00:00:00+00:00,475000.0,396688.4645405318,452499.1676091653,384876.96844201663,388720.8257475982,356381.56,416120.72
12721015,Woodroffe,2025-12-05 00:00:00+00:00,585000.0,384725.188780362,441304.65790086426,414053.55762163963,411866.0700472078,384989.66,391354.2
12616733,Farrar,2025-12-05 00:00:00+00:00,535000.0,381689.60075268283,436911.48046839837,434536.35698616784,407633.8215209268,419874.25,449992.66
12638566,Alawa,2025-12-05 00:00:00+00:00,522500.0,373425.3897725721,407004.2477370751,417250.830788865,395821.388518749,323684.5,353041.75
12640954,Leanyer,2025-12-07 00:00:00+00:00,647000.0,518421.67369720456,586891.0351777199,549072.5352181838,534683.9032922655,489547.7,544696.5
12651662,Johnston,2025-12-07 00:00:00+00:00,750000.0,547627.720080763,635214.4194312849,577062.2968779259,559091.1987554854,557153.3,559034.25
12611677,Millner,2025-12-08 00:00:00+00:00,491000.0,322367.0838672182,378788.52536404703,369004.3250198373,377089.2031526156,333618.12,361772.56
10195270,Gunn,2025-12-08 00:00:00+00:00,717500.0,638553.0514163818,745048.0287899215,593187.7355315934,578284.632706677,590613.3,586228.44
12553079,Marrara,2025-12-08 00:00:00+00:00,335000.0,310419.85240555817,352979.22520643566,285344.90443776274,239497.24608291476,224086.05,245817.5
12792766,Coconut Grove,2025-12-08 00:00:00+00:00,740000.0,419291.09595136624,488807.70501529204,545838.2861951909,647141.4575046215,507322.3,579115.8
12699461,Leanyer,2025-12-10 00:00:00+00:00,875000.0,644991.7449574722,738542.2126762493,641849.1762046095,674274.6718640913,618749.2,652757.06
12668370,Rosebery,2025-12-10 00:00:00+00:00,701000.0,508049.69638160226,580661.5742622287,532735.4466495792,542848.2424445915,509137.94,529263.25
12660670,Moulden,2025-12-10 00:00:00+00:00,476000.0,289712.9030156211,346418.7675086115,322592.0548213061,316458.2879631765,311566.47,280281.78
12651108,Nakara,2025-12-10 00:00:00+00:00,848000.0,673302.9376073176,795566.5245710621,643923.3787310844,604979.4315659454,643776.06,638682.06
12595262,Coconut Grove,2025-12-10 00:00:00+00:00,362500.0,300316.2832468914,343825.74588296923,252972.35548258593,226388.94274514134,233445.06,241587.22
12709594,Malak,2025-12-10 00:00:00+00:00,762000.0,836871.0747873886,994273.4526721106,628329.0676962488,638599.4475391868,610173.8,618587.5
12594740,Parap,2025-12-11 00:00:00+00:00,570000.0,432166.86810021865,496565.2854512835,457151.17219068867,448236.6247873193,441884.88,501649.53
12381365,Darwin City,2025-12-11 00:00:00+00:00,294500.0,302825.70223256416,333761.79222899175,249662.6604495112,232156.06539560517,238493.61,243195.4
12707446,Driver,2025-12-11 00:00:00+00:00,442000.0,235750.60015276694,265399.4570932967,246853.8604666275,245030.44400798445,234825.44,248770.4
12456207,Larrakeyah,2025-12-12 00:00:00+00:00,500000.0,467316.75040764565,522545.61187270883,480635.2650273305,448584.0763024585,479512.94,442437.28
12689970,Bakewell,2025-12-12 00:00:00+00:00,398000.0,249419.26504047422,284892.8763123838,249278.36979728157,227597.49403642977,238016.45,228499.45
12707743,Stuart Park,2025-12-12 00:00:00+00:00,280000.0,298400.50064361515,335545.57722797967,243932.1717750637,201680.19543083015,227780.16,242210.1
12850091,Zuccoli,2025-12-12 00:00:00+00:00,500000.0,411344.94959045475,476670.4294685838,446431.457962183,430804.5606154053,419786.16,452253.9
12718147,Coconut Grove,2025-12-12 00:00:00+00:00,310000.0,306240.1821951196,351137.8850878225,280334.8502533336,269148.025631975,273972.4,281446.7
12721159,Gunn,2025-12-12 00:00:00+00:00,620000.0,472693.5804126419,544462.801447469,521951.5672023265,528916.3052389072,482351.1,507161.22
12691721,Rapid Creek,2025-12-12 00:00:00+00:00,345000.0,292901.3987965792,337875.57962946885,213471.16275394565,164879.30263990484,170323.66,158777.52
12688720,Karama,2025-12-14 00:00:00+00:00,750000.0,513506.44387407537,593093.5545054408,551195.4224375052,554730.4123263097,519721.75,508507.12
12834740,Karama,2025-12-14 00:00:00+00:00,615000.0,389096.00052721257,443263.42434476834,415454.71943562664,408432.6528609663,363870.78,394662.56
12367737,Darwin City,2025-12-15 00:00:00+00:00,295000.0,302713.21334249375,333628.22082321317,243439.3137098015,227560.56589341318,238846.19,236095.95
12599316,Zuccoli,2025-12-15 00:00:00+00:00,840000.0,605288.9119906897,696562.2686680233,619973.1633041154,644106.51720023,584093.3,594674.2
12704803,Tiwi,2025-12-15 00:00:00+00:00,781000.0,650069.0009436597,741000.0289612132,640256.3679157809,635128.97377299,634867.2,683638.1
12698423,Wulagi,2025-12-15 00:00:00+00:00,795000.0,624591.8047516443,737321.8244013505,651274.94718782,657811.9970391925,625868.5,644482.5
12652465,Coolalinga,2025-12-16 00:00:00+00:00,383000.0,345415.0943042097,387316.1768477375,311235.99704018456,275176.2301418962,321739.44,292169.16
12850092,Leanyer,2025-12-16 00:00:00+00:00,445000.0,345640.41501088056,393307.8526341668,368846.9392050681,324881.9166707667,328976.9,335044.3
12609527,Moulden,2025-12-17 00:00:00+00:00,620000.0,354990.73011372524,417772.4089000275,380459.8506682087,372019.6103673508,371259.2,399347.84
12595652,Bellamack,2025-12-17 00:00:00+00:00,807500.0,626768.4430325608,708426.0475249161,645618.2476061314,671080.8018571071,650319.44,632184.6
12825657,Anula,2025-12-17 00:00:00+00:00,645000.0,491830.98575120146,567941.2694758688,523060.8943699308,525393.2944011242,474442.4,522338.9
12843985,Gray,2025-12-17 00:00:00+00:00,700000.0,478923.82776836894,544363.6631629602,480779.25775732455,472993.7246074758,443884.8,471612.6
12716230,Gray,2025-12-17 00:00:00+00:00,648000.0,398664.66840311623,449219.8548954754,366495.07590682077,363624.01902277046,371193.7,376571.62
12811844,Larrakeyah,2025-12-17 00:00:00+00:00,415000.0,361973.8525388858,399903.10136654595,292960.1623634377,279143.1332358266,301274.34,333089.78
12983181,Gray,2025-12-17 00:00:00+00:00,600000.0,382433.85238809284,429547.53200567816,366090.6364498657,365264.5776255131,365167.47,379743.44
12537810,Darwin City,2025-12-18 00:00:00+00:00,435000.0,383690.7264639742,428334.7238708334,274747.84160552686,242224.8523454816,306265.16,329834.53
12603431,Bakewell,2025-12-18 00:00:00+00:00,408000.0,320691.023176572,370626.2268388666,335543.5628530988,319320.14836601896,316640.2,295298.7
12817378,Fannie Bay,2025-12-18 00:00:00+00:00,640000.0,484963.52826350933,563010.0115473957,525850.4357675004,542164.6337999614,490128.34,588994.5
12705351,Bellamack,2025-12-18 00:00:00+00:00,275000.0,266249.263056638,295359.7628136438,267966.5162213636,241638.8161252841,255120.53,243427.92
12719012,Zuccoli,2025-12-19 00:00:00+00:00,845000.0,626266.8101869277,722604.4594566019,636140.9318535199,670622.8258415605,617938.3,617668.5
12862764,Rosebery,2025-12-19 00:00:00+00:00,390000.0,271893.41372706665,307965.1912907444,256862.70497544185,239524.62526875339,247858.67,257625.64
12677994,Nightcliff,2025-12-19 00:00:00+00:00,505000.0,385354.6492549334,440117.96404709783,405230.1398523927,413770.39607331797,385812.94,435051.1
12711381,Fannie Bay,2025-12-19 00:00:00+00:00,928000.0,524187.84795342735,612020.2064237444,623194.2859925767,638812.9830512872,592160.94,652843.56
12835614,Alawa,2025-12-19 00:00:00+00:00,300000.0,265353.72172853444,290089.0835011184,269325.0402538896,256820.88597253922,235429.53,237219.47
12706400,Nightcliff,2025-12-20 00:00:00+00:00,360000.0,336447.8307238295,381208.0016043303,284488.9571897424,280464.9274878607,275757.5,313732.03
12652364,Nightcliff,2025-12-22 00:00:00+00:00,265000.0,296204.3282283058,334047.6628123282,225573.40363689364,203841.1132044648,196857.95,175891.64
12664773,Rosebery,2025-12-22 00:00:00+00:00,820000.0,555058.2675171241,635944.5016229332,553759.3113748581,577537.9296356188,536231.8,539010.2
9411292,Darwin City,2025-12-22 00:00:00+00:00,200000.0,310203.1199520219,341779.1076902112,221351.89827529038,178595.00274968965,233156.27,205638.53
12654582,Rapid Creek,2025-12-22 00:00:00+00:00,800000.0,611537.9452526316,711349.0645165651,583903.8923273629,592536.8297211356,578636.06,626064.9
12260585,Nightcliff,2025-12-23 00:00:00+00:00,762000.0,439470.5385322796,504430.1651781412,504521.44635354634,556027.064480822,520290.6,548992.2
12718435,Bakewell,2025-12-23 00:00:00+00:00,530000.0,332288.034185241,385085.79854087596,351425.6624341742,327097.5581541073,354207.6,332460.75
12663441,Durack,2025-12-25 00:00:00+00:00,825000.0,742505.7547607638,869168.3330126932,671323.6223802642,730921.8926529208,664491.1,725069.56
11569006,Stuart Park,2025-12-25 00:00:00+00:00,450000.0,333345.2938938193,369120.2753980318,426331.66416045814,333852.08028450544,383706.0,323690.38
11726966,Zuccoli,2025-12-26 00:00:00+00:00,545000.0,535136.7971621793,613161.368888385,549589.2506756787,543505.8600891293,532252.2,541094.56
12671181,Nightcliff,2025-12-29 00:00:00+00:00,250000.0,313172.0884372606,354706.9104229767,219605.96093405705,178675.61129762887,179070.6,162318.84
12884915,Ludmilla,2025-12-30 00:00:00+00:00,740000.0,506261.5700272539,588515.0122969659,623563.8687551152,617873.4573329432,548923.06,583089.8
12513056,Darwin City,2025-12-31 00:00:00+00:00,785000.0,465674.7937668643,522675.69544876035,513475.85215541144,527355.2174329753,503165.97,517748.88
