fold,model,feature_set,property_id,sold_date,actual,pred
A: policy-blind (orig cutoff),XGBoost,baseline,10118147,2024-11-07 00:00:00,485000.0,500712.71875
A: policy-blind (orig cutoff),XGBoost,baseline,11574898,2024-11-07 00:00:00,470000.0,513345.0625
A: policy-blind (orig cutoff),XGBoost,baseline,11313906,2024-11-07 00:00:00,582500.0,521836.03125
A: policy-blind (orig cutoff),XGBoost,baseline,11361136,2024-11-07 00:00:00,310000.0,348904.71875
A: policy-blind (orig cutoff),XGBoost,baseline,11849989,2024-11-07 00:00:00,390000.0,367530.28125
A: policy-blind (orig cutoff),XGBoost,baseline,10675483,2024-11-07 00:00:00,634000.0,442066.96875
A: policy-blind (orig cutoff),XGBoost,baseline,11544725,2024-11-08 00:00:00,345000.0,490457.53125
A: policy-blind (orig cutoff),XGBoost,baseline,11491463,2024-11-08 00:00:00,539000.0,578192.0
A: policy-blind (orig cutoff),XGBoost,baseline,11594830,2024-11-08 00:00:00,450000.0,478351.0
A: policy-blind (orig cutoff),XGBoost,baseline,11507406,2024-11-08 00:00:00,625000.0,545696.875
A: policy-blind (orig cutoff),XGBoost,baseline,11368919,2024-11-08 00:00:00,390000.0,387286.0625
A: policy-blind (orig cutoff),XGBoost,baseline,11849991,2024-11-10 00:00:00,410000.0,389062.96875
A: policy-blind (orig cutoff),XGBoost,baseline,11563344,2024-11-10 00:00:00,450000.0,444094.40625
A: policy-blind (orig cutoff),XGBoost,baseline,11178823,2024-11-10 00:00:00,915000.0,806985.9375
A: policy-blind (orig cutoff),XGBoost,baseline,11597753,2024-11-11 00:00:00,270000.0,243256.875
A: policy-blind (orig cutoff),XGBoost,baseline,11349117,2024-11-11 00:00:00,760000.0,723246.375
A: policy-blind (orig cutoff),XGBoost,baseline,11556741,2024-11-11 00:00:00,485000.0,392579.90625
A: policy-blind (orig cutoff),XGBoost,baseline,11557902,2024-11-11 00:00:00,647000.0,602405.75
A: policy-blind (orig cutoff),XGBoost,baseline,11512861,2024-11-11 00:00:00,555000.0,576968.0625
A: policy-blind (orig cutoff),XGBoost,baseline,11562559,2024-11-11 00:00:00,530000.0,573283.9375
A: policy-blind (orig cutoff),XGBoost,baseline,11545759,2024-11-11 00:00:00,570000.0,570008.5625
A: policy-blind (orig cutoff),XGBoost,baseline,11720476,2024-11-11 00:00:00,445000.0,404407.21875
A: policy-blind (orig cutoff),XGBoost,baseline,11718022,2024-11-11 00:00:00,487500.0,470190.3125
A: policy-blind (orig cutoff),XGBoost,baseline,11421609,2024-11-11 00:00:00,820000.0,794005.1875
A: policy-blind (orig cutoff),XGBoost,baseline,11620096,2024-11-11 00:00:00,550000.0,489258.3125
A: policy-blind (orig cutoff),XGBoost,baseline,11441970,2024-11-11 00:00:00,328000.0,315380.4375
A: policy-blind (orig cutoff),XGBoost,baseline,11663730,2024-11-11 00:00:00,525000.0,508450.875
A: policy-blind (orig cutoff),XGBoost,baseline,11511618,2024-11-12 00:00:00,480000.0,465466.0
A: policy-blind (orig cutoff),XGBoost,baseline,11437790,2024-11-12 00:00:00,970000.0,739229.3125
A: policy-blind (orig cutoff),XGBoost,baseline,11418392,2024-11-12 00:00:00,865000.0,768518.5625
A: policy-blind (orig cutoff),XGBoost,baseline,11520880,2024-11-12 00:00:00,800000.0,698633.8125
A: policy-blind (orig cutoff),XGBoost,baseline,10961555,2024-11-12 00:00:00,515000.0,590201.75
A: policy-blind (orig cutoff),XGBoost,baseline,10119083,2024-11-12 00:00:00,305000.0,271210.5625
A: policy-blind (orig cutoff),XGBoost,baseline,11606474,2024-11-12 00:00:00,555000.0,642530.3125
A: policy-blind (orig cutoff),XGBoost,baseline,11215056,2024-11-12 00:00:00,440000.0,447114.15625
A: policy-blind (orig cutoff),XGBoost,baseline,11599720,2024-11-13 00:00:00,645000.0,627458.1875
A: policy-blind (orig cutoff),XGBoost,baseline,11903532,2024-11-13 00:00:00,615000.0,552560.8125
A: policy-blind (orig cutoff),XGBoost,baseline,11520881,2024-11-13 00:00:00,720000.0,642916.5
A: policy-blind (orig cutoff),XGBoost,baseline,11511335,2024-11-13 00:00:00,600000.0,647585.1875
A: policy-blind (orig cutoff),XGBoost,baseline,11719314,2024-11-13 00:00:00,620000.0,742869.625
A: policy-blind (orig cutoff),XGBoost,baseline,11499549,2024-11-13 00:00:00,450000.0,463182.875
A: policy-blind (orig cutoff),XGBoost,baseline,11508178,2024-11-13 00:00:00,460000.0,417756.15625
A: policy-blind (orig cutoff),XGBoost,baseline,11530979,2024-11-13 00:00:00,611000.0,545387.8125
A: policy-blind (orig cutoff),XGBoost,baseline,11458810,2024-11-14 00:00:00,450000.0,438683.65625
A: policy-blind (orig cutoff),XGBoost,baseline,11495109,2024-11-14 00:00:00,490000.0,494103.0
A: policy-blind (orig cutoff),XGBoost,baseline,11597710,2024-11-14 00:00:00,580000.0,675312.0625
A: policy-blind (orig cutoff),XGBoost,baseline,11574446,2024-11-14 00:00:00,830000.0,668580.3125
A: policy-blind (orig cutoff),XGBoost,baseline,11064060,2024-11-14 00:00:00,772500.0,583085.9375
A: policy-blind (orig cutoff),XGBoost,baseline,8752108,2024-11-14 00:00:00,500000.0,495089.75
A: policy-blind (orig cutoff),XGBoost,baseline,11517836,2024-11-14 00:00:00,406500.0,362541.375
A: policy-blind (orig cutoff),XGBoost,baseline,11271325,2024-11-15 00:00:00,102000.0,170670.0
A: policy-blind (orig cutoff),XGBoost,baseline,11438012,2024-11-15 00:00:00,612500.0,525749.3125
A: policy-blind (orig cutoff),XGBoost,baseline,11545391,2024-11-15 00:00:00,385000.0,311001.8125
A: policy-blind (orig cutoff),XGBoost,baseline,10938880,2024-11-15 00:00:00,475000.0,505107.875
A: policy-blind (orig cutoff),XGBoost,baseline,11303726,2024-11-15 00:00:00,480000.0,399933.28125
A: policy-blind (orig cutoff),XGBoost,baseline,11574911,2024-11-15 00:00:00,220000.0,207700.734375
A: policy-blind (orig cutoff),XGBoost,baseline,11589087,2024-11-15 00:00:00,460000.0,392043.78125
A: policy-blind (orig cutoff),XGBoost,baseline,11903530,2024-11-17 00:00:00,585000.0,608791.625
A: policy-blind (orig cutoff),XGBoost,baseline,11727200,2024-11-17 00:00:00,665000.0,669990.9375
A: policy-blind (orig cutoff),XGBoost,baseline,11849986,2024-11-17 00:00:00,485000.0,441654.0
A: policy-blind (orig cutoff),XGBoost,baseline,11495926,2024-11-17 00:00:00,630000.0,653116.9375
A: policy-blind (orig cutoff),XGBoost,baseline,11416901,2024-11-18 00:00:00,410000.0,420290.09375
A: policy-blind (orig cutoff),XGBoost,baseline,11732766,2024-11-18 00:00:00,560000.0,616130.625
A: policy-blind (orig cutoff),XGBoost,baseline,11532993,2024-11-18 00:00:00,615000.0,599974.8125
A: policy-blind (orig cutoff),XGBoost,baseline,11158625,2024-11-18 00:00:00,400000.0,414309.90625
A: policy-blind (orig cutoff),XGBoost,baseline,11371657,2024-11-18 00:00:00,291000.0,324585.59375
A: policy-blind (orig cutoff),XGBoost,baseline,11548330,2024-11-19 00:00:00,292000.0,309156.28125
A: policy-blind (orig cutoff),XGBoost,baseline,11605263,2024-11-19 00:00:00,265000.0,254193.046875
A: policy-blind (orig cutoff),XGBoost,baseline,10727712,2024-11-19 00:00:00,340000.0,252467.828125
A: policy-blind (orig cutoff),XGBoost,baseline,9702170,2024-11-19 00:00:00,399000.0,424267.28125
A: policy-blind (orig cutoff),XGBoost,baseline,11316575,2024-11-19 00:00:00,507000.0,586033.875
A: policy-blind (orig cutoff),XGBoost,baseline,11645146,2024-11-20 00:00:00,423000.0,401440.0
A: policy-blind (orig cutoff),XGBoost,baseline,11849985,2024-11-20 00:00:00,630000.0,618131.0625
A: policy-blind (orig cutoff),XGBoost,baseline,11618237,2024-11-20 00:00:00,355000.0,373169.28125
A: policy-blind (orig cutoff),XGBoost,baseline,11234402,2024-11-20 00:00:00,760000.0,592798.25
A: policy-blind (orig cutoff),XGBoost,baseline,11551955,2024-11-20 00:00:00,310000.0,301014.71875
A: policy-blind (orig cutoff),XGBoost,baseline,11494168,2024-11-20 00:00:00,453000.0,517857.53125
A: policy-blind (orig cutoff),XGBoost,baseline,11641493,2024-11-21 00:00:00,482000.0,454310.28125
A: policy-blind (orig cutoff),XGBoost,baseline,11579601,2024-11-21 00:00:00,525000.0,409756.5
A: policy-blind (orig cutoff),XGBoost,baseline,11713225,2024-11-21 00:00:00,672000.0,607975.8125
A: policy-blind (orig cutoff),XGBoost,baseline,11512697,2024-11-21 00:00:00,499000.0,526827.375
A: policy-blind (orig cutoff),XGBoost,baseline,11375532,2024-11-21 00:00:00,290000.0,312948.8125
A: policy-blind (orig cutoff),XGBoost,baseline,11544205,2024-11-22 00:00:00,395000.0,340963.09375
A: policy-blind (orig cutoff),XGBoost,baseline,11592027,2024-11-22 00:00:00,637270.0,653363.0
A: policy-blind (orig cutoff),XGBoost,baseline,11074417,2024-11-22 00:00:00,655000.0,706270.0625
A: policy-blind (orig cutoff),XGBoost,baseline,11515390,2024-11-22 00:00:00,565000.0,646340.75
A: policy-blind (orig cutoff),XGBoost,baseline,12257527,2024-11-22 00:00:00,435000.0,378034.3125
A: policy-blind (orig cutoff),XGBoost,baseline,10791472,2024-11-22 00:00:00,325000.0,308349.46875
A: policy-blind (orig cutoff),XGBoost,baseline,11625185,2024-11-22 00:00:00,493000.0,568109.6875
A: policy-blind (orig cutoff),XGBoost,baseline,11551778,2024-11-23 00:00:00,140000.0,202755.28125
A: policy-blind (orig cutoff),XGBoost,baseline,11972975,2024-11-24 00:00:00,970000.0,852440.5625
A: policy-blind (orig cutoff),XGBoost,baseline,11617726,2024-11-24 00:00:00,325000.0,323571.21875
A: policy-blind (orig cutoff),XGBoost,baseline,11513505,2024-11-25 00:00:00,245000.0,267506.125
A: policy-blind (orig cutoff),XGBoost,baseline,11903529,2024-11-25 00:00:00,445000.0,444940.125
A: policy-blind (orig cutoff),XGBoost,baseline,11312716,2024-11-25 00:00:00,295000.0,274464.84375
A: policy-blind (orig cutoff),XGBoost,baseline,11554747,2024-11-25 00:00:00,555000.0,587733.125
A: policy-blind (orig cutoff),XGBoost,baseline,11903533,2024-11-25 00:00:00,560000.0,501222.0
A: policy-blind (orig cutoff),XGBoost,baseline,11503842,2024-11-26 00:00:00,290000.0,295383.1875
A: policy-blind (orig cutoff),XGBoost,baseline,11723830,2024-11-26 00:00:00,570000.0,605740.75
A: policy-blind (orig cutoff),XGBoost,baseline,11410616,2024-11-26 00:00:00,598000.0,603753.3125
A: policy-blind (orig cutoff),XGBoost,baseline,10977934,2024-11-26 00:00:00,605000.0,659576.0
A: policy-blind (orig cutoff),XGBoost,baseline,11371344,2024-11-27 00:00:00,885000.0,662064.6875
A: policy-blind (orig cutoff),XGBoost,baseline,11389198,2024-11-27 00:00:00,750000.0,667788.875
A: policy-blind (orig cutoff),XGBoost,baseline,11144183,2024-11-27 00:00:00,585000.0,549270.25
A: policy-blind (orig cutoff),XGBoost,baseline,11561595,2024-11-27 00:00:00,665000.0,733268.875
A: policy-blind (orig cutoff),XGBoost,baseline,11611813,2024-11-27 00:00:00,570000.0,554786.9375
A: policy-blind (orig cutoff),XGBoost,baseline,11540544,2024-11-27 00:00:00,250000.0,246365.03125
A: policy-blind (orig cutoff),XGBoost,baseline,11407323,2024-11-28 00:00:00,390000.0,359412.46875
A: policy-blind (orig cutoff),XGBoost,baseline,11903535,2024-11-28 00:00:00,590000.0,570802.25
A: policy-blind (orig cutoff),XGBoost,baseline,11532919,2024-11-28 00:00:00,430000.0,455554.59375
A: policy-blind (orig cutoff),XGBoost,baseline,11547059,2024-11-28 00:00:00,265000.0,290711.0625
A: policy-blind (orig cutoff),XGBoost,baseline,11660081,2024-11-28 00:00:00,315000.0,338344.53125
A: policy-blind (orig cutoff),XGBoost,baseline,11676180,2024-11-28 00:00:00,585000.0,553530.75
A: policy-blind (orig cutoff),XGBoost,baseline,11461015,2024-11-28 00:00:00,550000.0,558161.625
A: policy-blind (orig cutoff),XGBoost,baseline,11866379,2024-11-29 00:00:00,600000.0,606149.3125
A: policy-blind (orig cutoff),XGBoost,baseline,11033451,2024-11-29 00:00:00,418000.0,442026.9375
A: policy-blind (orig cutoff),XGBoost,baseline,11405682,2024-11-30 00:00:00,742500.0,662654.0625
A: policy-blind (orig cutoff),XGBoost,baseline,11886903,2024-12-01 00:00:00,620000.0,645755.4375
A: policy-blind (orig cutoff),XGBoost,baseline,11649937,2024-12-01 00:00:00,405000.0,400108.75
A: policy-blind (orig cutoff),XGBoost,baseline,11181473,2024-12-02 00:00:00,407000.0,429117.0
A: policy-blind (orig cutoff),XGBoost,baseline,11377907,2024-12-02 00:00:00,350000.0,396536.46875
A: policy-blind (orig cutoff),XGBoost,baseline,11541211,2024-12-03 00:00:00,620000.0,609011.125
A: policy-blind (orig cutoff),XGBoost,baseline,11500463,2024-12-03 00:00:00,290000.0,253996.28125
A: policy-blind (orig cutoff),XGBoost,baseline,11671450,2024-12-03 00:00:00,590000.0,540852.0625
A: policy-blind (orig cutoff),XGBoost,baseline,11567940,2024-12-03 00:00:00,590000.0,579869.625
A: policy-blind (orig cutoff),XGBoost,baseline,11517878,2024-12-03 00:00:00,285000.0,293349.03125
A: policy-blind (orig cutoff),XGBoost,baseline,11644222,2024-12-04 00:00:00,790500.0,759427.4375
A: policy-blind (orig cutoff),XGBoost,baseline,11532058,2024-12-04 00:00:00,640000.0,598409.0625
A: policy-blind (orig cutoff),XGBoost,baseline,11111346,2024-12-04 00:00:00,500000.0,435408.0625
A: policy-blind (orig cutoff),XGBoost,baseline,11692663,2024-12-04 00:00:00,35000.0,215866.9375
A: policy-blind (orig cutoff),XGBoost,baseline,11610361,2024-12-04 00:00:00,650000.0,604163.4375
A: policy-blind (orig cutoff),XGBoost,baseline,11571789,2024-12-04 00:00:00,620000.0,547244.1875
A: policy-blind (orig cutoff),XGBoost,baseline,11082891,2024-12-04 00:00:00,490000.0,578244.9375
A: policy-blind (orig cutoff),XGBoost,baseline,11689145,2024-12-04 00:00:00,410000.0,368376.6875
A: policy-blind (orig cutoff),XGBoost,baseline,11620754,2024-12-05 00:00:00,630000.0,571231.875
A: policy-blind (orig cutoff),XGBoost,baseline,11559755,2024-12-05 00:00:00,565000.0,542852.9375
A: policy-blind (orig cutoff),XGBoost,baseline,11617516,2024-12-05 00:00:00,630000.0,652743.9375
A: policy-blind (orig cutoff),XGBoost,baseline,11441407,2024-12-05 00:00:00,770000.0,700755.0625
A: policy-blind (orig cutoff),XGBoost,baseline,11631830,2024-12-05 00:00:00,390000.0,343433.53125
A: policy-blind (orig cutoff),XGBoost,baseline,11626164,2024-12-06 00:00:00,270000.0,258071.703125
A: policy-blind (orig cutoff),XGBoost,baseline,11145799,2024-12-06 00:00:00,750000.0,583113.75
A: policy-blind (orig cutoff),XGBoost,baseline,11669562,2024-12-06 00:00:00,331000.0,287443.65625
A: policy-blind (orig cutoff),XGBoost,baseline,11666971,2024-12-06 00:00:00,445000.0,280667.75
A: policy-blind (orig cutoff),XGBoost,baseline,11495010,2024-12-06 00:00:00,325000.0,359574.625
A: policy-blind (orig cutoff),XGBoost,baseline,11868497,2024-12-08 00:00:00,436000.0,435531.40625
A: policy-blind (orig cutoff),XGBoost,baseline,11849987,2024-12-08 00:00:00,600000.0,602864.9375
A: policy-blind (orig cutoff),XGBoost,baseline,11662361,2024-12-08 00:00:00,850000.0,598418.1875
A: policy-blind (orig cutoff),XGBoost,baseline,11999845,2024-12-09 00:00:00,580000.0,578984.375
A: policy-blind (orig cutoff),XGBoost,baseline,11546792,2024-12-09 00:00:00,410000.0,372871.53125
A: policy-blind (orig cutoff),XGBoost,baseline,11319773,2024-12-09 00:00:00,566000.0,524548.3125
A: policy-blind (orig cutoff),XGBoost,baseline,11915324,2024-12-09 00:00:00,265000.0,258622.125
A: policy-blind (orig cutoff),XGBoost,baseline,11069359,2024-12-10 00:00:00,335000.0,375793.84375
A: policy-blind (orig cutoff),XGBoost,baseline,11650272,2024-12-10 00:00:00,575000.0,603586.9375
A: policy-blind (orig cutoff),XGBoost,baseline,11669602,2024-12-10 00:00:00,385000.0,462546.34375
A: policy-blind (orig cutoff),XGBoost,baseline,11638112,2024-12-10 00:00:00,907000.0,574072.8125
A: policy-blind (orig cutoff),XGBoost,baseline,11654513,2024-12-10 00:00:00,650000.0,782428.375
A: policy-blind (orig cutoff),XGBoost,baseline,11535250,2024-12-11 00:00:00,325000.0,315583.53125
A: policy-blind (orig cutoff),XGBoost,baseline,11651817,2024-12-11 00:00:00,595000.0,587493.25
A: policy-blind (orig cutoff),XGBoost,baseline,10834535,2024-12-11 00:00:00,730000.0,567782.5
A: policy-blind (orig cutoff),XGBoost,baseline,11972974,2024-12-11 00:00:00,575000.0,520814.3125
A: policy-blind (orig cutoff),XGBoost,baseline,11342945,2024-12-12 00:00:00,430000.0,429117.0
A: policy-blind (orig cutoff),XGBoost,baseline,11636870,2024-12-13 00:00:00,865000.0,643005.375
A: policy-blind (orig cutoff),XGBoost,baseline,11208536,2024-12-13 00:00:00,710000.0,732375.6875
A: policy-blind (orig cutoff),XGBoost,baseline,11585321,2024-12-13 00:00:00,490000.0,441782.0625
A: policy-blind (orig cutoff),XGBoost,baseline,11551219,2024-12-13 00:00:00,195000.0,215599.265625
A: policy-blind (orig cutoff),XGBoost,baseline,12164682,2024-12-14 00:00:00,455000.0,289338.34375
A: policy-blind (orig cutoff),XGBoost,baseline,11572787,2024-12-14 00:00:00,550000.0,594263.75
A: policy-blind (orig cutoff),XGBoost,baseline,11592089,2024-12-15 00:00:00,655000.0,561366.75
A: policy-blind (orig cutoff),XGBoost,baseline,11849988,2024-12-15 00:00:00,625000.0,642972.3125
A: policy-blind (orig cutoff),XGBoost,baseline,11892649,2024-12-15 00:00:00,602000.0,570525.25
A: policy-blind (orig cutoff),XGBoost,baseline,11812554,2024-12-16 00:00:00,572000.0,580645.4375
A: policy-blind (orig cutoff),XGBoost,baseline,11594256,2024-12-16 00:00:00,627500.0,645312.75
A: policy-blind (orig cutoff),XGBoost,baseline,11046802,2024-12-16 00:00:00,310000.0,287912.8125
A: policy-blind (orig cutoff),XGBoost,baseline,11627949,2024-12-16 00:00:00,270000.0,288208.96875
A: policy-blind (orig cutoff),XGBoost,baseline,11588787,2024-12-16 00:00:00,700000.0,777021.6875
A: policy-blind (orig cutoff),XGBoost,baseline,11158653,2024-12-16 00:00:00,370000.0,244863.8125
A: policy-blind (orig cutoff),XGBoost,baseline,11873152,2024-12-16 00:00:00,610000.0,599249.6875
A: policy-blind (orig cutoff),XGBoost,baseline,11903621,2024-12-16 00:00:00,520000.0,391825.09375
A: policy-blind (orig cutoff),XGBoost,baseline,10323168,2024-12-16 00:00:00,293500.0,357649.5
A: policy-blind (orig cutoff),XGBoost,baseline,11704821,2024-12-16 00:00:00,565000.0,477396.6875
A: policy-blind (orig cutoff),XGBoost,baseline,11559430,2024-12-17 00:00:00,612500.0,431317.78125
A: policy-blind (orig cutoff),XGBoost,baseline,11797789,2024-12-17 00:00:00,575000.0,500182.0
A: policy-blind (orig cutoff),XGBoost,baseline,11509349,2024-12-17 00:00:00,480000.0,490508.53125
A: policy-blind (orig cutoff),XGBoost,baseline,11583955,2024-12-17 00:00:00,495000.0,443567.0
A: policy-blind (orig cutoff),XGBoost,baseline,11849990,2024-12-17 00:00:00,750000.0,646727.9375
A: policy-blind (orig cutoff),XGBoost,baseline,11423857,2024-12-18 00:00:00,297000.0,278639.25
A: policy-blind (orig cutoff),XGBoost,baseline,11660319,2024-12-18 00:00:00,620000.0,510264.6875
A: policy-blind (orig cutoff),XGBoost,baseline,11629437,2024-12-18 00:00:00,542000.0,623976.25
A: policy-blind (orig cutoff),XGBoost,baseline,10195257,2024-12-18 00:00:00,447500.0,444651.25
A: policy-blind (orig cutoff),XGBoost,baseline,11644986,2024-12-18 00:00:00,541000.0,525567.3125
A: policy-blind (orig cutoff),XGBoost,baseline,11657681,2024-12-18 00:00:00,290000.0,277909.71875
A: policy-blind (orig cutoff),XGBoost,baseline,11419060,2024-12-18 00:00:00,450000.0,463877.34375
A: policy-blind (orig cutoff),XGBoost,baseline,11640644,2024-12-18 00:00:00,499000.0,531648.5
A: policy-blind (orig cutoff),XGBoost,baseline,10939316,2024-12-18 00:00:00,495000.0,381842.84375
A: policy-blind (orig cutoff),XGBoost,baseline,11702830,2024-12-19 00:00:00,377000.0,362757.1875
A: policy-blind (orig cutoff),XGBoost,baseline,11663136,2024-12-19 00:00:00,575000.0,442506.0625
A: policy-blind (orig cutoff),XGBoost,baseline,11691726,2024-12-19 00:00:00,225000.0,148759.421875
A: policy-blind (orig cutoff),XGBoost,baseline,9467587,2024-12-20 00:00:00,515000.0,475237.15625
A: policy-blind (orig cutoff),XGBoost,baseline,11537646,2024-12-20 00:00:00,335000.0,256484.46875
A: policy-blind (orig cutoff),XGBoost,baseline,11322506,2024-12-20 00:00:00,342000.0,317731.875
A: policy-blind (orig cutoff),XGBoost,baseline,11706667,2024-12-21 00:00:00,812500.0,652949.4375
A: policy-blind (orig cutoff),XGBoost,baseline,11663505,2024-12-22 00:00:00,450000.0,441140.4375
A: policy-blind (orig cutoff),XGBoost,baseline,11518762,2024-12-23 00:00:00,556000.0,539382.5
A: policy-blind (orig cutoff),XGBoost,baseline,11462270,2024-12-23 00:00:00,235000.0,148759.421875
A: policy-blind (orig cutoff),XGBoost,baseline,11653668,2024-12-23 00:00:00,430000.0,468292.0
A: policy-blind (orig cutoff),XGBoost,baseline,11146958,2024-12-23 00:00:00,550000.0,639307.9375
A: policy-blind (orig cutoff),XGBoost,baseline,11659459,2024-12-24 00:00:00,290000.0,267878.09375
A: policy-blind (orig cutoff),XGBoost,baseline,11464165,2024-12-24 00:00:00,580000.0,561414.9375
A: policy-blind (orig cutoff),XGBoost,baseline,11669634,2024-12-27 00:00:00,350000.0,291594.875
A: policy-blind (orig cutoff),XGBoost,baseline,11719447,2025-01-02 00:00:00,599500.0,497029.875
A: policy-blind (orig cutoff),XGBoost,baseline,11713747,2025-01-02 00:00:00,445500.0,398605.5
A: policy-blind (orig cutoff),XGBoost,baseline,11233827,2025-01-06 00:00:00,645000.0,650704.6875
A: policy-blind (orig cutoff),XGBoost,baseline,11620145,2025-01-06 00:00:00,799000.0,612309.6875
A: policy-blind (orig cutoff),XGBoost,baseline,11964493,2025-01-07 00:00:00,460000.0,429553.0625
A: policy-blind (orig cutoff),XGBoost,baseline,11695825,2025-01-07 00:00:00,530000.0,490928.78125
A: policy-blind (orig cutoff),XGBoost,baseline,11885662,2025-01-08 00:00:00,260000.0,245955.859375
A: policy-blind (orig cutoff),XGBoost,baseline,11695790,2025-01-08 00:00:00,355000.0,299116.875
A: policy-blind (orig cutoff),XGBoost,baseline,11947641,2025-01-09 00:00:00,532500.0,500650.625
A: policy-blind (orig cutoff),XGBoost,baseline,11962069,2025-01-09 00:00:00,430000.0,390242.8125
A: policy-blind (orig cutoff),XGBoost,baseline,11920674,2025-01-09 00:00:00,435000.0,379259.5625
A: policy-blind (orig cutoff),XGBoost,baseline,11345640,2025-01-10 00:00:00,705000.0,634143.5
A: policy-blind (orig cutoff),XGBoost,baseline,10436064,2025-01-10 00:00:00,440000.0,559279.0
A: policy-blind (orig cutoff),XGBoost,baseline,11962068,2025-01-10 00:00:00,510000.0,499490.8125
A: policy-blind (orig cutoff),XGBoost,baseline,10411375,2025-01-10 00:00:00,585000.0,550679.0625
A: policy-blind (orig cutoff),XGBoost,baseline,11962067,2025-01-12 00:00:00,600000.0,498812.46875
A: policy-blind (orig cutoff),XGBoost,baseline,11761477,2025-01-12 00:00:00,810000.0,719976.8125
A: policy-blind (orig cutoff),XGBoost,baseline,11903622,2025-01-12 00:00:00,670000.0,675049.375
A: policy-blind (orig cutoff),XGBoost,baseline,11954282,2025-01-12 00:00:00,420000.0,331728.53125
A: policy-blind (orig cutoff),XGBoost,baseline,11669569,2025-01-13 00:00:00,915000.0,830819.375
A: policy-blind (orig cutoff),XGBoost,baseline,11964494,2025-01-13 00:00:00,570000.0,570576.9375
A: policy-blind (orig cutoff),XGBoost,baseline,11572883,2025-01-13 00:00:00,680000.0,520039.5625
A: policy-blind (orig cutoff),XGBoost,baseline,11652113,2025-01-13 00:00:00,680000.0,561183.1875
A: policy-blind (orig cutoff),XGBoost,baseline,11350070,2025-01-14 00:00:00,525000.0,591069.1875
A: policy-blind (orig cutoff),XGBoost,baseline,11669557,2025-01-14 00:00:00,720000.0,569138.9375
A: policy-blind (orig cutoff),XGBoost,baseline,11753268,2025-01-15 00:00:00,670000.0,464291.15625
A: policy-blind (orig cutoff),XGBoost,baseline,11685732,2025-01-15 00:00:00,265000.0,234589.953125
A: policy-blind (orig cutoff),XGBoost,baseline,11903623,2025-01-16 00:00:00,635000.0,574562.5
A: policy-blind (orig cutoff),XGBoost,baseline,11662649,2025-01-17 00:00:00,410000.0,306525.21875
A: policy-blind (orig cutoff),XGBoost,baseline,11788050,2025-01-17 00:00:00,460000.0,431922.875
A: policy-blind (orig cutoff),XGBoost,baseline,12057548,2025-01-19 00:00:00,445000.0,355886.71875
A: policy-blind (orig cutoff),XGBoost,baseline,11999844,2025-01-19 00:00:00,445000.0,390643.84375
A: policy-blind (orig cutoff),XGBoost,baseline,11739898,2025-01-20 00:00:00,780000.0,624528.125
A: policy-blind (orig cutoff),XGBoost,baseline,11551069,2025-01-20 00:00:00,315000.0,302961.875
A: policy-blind (orig cutoff),XGBoost,baseline,11964496,2025-01-20 00:00:00,575000.0,536179.125
A: policy-blind (orig cutoff),XGBoost,baseline,12010394,2025-01-20 00:00:00,435000.0,379783.65625
A: policy-blind (orig cutoff),XGBoost,baseline,11999971,2025-01-20 00:00:00,400000.0,461871.90625
A: policy-blind (orig cutoff),XGBoost,baseline,11780871,2025-01-20 00:00:00,295000.0,263655.09375
A: policy-blind (orig cutoff),XGBoost,baseline,11769447,2025-01-21 00:00:00,330000.0,343032.875
A: policy-blind (orig cutoff),XGBoost,baseline,11873714,2025-01-21 00:00:00,650000.0,692399.5
A: policy-blind (orig cutoff),XGBoost,baseline,11774135,2025-01-21 00:00:00,381000.0,302818.03125
A: policy-blind (orig cutoff),XGBoost,baseline,11769451,2025-01-21 00:00:00,780000.0,724042.0625
A: policy-blind (orig cutoff),XGBoost,baseline,11656097,2025-01-21 00:00:00,320000.0,316100.09375
A: policy-blind (orig cutoff),XGBoost,baseline,11606796,2025-01-22 00:00:00,270000.0,232989.78125
A: policy-blind (orig cutoff),XGBoost,baseline,11769505,2025-01-22 00:00:00,605000.0,508568.71875
A: policy-blind (orig cutoff),XGBoost,baseline,10876379,2025-01-22 00:00:00,250000.0,217647.375
A: policy-blind (orig cutoff),XGBoost,baseline,11721014,2025-01-22 00:00:00,427500.0,418903.125
A: policy-blind (orig cutoff),XGBoost,baseline,12169581,2025-01-22 00:00:00,480000.0,415430.375
A: policy-blind (orig cutoff),XGBoost,baseline,11550146,2025-01-22 00:00:00,590000.0,580198.1875
A: policy-blind (orig cutoff),XGBoost,baseline,11768594,2025-01-23 00:00:00,365000.0,361562.15625
A: policy-blind (orig cutoff),XGBoost,baseline,11780803,2025-01-23 00:00:00,642000.0,486046.59375
A: policy-blind (orig cutoff),XGBoost,baseline,12109325,2025-01-23 00:00:00,515000.0,415011.03125
A: policy-blind (orig cutoff),XGBoost,baseline,11694363,2025-01-24 00:00:00,205000.0,270338.78125
A: policy-blind (orig cutoff),XGBoost,baseline,11693723,2025-01-24 00:00:00,452500.0,351143.59375
A: policy-blind (orig cutoff),XGBoost,baseline,11724445,2025-01-24 00:00:00,550000.0,506278.8125
A: policy-blind (orig cutoff),XGBoost,baseline,11807879,2025-01-24 00:00:00,505000.0,531279.5
A: policy-blind (orig cutoff),XGBoost,baseline,11418091,2025-01-24 00:00:00,415000.0,392926.75
A: policy-blind (orig cutoff),XGBoost,baseline,11672683,2025-01-27 00:00:00,326000.0,299116.875
A: policy-blind (orig cutoff),XGBoost,baseline,12017553,2025-01-28 00:00:00,555000.0,391058.71875
A: policy-blind (orig cutoff),XGBoost,baseline,11725066,2025-01-28 00:00:00,675000.0,610134.25
A: policy-blind (orig cutoff),XGBoost,baseline,11794399,2025-01-28 00:00:00,600000.0,524437.3125
A: policy-blind (orig cutoff),XGBoost,baseline,11672198,2025-01-28 00:00:00,240000.0,263797.46875
A: policy-blind (orig cutoff),XGBoost,baseline,11737056,2025-01-28 00:00:00,765000.0,613317.8125
A: policy-blind (orig cutoff),XGBoost,baseline,11801968,2025-01-28 00:00:00,675000.0,612302.0625
A: policy-blind (orig cutoff),XGBoost,baseline,11770653,2025-01-29 00:00:00,480000.0,396723.71875
A: policy-blind (orig cutoff),XGBoost,baseline,11541868,2025-01-30 00:00:00,465000.0,325105.75
A: policy-blind (orig cutoff),XGBoost,baseline,11631776,2025-01-30 00:00:00,345000.0,295793.0625
A: policy-blind (orig cutoff),XGBoost,baseline,11602753,2025-01-31 00:00:00,880000.0,764946.5625
A: policy-blind (orig cutoff),XGBoost,baseline,11778694,2025-01-31 00:00:00,645000.0,610325.125
A: policy-blind (orig cutoff),XGBoost,baseline,11576507,2025-01-31 00:00:00,475000.0,408047.28125
A: policy-blind (orig cutoff),XGBoost,baseline,11785501,2025-01-31 00:00:00,350000.0,350173.09375
A: policy-blind (orig cutoff),XGBoost,baseline,11768712,2025-02-01 00:00:00,700000.0,627220.6875
A: policy-blind (orig cutoff),XGBoost,baseline,11768713,2025-02-01 00:00:00,685000.0,511786.21875
A: policy-blind (orig cutoff),XGBoost,baseline,11835296,2025-02-01 00:00:00,395000.0,282318.46875
A: policy-blind (orig cutoff),XGBoost,baseline,12014639,2025-02-01 00:00:00,530000.0,490464.53125
A: policy-blind (orig cutoff),XGBoost,baseline,12014638,2025-02-02 00:00:00,450000.0,362750.28125
A: policy-blind (orig cutoff),XGBoost,baseline,11806626,2025-02-02 00:00:00,815000.0,638576.75
A: policy-blind (orig cutoff),XGBoost,baseline,11820249,2025-02-03 00:00:00,435000.0,411341.0
A: policy-blind (orig cutoff),XGBoost,baseline,11949983,2025-02-03 00:00:00,610000.0,466790.71875
A: policy-blind (orig cutoff),XGBoost,baseline,11768741,2025-02-03 00:00:00,845000.0,632792.0625
A: policy-blind (orig cutoff),XGBoost,baseline,11768735,2025-02-03 00:00:00,630000.0,531046.5
A: policy-blind (orig cutoff),XGBoost,baseline,10616280,2025-02-03 00:00:00,330363.0,370670.125
A: policy-blind (orig cutoff),XGBoost,baseline,11826952,2025-02-03 00:00:00,520000.0,537241.75
A: policy-blind (orig cutoff),XGBoost,baseline,11817671,2025-02-04 00:00:00,587000.0,627867.625
A: policy-blind (orig cutoff),XGBoost,baseline,11695809,2025-02-04 00:00:00,623000.0,666358.125
A: policy-blind (orig cutoff),XGBoost,baseline,11669559,2025-02-04 00:00:00,789000.0,677172.625
A: policy-blind (orig cutoff),XGBoost,baseline,10312968,2025-02-04 00:00:00,616500.0,585115.25
A: policy-blind (orig cutoff),XGBoost,baseline,12020023,2025-02-04 00:00:00,710000.0,691032.6875
A: policy-blind (orig cutoff),XGBoost,baseline,11790373,2025-02-04 00:00:00,452500.0,416198.5
A: policy-blind (orig cutoff),XGBoost,baseline,11962066,2025-02-04 00:00:00,615000.0,541383.625
A: policy-blind (orig cutoff),XGBoost,baseline,11834089,2025-02-05 00:00:00,410000.0,416999.0625
A: policy-blind (orig cutoff),XGBoost,baseline,12045303,2025-02-05 00:00:00,485000.0,372183.375
A: policy-blind (orig cutoff),XGBoost,baseline,11333095,2025-02-06 00:00:00,410000.0,446981.5625
A: policy-blind (orig cutoff),XGBoost,baseline,12031198,2025-02-06 00:00:00,468000.0,401584.34375
A: policy-blind (orig cutoff),XGBoost,baseline,11746943,2025-02-07 00:00:00,493000.0,424549.8125
A: policy-blind (orig cutoff),XGBoost,baseline,11923333,2025-02-07 00:00:00,413000.0,377262.15625
A: policy-blind (orig cutoff),XGBoost,baseline,11814961,2025-02-07 00:00:00,640000.0,568263.0
A: policy-blind (orig cutoff),XGBoost,baseline,11804431,2025-02-07 00:00:00,420000.0,496685.375
A: policy-blind (orig cutoff),XGBoost,baseline,11711819,2025-02-08 00:00:00,420000.0,495425.5625
A: policy-blind (orig cutoff),XGBoost,baseline,11697551,2025-02-08 00:00:00,715000.0,636018.0
A: policy-blind (orig cutoff),XGBoost,baseline,12062655,2025-02-09 00:00:00,550000.0,511768.65625
A: policy-blind (orig cutoff),XGBoost,baseline,11743974,2025-02-09 00:00:00,790000.0,720364.1875
A: policy-blind (orig cutoff),XGBoost,baseline,11839053,2025-02-10 00:00:00,720000.0,602575.8125
A: policy-blind (orig cutoff),XGBoost,baseline,11440205,2025-02-10 00:00:00,370000.0,314747.0625
A: policy-blind (orig cutoff),XGBoost,baseline,11768743,2025-02-10 00:00:00,710000.0,539596.0
A: policy-blind (orig cutoff),XGBoost,baseline,11839374,2025-02-11 00:00:00,680000.0,525501.1875
A: policy-blind (orig cutoff),XGBoost,baseline,11843317,2025-02-11 00:00:00,785000.0,652768.875
A: policy-blind (orig cutoff),XGBoost,baseline,11839958,2025-02-11 00:00:00,432000.0,401091.75
A: policy-blind (orig cutoff),XGBoost,baseline,11695797,2025-02-11 00:00:00,760000.0,667529.125
A: policy-blind (orig cutoff),XGBoost,baseline,12031197,2025-02-11 00:00:00,350000.0,366684.4375
A: policy-blind (orig cutoff),XGBoost,baseline,12064150,2025-02-11 00:00:00,440000.0,379929.625
A: policy-blind (orig cutoff),XGBoost,baseline,10800321,2025-02-11 00:00:00,505000.0,529026.0625
A: policy-blind (orig cutoff),XGBoost,baseline,12012566,2025-02-11 00:00:00,482000.0,576783.75
A: policy-blind (orig cutoff),XGBoost,baseline,10814679,2025-02-11 00:00:00,710000.0,702984.6875
A: policy-blind (orig cutoff),XGBoost,baseline,12074755,2025-02-12 00:00:00,400000.0,424306.125
A: policy-blind (orig cutoff),XGBoost,baseline,12001287,2025-02-12 00:00:00,375000.0,326749.71875
A: policy-blind (orig cutoff),XGBoost,baseline,11946039,2025-02-12 00:00:00,640000.0,609306.8125
A: policy-blind (orig cutoff),XGBoost,baseline,12080852,2025-02-12 00:00:00,275000.0,202296.75
A: policy-blind (orig cutoff),XGBoost,baseline,11973051,2025-02-12 00:00:00,650000.0,592368.1875
A: policy-blind (orig cutoff),XGBoost,baseline,10985476,2025-02-12 00:00:00,618000.0,607345.3125
A: policy-blind (orig cutoff),XGBoost,baseline,12116990,2025-02-12 00:00:00,560000.0,599697.375
A: policy-blind (orig cutoff),XGBoost,baseline,11835065,2025-02-13 00:00:00,417500.0,433514.125
A: policy-blind (orig cutoff),XGBoost,baseline,11825468,2025-02-13 00:00:00,637000.0,536201.625
A: policy-blind (orig cutoff),XGBoost,baseline,11360285,2025-02-13 00:00:00,875000.0,734712.25
A: policy-blind (orig cutoff),XGBoost,baseline,11709987,2025-02-13 00:00:00,378000.0,318072.34375
A: policy-blind (orig cutoff),XGBoost,baseline,12031446,2025-02-13 00:00:00,520000.0,470010.09375
A: policy-blind (orig cutoff),XGBoost,baseline,11333010,2025-02-13 00:00:00,387500.0,385412.46875
A: policy-blind (orig cutoff),XGBoost,baseline,11844200,2025-02-13 00:00:00,647000.0,559463.0625
A: policy-blind (orig cutoff),XGBoost,baseline,11883324,2025-02-14 00:00:00,335000.0,217336.25
A: policy-blind (orig cutoff),XGBoost,baseline,11842368,2025-02-14 00:00:00,435000.0,440206.625
A: policy-blind (orig cutoff),XGBoost,baseline,11860858,2025-02-14 00:00:00,760000.0,602639.625
A: policy-blind (orig cutoff),XGBoost,baseline,11646672,2025-02-14 00:00:00,310000.0,327346.0625
A: policy-blind (orig cutoff),XGBoost,baseline,11768744,2025-02-14 00:00:00,520000.0,432935.28125
A: policy-blind (orig cutoff),XGBoost,baseline,11750947,2025-02-14 00:00:00,450000.0,397234.4375
A: policy-blind (orig cutoff),XGBoost,baseline,11763778,2025-02-14 00:00:00,190500.0,175548.265625
A: policy-blind (orig cutoff),XGBoost,baseline,11400202,2025-02-17 00:00:00,525000.0,549078.0625
A: policy-blind (orig cutoff),XGBoost,baseline,12116900,2025-02-17 00:00:00,534000.0,503364.1875
A: policy-blind (orig cutoff),XGBoost,baseline,11866014,2025-02-17 00:00:00,600000.0,633303.375
A: policy-blind (orig cutoff),XGBoost,baseline,11832625,2025-02-17 00:00:00,777000.0,798220.4375
A: policy-blind (orig cutoff),XGBoost,baseline,11602002,2025-02-17 00:00:00,310000.0,229973.59375
A: policy-blind (orig cutoff),XGBoost,baseline,12049162,2025-02-18 00:00:00,600000.0,581797.25
A: policy-blind (orig cutoff),XGBoost,baseline,8810329,2025-02-18 00:00:00,660000.0,610611.0
A: policy-blind (orig cutoff),XGBoost,baseline,11672684,2025-02-18 00:00:00,317000.0,292102.0
A: policy-blind (orig cutoff),XGBoost,baseline,10765929,2025-02-18 00:00:00,280000.0,252913.890625
A: policy-blind (orig cutoff),XGBoost,baseline,12164601,2025-02-18 00:00:00,855000.0,717960.9375
A: policy-blind (orig cutoff),XGBoost,baseline,12107771,2025-02-18 00:00:00,510000.0,472856.9375
A: policy-blind (orig cutoff),XGBoost,baseline,12014720,2025-02-18 00:00:00,490000.0,408081.9375
A: policy-blind (orig cutoff),XGBoost,baseline,11865345,2025-02-18 00:00:00,805000.0,782300.0625
A: policy-blind (orig cutoff),XGBoost,baseline,11863409,2025-02-18 00:00:00,700000.0,644389.0625
A: policy-blind (orig cutoff),XGBoost,baseline,11866380,2025-02-18 00:00:00,602000.0,591534.375
A: policy-blind (orig cutoff),XGBoost,baseline,12080851,2025-02-19 00:00:00,477000.0,356081.59375
A: policy-blind (orig cutoff),XGBoost,baseline,11820371,2025-02-19 00:00:00,285000.0,293669.53125
A: policy-blind (orig cutoff),XGBoost,baseline,11768742,2025-02-19 00:00:00,460000.0,451626.8125
A: policy-blind (orig cutoff),XGBoost,baseline,11419262,2025-02-19 00:00:00,605000.0,451197.59375
A: policy-blind (orig cutoff),XGBoost,baseline,11747248,2025-02-19 00:00:00,282000.0,260660.46875
A: policy-blind (orig cutoff),XGBoost,baseline,12017471,2025-02-19 00:00:00,285000.0,315555.25
A: policy-blind (orig cutoff),XGBoost,baseline,11843759,2025-02-19 00:00:00,360000.0,367816.40625
A: policy-blind (orig cutoff),XGBoost,baseline,12116989,2025-02-19 00:00:00,570000.0,614527.375
A: policy-blind (orig cutoff),XGBoost,baseline,11832114,2025-02-20 00:00:00,445000.0,382142.65625
A: policy-blind (orig cutoff),XGBoost,baseline,11843925,2025-02-20 00:00:00,700000.0,650918.1875
A: policy-blind (orig cutoff),XGBoost,baseline,11863613,2025-02-20 00:00:00,690000.0,500441.5625
A: policy-blind (orig cutoff),XGBoost,baseline,11733715,2025-02-20 00:00:00,375000.0,449650.3125
A: policy-blind (orig cutoff),XGBoost,baseline,11863020,2025-02-20 00:00:00,367500.0,261088.640625
A: policy-blind (orig cutoff),XGBoost,baseline,11969182,2025-02-20 00:00:00,470000.0,403876.5
A: policy-blind (orig cutoff),XGBoost,baseline,12109326,2025-02-20 00:00:00,535000.0,514251.0625
A: policy-blind (orig cutoff),XGBoost,baseline,11668802,2025-02-21 00:00:00,830000.0,709626.875
A: policy-blind (orig cutoff),XGBoost,baseline,11597739,2025-02-21 00:00:00,420000.0,439669.59375
A: policy-blind (orig cutoff),XGBoost,baseline,11768745,2025-02-21 00:00:00,655000.0,595046.375
A: policy-blind (orig cutoff),XGBoost,baseline,11867598,2025-02-21 00:00:00,305000.0,297081.9375
A: policy-blind (orig cutoff),XGBoost,baseline,10764589,2025-02-23 00:00:00,395000.0,426902.59375
A: policy-blind (orig cutoff),XGBoost,baseline,12006247,2025-02-23 00:00:00,600000.0,496936.5
A: policy-blind (orig cutoff),XGBoost,baseline,10685642,2025-02-24 00:00:00,797500.0,745743.6875
A: policy-blind (orig cutoff),XGBoost,baseline,9947021,2025-02-24 00:00:00,505000.0,420111.75
A: policy-blind (orig cutoff),XGBoost,baseline,11892968,2025-02-24 00:00:00,420000.0,290867.46875
A: policy-blind (orig cutoff),XGBoost,baseline,12061757,2025-02-24 00:00:00,480000.0,482800.25
A: policy-blind (orig cutoff),XGBoost,baseline,11786653,2025-02-24 00:00:00,445000.0,487001.5
A: policy-blind (orig cutoff),XGBoost,baseline,12116991,2025-02-24 00:00:00,555000.0,542025.75
A: policy-blind (orig cutoff),XGBoost,baseline,11377908,2025-02-25 00:00:00,340000.0,331334.875
A: policy-blind (orig cutoff),XGBoost,baseline,11852661,2025-02-25 00:00:00,348000.0,347823.3125
A: policy-blind (orig cutoff),XGBoost,baseline,11813878,2025-02-25 00:00:00,332000.0,347693.65625
A: policy-blind (orig cutoff),XGBoost,baseline,12062051,2025-02-25 00:00:00,570000.0,555777.25
A: policy-blind (orig cutoff),XGBoost,baseline,11798741,2025-02-25 00:00:00,380000.0,347091.34375
A: policy-blind (orig cutoff),XGBoost,baseline,11083252,2025-02-26 00:00:00,460000.0,325528.0
A: policy-blind (orig cutoff),XGBoost,baseline,11627580,2025-02-26 00:00:00,630000.0,464337.65625
A: policy-blind (orig cutoff),XGBoost,baseline,11467009,2025-02-26 00:00:00,625000.0,627167.4375
A: policy-blind (orig cutoff),XGBoost,baseline,11849125,2025-02-26 00:00:00,490000.0,403518.4375
A: policy-blind (orig cutoff),XGBoost,baseline,11123865,2025-02-26 00:00:00,395000.0,393262.65625
A: policy-blind (orig cutoff),XGBoost,baseline,10708401,2025-02-26 00:00:00,740000.0,648062.125
A: policy-blind (orig cutoff),XGBoost,baseline,11211838,2025-02-26 00:00:00,682000.0,633190.5
A: policy-blind (orig cutoff),XGBoost,baseline,11701443,2025-02-26 00:00:00,601000.0,549308.0
A: policy-blind (orig cutoff),XGBoost,baseline,11022882,2025-02-26 00:00:00,785000.0,669223.375
A: policy-blind (orig cutoff),XGBoost,baseline,11735519,2025-02-26 00:00:00,530000.0,500180.09375
A: policy-blind (orig cutoff),XGBoost,baseline,11637994,2025-02-26 00:00:00,290000.0,193629.3125
A: policy-blind (orig cutoff),XGBoost,baseline,12012565,2025-02-26 00:00:00,557500.0,436565.1875
A: policy-blind (orig cutoff),XGBoost,baseline,12070318,2025-02-27 00:00:00,415000.0,292894.21875
A: policy-blind (orig cutoff),XGBoost,baseline,11888604,2025-02-27 00:00:00,652000.0,633221.25
A: policy-blind (orig cutoff),XGBoost,baseline,11785386,2025-02-27 00:00:00,440000.0,385663.59375
A: policy-blind (orig cutoff),XGBoost,baseline,11768746,2025-02-27 00:00:00,880000.0,745010.125
A: policy-blind (orig cutoff),XGBoost,baseline,11891919,2025-02-27 00:00:00,360000.0,305303.09375
A: policy-blind (orig cutoff),XGBoost,baseline,10983724,2025-02-27 00:00:00,399000.0,419325.625
A: policy-blind (orig cutoff),XGBoost,baseline,11695670,2025-02-28 00:00:00,356000.0,324555.25
A: policy-blind (orig cutoff),XGBoost,baseline,12097728,2025-02-28 00:00:00,670000.0,664415.125
A: policy-blind (orig cutoff),XGBoost,baseline,11839571,2025-02-28 00:00:00,450000.0,477872.21875
A: policy-blind (orig cutoff),XGBoost,baseline,11786030,2025-02-28 00:00:00,490000.0,431473.6875
A: policy-blind (orig cutoff),XGBoost,baseline,11873466,2025-02-28 00:00:00,380000.0,318026.53125
A: policy-blind (orig cutoff),XGBoost,baseline,11445557,2025-02-28 00:00:00,300000.0,308642.78125
A: policy-blind (orig cutoff),XGBoost,baseline,11780806,2025-02-28 00:00:00,330000.0,290930.71875
A: policy-blind (orig cutoff),XGBoost,baseline,11825091,2025-02-28 00:00:00,740000.0,764994.0
A: policy-blind (orig cutoff),XGBoost,baseline,11546841,2025-02-28 00:00:00,270000.0,306453.90625
A: policy-blind (orig cutoff),XGBoost,baseline,11892834,2025-02-28 00:00:00,465000.0,390464.6875
A: policy-blind (orig cutoff),XGBoost,baseline,11616106,2025-03-01 00:00:00,670000.0,694306.5
A: policy-blind (orig cutoff),XGBoost,baseline,11866392,2025-03-01 00:00:00,675000.0,659667.1875
A: policy-blind (orig cutoff),XGBoost,baseline,11909510,2025-03-02 00:00:00,400000.0,379738.375
A: policy-blind (orig cutoff),XGBoost,baseline,11893084,2025-03-03 00:00:00,580000.0,488268.75
A: policy-blind (orig cutoff),XGBoost,baseline,11738071,2025-03-03 00:00:00,740000.0,723488.5
A: policy-blind (orig cutoff),XGBoost,baseline,11716495,2025-03-04 00:00:00,450000.0,397836.84375
A: policy-blind (orig cutoff),XGBoost,baseline,11480625,2025-03-04 00:00:00,700000.0,602722.9375
A: policy-blind (orig cutoff),XGBoost,baseline,11695841,2025-03-04 00:00:00,790000.0,601542.875
A: policy-blind (orig cutoff),XGBoost,baseline,11834279,2025-03-04 00:00:00,440000.0,393675.40625
A: policy-blind (orig cutoff),XGBoost,baseline,11876676,2025-03-04 00:00:00,500000.0,419074.5625
A: policy-blind (orig cutoff),XGBoost,baseline,11852513,2025-03-04 00:00:00,295000.0,249116.078125
A: policy-blind (orig cutoff),XGBoost,baseline,12047396,2025-03-05 00:00:00,615000.0,571132.25
A: policy-blind (orig cutoff),XGBoost,baseline,11929190,2025-03-05 00:00:00,450000.0,437784.28125
A: policy-blind (orig cutoff),XGBoost,baseline,12073881,2025-03-05 00:00:00,315000.0,252295.0
A: policy-blind (orig cutoff),XGBoost,baseline,11914888,2025-03-05 00:00:00,295000.0,226665.25
A: policy-blind (orig cutoff),XGBoost,baseline,12128567,2025-03-06 00:00:00,500000.0,472773.5
A: policy-blind (orig cutoff),XGBoost,baseline,11698862,2025-03-06 00:00:00,570000.0,499193.65625
A: policy-blind (orig cutoff),XGBoost,baseline,11818591,2025-03-06 00:00:00,675000.0,609920.75
A: policy-blind (orig cutoff),XGBoost,baseline,11904670,2025-03-06 00:00:00,650000.0,544344.4375
A: policy-blind (orig cutoff),XGBoost,baseline,11863666,2025-03-06 00:00:00,480000.0,404770.6875
A: policy-blind (orig cutoff),XGBoost,baseline,11258690,2025-03-06 00:00:00,545000.0,401838.34375
A: policy-blind (orig cutoff),XGBoost,baseline,11764173,2025-03-07 00:00:00,530000.0,364789.09375
A: policy-blind (orig cutoff),XGBoost,baseline,11872960,2025-03-07 00:00:00,765000.0,794937.0625
A: policy-blind (orig cutoff),XGBoost,baseline,11177141,2025-03-07 00:00:00,635000.0,608371.375
A: policy-blind (orig cutoff),XGBoost,baseline,11700700,2025-03-07 00:00:00,460000.0,437215.15625
A: policy-blind (orig cutoff),XGBoost,baseline,12076471,2025-03-07 00:00:00,530000.0,444728.4375
A: policy-blind (orig cutoff),XGBoost,baseline,11941990,2025-03-09 00:00:00,615110.0,558801.3125
A: policy-blind (orig cutoff),XGBoost,baseline,12209237,2025-03-09 00:00:00,350000.0,451577.28125
A: policy-blind (orig cutoff),XGBoost,baseline,12217712,2025-03-09 00:00:00,630000.0,572206.25
A: policy-blind (orig cutoff),XGBoost,baseline,11603115,2025-03-10 00:00:00,733500.0,767704.0
A: policy-blind (orig cutoff),XGBoost,baseline,11705038,2025-03-11 00:00:00,900000.0,720977.25
A: policy-blind (orig cutoff),XGBoost,baseline,12098616,2025-03-11 00:00:00,470000.0,390911.40625
A: policy-blind (orig cutoff),XGBoost,baseline,11867235,2025-03-11 00:00:00,690000.0,719862.125
A: policy-blind (orig cutoff),XGBoost,baseline,11931213,2025-03-11 00:00:00,685000.0,603901.3125
A: policy-blind (orig cutoff),XGBoost,baseline,12121643,2025-03-11 00:00:00,650000.0,588918.6875
A: policy-blind (orig cutoff),XGBoost,baseline,12121197,2025-03-11 00:00:00,410000.0,335818.15625
A: policy-blind (orig cutoff),XGBoost,baseline,11788492,2025-03-12 00:00:00,440000.0,415338.09375
A: policy-blind (orig cutoff),XGBoost,baseline,11839553,2025-03-12 00:00:00,640000.0,667623.3125
A: policy-blind (orig cutoff),XGBoost,baseline,11892314,2025-03-12 00:00:00,680000.0,647266.0
A: policy-blind (orig cutoff),XGBoost,baseline,12124154,2025-03-12 00:00:00,650000.0,582673.5
A: policy-blind (orig cutoff),XGBoost,baseline,11874318,2025-03-12 00:00:00,585000.0,540403.5
A: policy-blind (orig cutoff),XGBoost,baseline,11936856,2025-03-12 00:00:00,299000.0,328307.75
A: policy-blind (orig cutoff),XGBoost,baseline,11844161,2025-03-12 00:00:00,615000.0,595220.0
A: policy-blind (orig cutoff),XGBoost,baseline,12091249,2025-03-12 00:00:00,525000.0,470975.6875
A: policy-blind (orig cutoff),XGBoost,baseline,11881559,2025-03-13 00:00:00,360000.0,295859.65625
A: policy-blind (orig cutoff),XGBoost,baseline,11851102,2025-03-13 00:00:00,350000.0,203447.15625
A: policy-blind (orig cutoff),XGBoost,baseline,12164603,2025-03-13 00:00:00,615000.0,561913.625
A: policy-blind (orig cutoff),XGBoost,baseline,11705173,2025-03-13 00:00:00,485000.0,437790.96875
A: policy-blind (orig cutoff),XGBoost,baseline,10689714,2025-03-13 00:00:00,430000.0,328533.5625
A: policy-blind (orig cutoff),XGBoost,baseline,11477316,2025-03-13 00:00:00,905000.0,834277.1875
A: policy-blind (orig cutoff),XGBoost,baseline,11842642,2025-03-14 00:00:00,515000.0,574112.8125
A: policy-blind (orig cutoff),XGBoost,baseline,11958470,2025-03-14 00:00:00,60000.0,531007.5
A: policy-blind (orig cutoff),XGBoost,baseline,11933096,2025-03-15 00:00:00,845000.0,764522.125
A: policy-blind (orig cutoff),XGBoost,baseline,11932239,2025-03-15 00:00:00,505000.0,425730.46875
A: policy-blind (orig cutoff),XGBoost,baseline,11954261,2025-03-16 00:00:00,690000.0,547835.8125
A: policy-blind (orig cutoff),XGBoost,baseline,11594562,2025-03-17 00:00:00,395000.0,409372.53125
A: policy-blind (orig cutoff),XGBoost,baseline,11898785,2025-03-17 00:00:00,352950.0,345356.5625
A: policy-blind (orig cutoff),XGBoost,baseline,12121644,2025-03-17 00:00:00,550000.0,457412.625
A: policy-blind (orig cutoff),XGBoost,baseline,11667611,2025-03-17 00:00:00,508500.0,445133.25
A: policy-blind (orig cutoff),XGBoost,baseline,11905676,2025-03-17 00:00:00,706000.0,610176.75
A: policy-blind (orig cutoff),XGBoost,baseline,12123567,2025-03-18 00:00:00,576500.0,502282.875
A: policy-blind (orig cutoff),XGBoost,baseline,11941880,2025-03-18 00:00:00,650000.0,542442.0625
A: policy-blind (orig cutoff),XGBoost,baseline,11942146,2025-03-18 00:00:00,330000.0,283661.6875
A: policy-blind (orig cutoff),XGBoost,baseline,11957376,2025-03-18 00:00:00,590000.0,518931.8125
A: policy-blind (orig cutoff),XGBoost,baseline,11954356,2025-03-18 00:00:00,760000.0,669020.4375
A: policy-blind (orig cutoff),XGBoost,baseline,11885114,2025-03-18 00:00:00,430000.0,628660.3125
A: policy-blind (orig cutoff),XGBoost,baseline,11988856,2025-03-19 00:00:00,300000.0,282888.21875
A: policy-blind (orig cutoff),XGBoost,baseline,11484649,2025-03-20 00:00:00,185000.0,332787.8125
A: policy-blind (orig cutoff),XGBoost,baseline,12051214,2025-03-20 00:00:00,265000.0,244321.953125
A: policy-blind (orig cutoff),XGBoost,baseline,11867672,2025-03-20 00:00:00,257500.0,245039.484375
A: policy-blind (orig cutoff),XGBoost,baseline,11898446,2025-03-21 00:00:00,370000.0,316396.59375
A: policy-blind (orig cutoff),XGBoost,baseline,11986835,2025-03-21 00:00:00,645000.0,620356.25
A: policy-blind (orig cutoff),XGBoost,baseline,12116903,2025-03-21 00:00:00,500000.0,461047.1875
A: policy-blind (orig cutoff),XGBoost,baseline,11962424,2025-03-21 00:00:00,750000.0,575915.875
A: policy-blind (orig cutoff),XGBoost,baseline,12058243,2025-03-22 00:00:00,611000.0,469471.625
A: policy-blind (orig cutoff),XGBoost,baseline,11944252,2025-03-22 00:00:00,805000.0,636844.0625
A: policy-blind (orig cutoff),XGBoost,baseline,11927127,2025-03-22 00:00:00,400000.0,390051.9375
A: policy-blind (orig cutoff),XGBoost,baseline,12136772,2025-03-23 00:00:00,545000.0,515800.21875
A: policy-blind (orig cutoff),XGBoost,baseline,11983335,2025-03-23 00:00:00,825000.0,636274.0
A: policy-blind (orig cutoff),XGBoost,baseline,11445644,2025-03-24 00:00:00,410000.0,376748.0
A: policy-blind (orig cutoff),XGBoost,baseline,10559240,2025-03-24 00:00:00,735000.0,749636.25
A: policy-blind (orig cutoff),XGBoost,baseline,11972109,2025-03-24 00:00:00,642500.0,530495.75
A: policy-blind (orig cutoff),XGBoost,baseline,11974993,2025-03-24 00:00:00,350000.0,329478.9375
A: policy-blind (orig cutoff),XGBoost,baseline,12116899,2025-03-24 00:00:00,482000.0,504940.25
A: policy-blind (orig cutoff),XGBoost,baseline,12111682,2025-03-24 00:00:00,475000.0,342382.8125
A: policy-blind (orig cutoff),XGBoost,baseline,12116901,2025-03-25 00:00:00,430000.0,311126.71875
A: policy-blind (orig cutoff),XGBoost,baseline,11844391,2025-03-25 00:00:00,550000.0,477841.6875
A: policy-blind (orig cutoff),XGBoost,baseline,11874073,2025-03-25 00:00:00,750000.0,582851.3125
A: policy-blind (orig cutoff),XGBoost,baseline,12000077,2025-03-25 00:00:00,580000.0,476189.875
A: policy-blind (orig cutoff),XGBoost,baseline,12134720,2025-03-25 00:00:00,560000.0,478441.78125
A: policy-blind (orig cutoff),XGBoost,baseline,12142352,2025-03-25 00:00:00,640000.0,640456.375
A: policy-blind (orig cutoff),XGBoost,baseline,11981048,2025-03-25 00:00:00,450000.0,408622.0625
A: policy-blind (orig cutoff),XGBoost,baseline,11912669,2025-03-26 00:00:00,450000.0,500327.5
A: policy-blind (orig cutoff),XGBoost,baseline,11980134,2025-03-26 00:00:00,651000.0,556464.0625
A: policy-blind (orig cutoff),XGBoost,baseline,11923556,2025-03-26 00:00:00,308000.0,254238.875
A: policy-blind (orig cutoff),XGBoost,baseline,11965267,2025-03-26 00:00:00,778000.0,550271.125
A: policy-blind (orig cutoff),XGBoost,baseline,11974986,2025-03-26 00:00:00,330000.0,245753.75
A: policy-blind (orig cutoff),XGBoost,baseline,12116902,2025-03-27 00:00:00,658000.0,619237.9375
A: policy-blind (orig cutoff),XGBoost,baseline,11915131,2025-03-27 00:00:00,255000.0,315378.65625
A: policy-blind (orig cutoff),XGBoost,baseline,11985423,2025-03-27 00:00:00,645000.0,541088.875
A: policy-blind (orig cutoff),XGBoost,baseline,10098009,2025-03-27 00:00:00,715000.0,640716.625
A: policy-blind (orig cutoff),XGBoost,baseline,12131849,2025-03-27 00:00:00,450000.0,399100.0
A: policy-blind (orig cutoff),XGBoost,baseline,11958900,2025-03-27 00:00:00,850000.0,791000.125
A: policy-blind (orig cutoff),XGBoost,baseline,11680662,2025-03-28 00:00:00,360000.0,403275.3125
A: policy-blind (orig cutoff),XGBoost,baseline,11873645,2025-03-28 00:00:00,370000.0,427017.4375
A: policy-blind (orig cutoff),XGBoost,baseline,11839792,2025-03-28 00:00:00,685000.0,659384.8125
A: policy-blind (orig cutoff),XGBoost,baseline,11999294,2025-03-28 00:00:00,440000.0,380340.03125
A: policy-blind (orig cutoff),XGBoost,baseline,12297885,2025-03-28 00:00:00,640000.0,613458.1875
A: policy-blind (orig cutoff),XGBoost,baseline,11234645,2025-03-28 00:00:00,438000.0,427813.90625
A: policy-blind (orig cutoff),XGBoost,baseline,11971310,2025-03-28 00:00:00,975000.0,744517.875
A: policy-blind (orig cutoff),XGBoost,baseline,12182905,2025-03-30 00:00:00,580000.0,517002.34375
A: policy-blind (orig cutoff),XGBoost,baseline,11980675,2025-03-31 00:00:00,726000.0,696315.0625
A: policy-blind (orig cutoff),XGBoost,baseline,12002277,2025-03-31 00:00:00,270000.0,220485.28125
A: policy-blind (orig cutoff),XGBoost,baseline,12002587,2025-03-31 00:00:00,370000.0,330610.8125
A: policy-blind (orig cutoff),XGBoost,baseline,12217713,2025-03-31 00:00:00,515000.0,503699.375
A: policy-blind (orig cutoff),XGBoost,baseline,12002647,2025-04-01 00:00:00,398000.0,374749.53125
A: policy-blind (orig cutoff),XGBoost,baseline,11973426,2025-04-01 00:00:00,699000.0,615566.1875
A: policy-blind (orig cutoff),XGBoost,baseline,11990702,2025-04-01 00:00:00,365000.0,326354.21875
A: policy-blind (orig cutoff),XGBoost,baseline,12166775,2025-04-01 00:00:00,515000.0,441582.40625
A: policy-blind (orig cutoff),XGBoost,baseline,12188679,2025-04-01 00:00:00,585000.0,436557.28125
A: policy-blind (orig cutoff),XGBoost,baseline,11960397,2025-04-01 00:00:00,778000.0,584417.0
A: policy-blind (orig cutoff),XGBoost,baseline,12179032,2025-04-01 00:00:00,625000.0,556379.125
A: policy-blind (orig cutoff),XGBoost,baseline,11937128,2025-04-01 00:00:00,394000.0,408124.34375
A: policy-blind (orig cutoff),XGBoost,baseline,11943549,2025-04-01 00:00:00,345000.0,334090.9375
A: policy-blind (orig cutoff),XGBoost,baseline,11860887,2025-04-02 00:00:00,380000.0,372826.71875
A: policy-blind (orig cutoff),XGBoost,baseline,11936356,2025-04-02 00:00:00,645000.0,594217.8125
A: policy-blind (orig cutoff),XGBoost,baseline,11974700,2025-04-02 00:00:00,450000.0,333534.78125
A: policy-blind (orig cutoff),XGBoost,baseline,11910084,2025-04-02 00:00:00,555177.0,649287.625
A: policy-blind (orig cutoff),XGBoost,baseline,12226377,2025-04-03 00:00:00,300000.0,290832.25
A: policy-blind (orig cutoff),XGBoost,baseline,11336584,2025-04-03 00:00:00,625000.0,583891.6875
A: policy-blind (orig cutoff),XGBoost,baseline,11526590,2025-04-03 00:00:00,685000.0,490644.65625
A: policy-blind (orig cutoff),XGBoost,baseline,12009217,2025-04-03 00:00:00,780000.0,660042.25
A: policy-blind (orig cutoff),XGBoost,baseline,12164681,2025-04-03 00:00:00,550000.0,469536.09375
A: policy-blind (orig cutoff),XGBoost,baseline,12021602,2025-04-04 00:00:00,475000.0,384524.0
A: policy-blind (orig cutoff),XGBoost,baseline,11916581,2025-04-04 00:00:00,320000.0,318470.5625
A: policy-blind (orig cutoff),XGBoost,baseline,12159247,2025-04-04 00:00:00,631770.0,604674.6875
A: policy-blind (orig cutoff),XGBoost,baseline,12021727,2025-04-04 00:00:00,835000.0,497385.5
A: policy-blind (orig cutoff),XGBoost,baseline,11965220,2025-04-04 00:00:00,475000.0,461120.625
A: policy-blind (orig cutoff),XGBoost,baseline,11333803,2025-04-04 22:49:07,470000.0,407711.59375
A: policy-blind (orig cutoff),XGBoost,baseline,12223287,2025-04-06 00:00:00,645000.0,611714.3125
A: policy-blind (orig cutoff),XGBoost,baseline,12220741,2025-04-06 00:00:00,500000.0,403718.21875
A: policy-blind (orig cutoff),XGBoost,baseline,12183042,2025-04-06 00:00:00,505000.0,360896.9375
A: policy-blind (orig cutoff),XGBoost,baseline,11852937,2025-04-07 00:00:00,308000.0,266008.21875
A: policy-blind (orig cutoff),XGBoost,baseline,12166776,2025-04-07 00:00:00,600000.0,552454.375
A: policy-blind (orig cutoff),XGBoost,baseline,12010340,2025-04-07 00:00:00,260000.0,242706.53125
A: policy-blind (orig cutoff),XGBoost,baseline,11995176,2025-04-07 00:00:00,712000.0,677608.6875
A: policy-blind (orig cutoff),XGBoost,baseline,12192454,2025-04-07 00:00:00,525000.0,361037.40625
A: policy-blind (orig cutoff),XGBoost,baseline,11863615,2025-04-07 00:00:00,350000.0,315704.53125
A: policy-blind (orig cutoff),XGBoost,baseline,11980720,2025-04-08 00:00:00,630000.0,599647.5625
A: policy-blind (orig cutoff),XGBoost,baseline,11995685,2025-04-08 00:00:00,620000.0,612539.75
A: policy-blind (orig cutoff),XGBoost,baseline,11923928,2025-04-08 00:00:00,468000.0,384524.0
A: policy-blind (orig cutoff),XGBoost,baseline,11976581,2025-04-08 00:00:00,537250.0,438008.9375
A: policy-blind (orig cutoff),XGBoost,baseline,12184873,2025-04-08 00:00:00,472500.0,409518.96875
A: policy-blind (orig cutoff),XGBoost,baseline,11977827,2025-04-08 00:00:00,382500.0,376859.78125
A: policy-blind (orig cutoff),XGBoost,baseline,11981375,2025-04-08 00:00:00,720000.0,649031.375
A: policy-blind (orig cutoff),XGBoost,baseline,12453782,2025-04-09 00:00:00,570000.0,511198.90625
A: policy-blind (orig cutoff),XGBoost,baseline,11941871,2025-04-09 00:00:00,610000.0,608679.5625
A: policy-blind (orig cutoff),XGBoost,baseline,11995370,2025-04-09 00:00:00,295000.0,285728.09375
A: policy-blind (orig cutoff),XGBoost,baseline,12116744,2025-04-09 00:00:00,460000.0,395890.34375
A: policy-blind (orig cutoff),XGBoost,baseline,12290199,2025-04-10 00:00:00,605000.0,533787.8125
A: policy-blind (orig cutoff),XGBoost,baseline,12022528,2025-04-10 00:00:00,469000.0,471044.875
A: policy-blind (orig cutoff),XGBoost,baseline,11892765,2025-04-10 00:00:00,395000.0,381211.1875
A: policy-blind (orig cutoff),XGBoost,baseline,9784227,2025-04-10 00:00:00,510000.0,381945.1875
A: policy-blind (orig cutoff),XGBoost,baseline,12182904,2025-04-10 00:00:00,315000.0,332393.5625
A: policy-blind (orig cutoff),XGBoost,baseline,12182903,2025-04-10 00:00:00,515000.0,477730.96875
A: policy-blind (orig cutoff),XGBoost,baseline,12183117,2025-04-10 00:00:00,370000.0,314798.09375
A: policy-blind (orig cutoff),XGBoost,baseline,12149198,2025-04-10 00:00:00,687000.0,626092.9375
A: policy-blind (orig cutoff),XGBoost,baseline,11733714,2025-04-11 00:00:00,300000.0,273994.09375
A: policy-blind (orig cutoff),XGBoost,baseline,11695810,2025-04-11 00:00:00,762500.0,670298.3125
A: policy-blind (orig cutoff),XGBoost,baseline,11895410,2025-04-11 00:00:00,280000.0,317235.03125
A: policy-blind (orig cutoff),XGBoost,baseline,11858041,2025-04-11 00:00:00,525000.0,473223.25
A: policy-blind (orig cutoff),XGBoost,baseline,11529801,2025-04-11 00:00:00,310000.0,262922.15625
A: policy-blind (orig cutoff),XGBoost,baseline,12116905,2025-04-11 00:00:00,770000.0,594095.4375
A: policy-blind (orig cutoff),XGBoost,baseline,12016667,2025-04-11 00:00:00,625000.0,471221.0
A: policy-blind (orig cutoff),XGBoost,baseline,12183118,2025-04-13 00:00:00,650000.0,602809.75
A: policy-blind (orig cutoff),XGBoost,baseline,11933178,2025-04-14 00:00:00,310500.0,277404.75
A: policy-blind (orig cutoff),XGBoost,baseline,11909620,2025-04-14 00:00:00,570000.0,561790.375
A: policy-blind (orig cutoff),XGBoost,baseline,12017384,2025-04-14 00:00:00,785500.0,603407.9375
A: policy-blind (orig cutoff),XGBoost,baseline,12159246,2025-04-14 00:00:00,648000.0,575967.5
A: policy-blind (orig cutoff),XGBoost,baseline,12223288,2025-04-14 00:00:00,680000.0,587807.6875
A: policy-blind (orig cutoff),XGBoost,baseline,12210559,2025-04-14 00:00:00,680000.0,617336.9375
A: policy-blind (orig cutoff),XGBoost,baseline,12025451,2025-04-14 00:00:00,600000.0,574168.125
A: policy-blind (orig cutoff),XGBoost,baseline,11978111,2025-04-14 00:00:00,615000.0,862766.9375
A: policy-blind (orig cutoff),XGBoost,baseline,11896979,2025-04-15 00:00:00,585000.0,580129.5625
A: policy-blind (orig cutoff),XGBoost,baseline,11771024,2025-04-15 00:00:00,662450.0,628735.875
A: policy-blind (orig cutoff),XGBoost,baseline,12225032,2025-04-15 00:00:00,635000.0,504470.46875
A: policy-blind (orig cutoff),XGBoost,baseline,12009246,2025-04-15 00:00:00,395000.0,334368.25
A: policy-blind (orig cutoff),XGBoost,baseline,12002493,2025-04-15 00:00:00,770000.0,684221.1875
A: policy-blind (orig cutoff),XGBoost,baseline,11939781,2025-04-15 00:00:00,470000.0,418105.6875
A: policy-blind (orig cutoff),XGBoost,baseline,11923257,2025-04-16 00:00:00,450000.0,399856.625
A: policy-blind (orig cutoff),XGBoost,baseline,12585546,2025-04-16 00:00:00,480000.0,390015.84375
A: policy-blind (orig cutoff),XGBoost,baseline,12175791,2025-04-16 00:00:00,625000.0,502066.875
A: policy-blind (orig cutoff),XGBoost,baseline,12049774,2025-04-16 00:00:00,450000.0,364809.625
A: policy-blind (orig cutoff),XGBoost,baseline,12061962,2025-04-16 00:00:00,690000.0,627726.3125
A: policy-blind (orig cutoff),XGBoost,baseline,11872967,2025-04-16 00:00:00,550000.0,597615.75
A: policy-blind (orig cutoff),XGBoost,baseline,12049029,2025-04-17 00:00:00,352000.0,296544.9375
A: policy-blind (orig cutoff),XGBoost,baseline,11478261,2025-04-17 00:00:00,440000.0,444284.1875
A: policy-blind (orig cutoff),XGBoost,baseline,11963673,2025-04-17 00:00:00,680000.0,620967.75
A: policy-blind (orig cutoff),XGBoost,baseline,11840128,2025-04-18 00:00:00,484000.0,492849.75
A: policy-blind (orig cutoff),XGBoost,baseline,12253135,2025-04-21 00:00:00,530000.0,447728.59375
A: policy-blind (orig cutoff),XGBoost,baseline,12174487,2025-04-21 00:00:00,572500.0,559252.875
A: policy-blind (orig cutoff),XGBoost,baseline,12246279,2025-04-21 00:00:00,258000.0,219953.3125
A: policy-blind (orig cutoff),XGBoost,baseline,12061046,2025-04-22 00:00:00,670000.0,593276.1875
A: policy-blind (orig cutoff),XGBoost,baseline,12217815,2025-04-22 00:00:00,590000.0,543677.25
A: policy-blind (orig cutoff),XGBoost,baseline,11962601,2025-04-22 00:00:00,373001.0,338441.6875
A: policy-blind (orig cutoff),XGBoost,baseline,11873776,2025-04-23 00:00:00,680000.0,678334.125
A: policy-blind (orig cutoff),XGBoost,baseline,11985175,2025-04-23 00:00:00,700000.0,655937.125
A: policy-blind (orig cutoff),XGBoost,baseline,10195292,2025-04-24 00:00:00,255000.0,294878.25
A: policy-blind (orig cutoff),XGBoost,baseline,12133210,2025-04-24 00:00:00,600000.0,567197.5
A: policy-blind (orig cutoff),XGBoost,baseline,12204431,2025-04-24 00:00:00,580000.0,569965.0625
A: policy-blind (orig cutoff),XGBoost,baseline,12057718,2025-04-24 00:00:00,825000.0,662084.875
A: policy-blind (orig cutoff),XGBoost,baseline,12038334,2025-04-24 00:00:00,665000.0,604776.1875
A: policy-blind (orig cutoff),XGBoost,baseline,11632966,2025-04-24 00:00:00,320000.0,274910.15625
A: policy-blind (orig cutoff),XGBoost,baseline,11858723,2025-04-25 00:00:00,660000.0,562422.4375
A: policy-blind (orig cutoff),XGBoost,baseline,11933003,2025-04-25 00:00:00,425000.0,404538.75
A: policy-blind (orig cutoff),XGBoost,baseline,12028805,2025-04-26 00:00:00,630000.0,524464.3125
A: policy-blind (orig cutoff),XGBoost,baseline,12238890,2025-04-27 00:00:00,330000.0,277425.125
A: policy-blind (orig cutoff),XGBoost,baseline,11940861,2025-04-28 00:00:00,505000.0,419175.28125
A: policy-blind (orig cutoff),XGBoost,baseline,12076172,2025-04-28 00:00:00,410000.0,411731.53125
A: policy-blind (orig cutoff),XGBoost,baseline,11956752,2025-04-28 00:00:00,230000.0,252281.046875
A: policy-blind (orig cutoff),XGBoost,baseline,12223289,2025-04-28 00:00:00,620000.0,531871.625
A: policy-blind (orig cutoff),XGBoost,baseline,12198787,2025-04-28 00:00:00,575000.0,507231.34375
A: policy-blind (orig cutoff),XGBoost,baseline,12062658,2025-04-28 00:00:00,526000.0,394274.3125
A: policy-blind (orig cutoff),XGBoost,baseline,12253134,2025-04-29 00:00:00,520000.0,353223.28125
A: policy-blind (orig cutoff),XGBoost,baseline,11989808,2025-04-29 00:00:00,405000.0,423815.96875
A: policy-blind (orig cutoff),XGBoost,baseline,11887047,2025-04-29 00:00:00,630000.0,587439.5
A: policy-blind (orig cutoff),XGBoost,baseline,12025043,2025-04-29 00:00:00,456000.0,404564.59375
A: policy-blind (orig cutoff),XGBoost,baseline,12037101,2025-04-30 00:00:00,265000.0,287988.0625
A: policy-blind (orig cutoff),XGBoost,baseline,12044455,2025-04-30 00:00:00,455000.0,437741.28125
A: policy-blind (orig cutoff),XGBoost,baseline,12044771,2025-05-01 00:00:00,651500.0,580224.1875
A: policy-blind (orig cutoff),XGBoost,baseline,11787335,2025-05-01 00:00:00,506784.0,499869.65625
A: policy-blind (orig cutoff),XGBoost,baseline,12031016,2025-05-01 00:00:00,420000.0,459246.65625
A: policy-blind (orig cutoff),XGBoost,baseline,12205027,2025-05-01 00:00:00,565000.0,550319.9375
A: policy-blind (orig cutoff),XGBoost,baseline,12060738,2025-05-01 00:00:00,720000.0,628117.9375
A: policy-blind (orig cutoff),XGBoost,baseline,12230458,2025-05-01 00:00:00,600000.0,619205.4375
A: policy-blind (orig cutoff),XGBoost,baseline,12079332,2025-05-01 00:00:00,380619.0,286784.0625
A: policy-blind (orig cutoff),XGBoost,baseline,12398127,2025-05-01 00:00:00,560000.0,447705.96875
A: policy-blind (orig cutoff),XGBoost,baseline,11839638,2025-05-02 00:00:00,680720.0,529574.75
A: policy-blind (orig cutoff),XGBoost,baseline,12415932,2025-05-02 00:00:00,600000.0,540184.0
A: policy-blind (orig cutoff),XGBoost,baseline,11764529,2025-05-02 00:00:00,120000.0,179905.40625
A: policy-blind (orig cutoff),XGBoost,baseline,12077666,2025-05-05 00:00:00,420000.0,315815.65625
A: policy-blind (orig cutoff),XGBoost,baseline,12326709,2025-05-05 00:00:00,530000.0,337421.34375
A: policy-blind (orig cutoff),XGBoost,baseline,12030770,2025-05-05 00:00:00,317500.0,325620.5
A: policy-blind (orig cutoff),XGBoost,baseline,11944521,2025-05-05 00:00:00,705000.0,654648.5
A: policy-blind (orig cutoff),XGBoost,baseline,11928349,2025-05-06 00:00:00,375000.0,323615.375
A: policy-blind (orig cutoff),XGBoost,baseline,12333798,2025-05-06 00:00:00,450000.0,313791.28125
A: policy-blind (orig cutoff),XGBoost,baseline,11971527,2025-05-06 00:00:00,330000.0,359617.5
A: policy-blind (orig cutoff),XGBoost,baseline,11965477,2025-05-06 00:00:00,960000.0,557039.0625
A: policy-blind (orig cutoff),XGBoost,baseline,11511984,2025-05-06 00:00:00,565000.0,486187.53125
A: policy-blind (orig cutoff),XGBoost,baseline,11689710,2025-05-06 00:00:00,785000.0,731692.9375
A: policy-blind (orig cutoff),XGBoost,baseline,12023721,2025-05-06 00:00:00,312500.0,286811.40625
A: policy-blind (orig cutoff),XGBoost,baseline,12233911,2025-05-07 00:00:00,600000.0,530511.4375
A: policy-blind (orig cutoff),XGBoost,baseline,12052067,2025-05-07 00:00:00,335000.0,273273.3125
A: policy-blind (orig cutoff),XGBoost,baseline,11645940,2025-05-07 00:00:00,385000.0,418229.3125
A: policy-blind (orig cutoff),XGBoost,baseline,12284970,2025-05-07 00:00:00,640000.0,553739.8125
A: policy-blind (orig cutoff),XGBoost,baseline,12079527,2025-05-07 00:00:00,635000.0,494421.15625
A: policy-blind (orig cutoff),XGBoost,baseline,12162109,2025-05-08 00:00:00,680000.0,625937.125
A: policy-blind (orig cutoff),XGBoost,baseline,9033303,2025-05-08 00:00:00,390000.0,363795.84375
A: policy-blind (orig cutoff),XGBoost,baseline,12192453,2025-05-08 00:00:00,675000.0,516543.53125
A: policy-blind (orig cutoff),XGBoost,baseline,12196287,2025-05-09 00:00:00,395000.0,422431.09375
A: policy-blind (orig cutoff),XGBoost,baseline,12035568,2025-05-09 00:00:00,635000.0,750235.5625
A: policy-blind (orig cutoff),XGBoost,baseline,12091662,2025-05-09 00:00:00,409500.0,394776.25
A: policy-blind (orig cutoff),XGBoost,baseline,12075582,2025-05-09 00:00:00,675000.0,514678.90625
A: policy-blind (orig cutoff),XGBoost,baseline,12129149,2025-05-09 00:00:00,635000.0,560363.3125
A: policy-blind (orig cutoff),XGBoost,baseline,12061314,2025-05-09 00:00:00,405000.0,342528.46875
A: policy-blind (orig cutoff),XGBoost,baseline,11915358,2025-05-09 00:00:00,695000.0,678093.5625
A: policy-blind (orig cutoff),XGBoost,baseline,9176057,2025-05-09 00:00:00,525000.0,385057.21875
A: policy-blind (orig cutoff),XGBoost,baseline,12066039,2025-05-10 00:00:00,891000.0,676549.75
A: policy-blind (orig cutoff),XGBoost,baseline,12297465,2025-05-11 00:00:00,685000.0,615319.6875
A: policy-blind (orig cutoff),XGBoost,baseline,12364784,2025-05-11 00:00:00,685000.0,540429.3125
A: policy-blind (orig cutoff),XGBoost,baseline,12359501,2025-05-11 00:00:00,530000.0,400201.09375
A: policy-blind (orig cutoff),XGBoost,baseline,12253949,2025-05-11 00:00:00,560000.0,442490.03125
A: policy-blind (orig cutoff),XGBoost,baseline,11861044,2025-05-11 00:00:00,370000.0,344674.8125
A: policy-blind (orig cutoff),XGBoost,baseline,11881117,2025-05-12 00:00:00,425000.0,438441.5
A: policy-blind (orig cutoff),XGBoost,baseline,11622144,2025-05-12 00:00:00,509850.0,581881.625
A: policy-blind (orig cutoff),XGBoost,baseline,12098072,2025-05-12 00:00:00,842000.0,685011.25
A: policy-blind (orig cutoff),XGBoost,baseline,12205026,2025-05-12 00:00:00,572500.0,521697.1875
A: policy-blind (orig cutoff),XGBoost,baseline,11948966,2025-05-12 00:00:00,620000.0,461663.15625
A: policy-blind (orig cutoff),XGBoost,baseline,12116017,2025-05-12 00:00:00,617500.0,549740.3125
A: policy-blind (orig cutoff),XGBoost,baseline,11981164,2025-05-13 00:00:00,465000.0,441817.46875
A: policy-blind (orig cutoff),XGBoost,baseline,12263939,2025-05-13 00:00:00,510000.0,374556.9375
A: policy-blind (orig cutoff),XGBoost,baseline,12222320,2025-05-13 00:00:00,392000.0,401528.0625
A: policy-blind (orig cutoff),XGBoost,baseline,12261788,2025-05-13 00:00:00,325000.0,328276.75
A: policy-blind (orig cutoff),XGBoost,baseline,12120936,2025-05-13 00:00:00,660000.0,458519.34375
A: policy-blind (orig cutoff),XGBoost,baseline,11783276,2025-05-13 00:00:00,360000.0,358191.90625
A: policy-blind (orig cutoff),XGBoost,baseline,12211682,2025-05-14 00:00:00,585000.0,562920.9375
A: policy-blind (orig cutoff),XGBoost,baseline,11967230,2025-05-14 00:00:00,460000.0,419204.46875
A: policy-blind (orig cutoff),XGBoost,baseline,12333799,2025-05-14 00:00:00,535000.0,439222.0
A: policy-blind (orig cutoff),XGBoost,baseline,12333800,2025-05-14 00:00:00,600000.0,487727.03125
A: policy-blind (orig cutoff),XGBoost,baseline,12133209,2025-05-14 00:00:00,600000.0,552869.1875
A: policy-blind (orig cutoff),XGBoost,baseline,12080477,2025-05-14 00:00:00,822000.0,754655.1875
A: policy-blind (orig cutoff),XGBoost,baseline,12119815,2025-05-15 00:00:00,495000.0,356364.5625
A: policy-blind (orig cutoff),XGBoost,baseline,12298439,2025-05-15 00:00:00,490000.0,507645.125
A: policy-blind (orig cutoff),XGBoost,baseline,12255440,2025-05-15 00:00:00,330000.0,333785.53125
A: policy-blind (orig cutoff),XGBoost,baseline,12918978,2025-05-15 00:00:00,550000.0,440536.3125
A: policy-blind (orig cutoff),XGBoost,baseline,12059987,2025-05-15 00:00:00,780000.0,570207.0
A: policy-blind (orig cutoff),XGBoost,baseline,12116420,2025-05-15 00:00:00,680000.0,502909.8125
A: policy-blind (orig cutoff),XGBoost,baseline,11201003,2025-05-15 00:00:00,369500.0,285877.46875
A: policy-blind (orig cutoff),XGBoost,baseline,12013068,2025-05-16 00:00:00,530000.0,457183.65625
A: policy-blind (orig cutoff),XGBoost,baseline,12245552,2025-05-16 00:00:00,390000.0,370554.21875
A: policy-blind (orig cutoff),XGBoost,baseline,11855445,2025-05-16 00:00:00,590000.0,529397.0
A: policy-blind (orig cutoff),XGBoost,baseline,12151408,2025-05-16 00:00:00,530000.0,405963.6875
A: policy-blind (orig cutoff),XGBoost,baseline,12162030,2025-05-16 00:00:00,820000.0,696686.375
A: policy-blind (orig cutoff),XGBoost,baseline,11844166,2025-05-16 00:00:00,645000.0,580252.4375
A: policy-blind (orig cutoff),XGBoost,baseline,11053824,2025-05-16 00:00:00,515000.0,434876.46875
A: policy-blind (orig cutoff),XGBoost,baseline,12140796,2025-05-18 00:00:00,490000.0,404891.90625
A: policy-blind (orig cutoff),XGBoost,baseline,12275648,2025-05-18 00:00:00,440000.0,399795.96875
A: policy-blind (orig cutoff),XGBoost,baseline,12062712,2025-05-19 00:00:00,448000.0,557058.1875
A: policy-blind (orig cutoff),XGBoost,baseline,12091904,2025-05-19 00:00:00,760000.0,813710.125
A: policy-blind (orig cutoff),XGBoost,baseline,12090821,2025-05-20 00:00:00,680000.0,528106.125
A: policy-blind (orig cutoff),XGBoost,baseline,11951252,2025-05-20 00:00:00,151000.0,184354.875
A: policy-blind (orig cutoff),XGBoost,baseline,12111565,2025-05-20 00:00:00,568000.0,517821.96875
A: policy-blind (orig cutoff),XGBoost,baseline,11812996,2025-05-20 00:00:00,950000.0,730988.5
A: policy-blind (orig cutoff),XGBoost,baseline,10195275,2025-05-20 00:00:00,470000.0,410697.0
A: policy-blind (orig cutoff),XGBoost,baseline,12151409,2025-05-20 00:00:00,350000.0,315470.375
A: policy-blind (orig cutoff),XGBoost,baseline,11990840,2025-05-20 00:00:00,475000.0,461045.0
A: policy-blind (orig cutoff),XGBoost,baseline,12138505,2025-05-20 00:00:00,800000.0,667268.75
A: policy-blind (orig cutoff),XGBoost,baseline,12130650,2025-05-20 00:00:00,621750.0,495811.75
A: policy-blind (orig cutoff),XGBoost,baseline,12025622,2025-05-21 00:00:00,465000.0,433636.53125
A: policy-blind (orig cutoff),XGBoost,baseline,12112155,2025-05-21 00:00:00,785000.0,521330.625
A: policy-blind (orig cutoff),XGBoost,baseline,12119157,2025-05-21 00:00:00,490000.0,543550.75
A: policy-blind (orig cutoff),XGBoost,baseline,12333797,2025-05-21 00:00:00,800000.0,627977.8125
A: policy-blind (orig cutoff),XGBoost,baseline,12099352,2025-05-21 00:00:00,818000.0,761551.0
A: policy-blind (orig cutoff),XGBoost,baseline,12285078,2025-05-21 00:00:00,635000.0,548083.5
A: policy-blind (orig cutoff),XGBoost,baseline,12284877,2025-05-21 00:00:00,512000.0,404822.40625
A: policy-blind (orig cutoff),XGBoost,baseline,12297464,2025-05-21 00:00:00,205000.0,178140.25
A: policy-blind (orig cutoff),XGBoost,baseline,12132479,2025-05-21 00:00:00,406000.0,398200.5
A: policy-blind (orig cutoff),XGBoost,baseline,12096094,2025-05-21 00:00:00,412000.0,403484.96875
A: policy-blind (orig cutoff),XGBoost,baseline,12096051,2025-05-21 00:00:00,542000.0,453682.5
A: policy-blind (orig cutoff),XGBoost,baseline,12010555,2025-05-22 00:00:00,665000.0,586558.9375
A: policy-blind (orig cutoff),XGBoost,baseline,11871444,2025-05-22 00:00:00,845000.0,397309.0625
A: policy-blind (orig cutoff),XGBoost,baseline,12145871,2025-05-22 00:00:00,305000.0,354582.09375
A: policy-blind (orig cutoff),XGBoost,baseline,11986063,2025-05-22 00:00:00,775000.0,688879.0625
A: policy-blind (orig cutoff),XGBoost,baseline,12070625,2025-05-22 00:00:00,405000.0,386140.5625
A: policy-blind (orig cutoff),XGBoost,baseline,12284971,2025-05-22 00:00:00,300000.0,249829.34375
A: policy-blind (orig cutoff),XGBoost,baseline,12297471,2025-05-22 00:00:00,315000.0,296339.40625
A: policy-blind (orig cutoff),XGBoost,baseline,12284876,2025-05-22 00:00:00,340000.0,244509.59375
A: policy-blind (orig cutoff),XGBoost,baseline,11797073,2025-05-22 00:00:00,417000.0,437542.59375
A: policy-blind (orig cutoff),XGBoost,baseline,12118561,2025-05-23 00:00:00,670000.0,387849.71875
A: policy-blind (orig cutoff),XGBoost,baseline,12119209,2025-05-25 00:00:00,290000.0,276917.59375
A: policy-blind (orig cutoff),XGBoost,baseline,12110947,2025-05-25 00:00:00,720000.0,539879.625
A: policy-blind (orig cutoff),XGBoost,baseline,12158156,2025-05-25 00:00:00,735000.0,581017.6875
A: policy-blind (orig cutoff),XGBoost,baseline,12407434,2025-05-25 00:00:00,335000.0,264817.5625
A: policy-blind (orig cutoff),XGBoost,baseline,12230007,2025-05-25 00:00:00,425000.0,384526.5625
A: policy-blind (orig cutoff),XGBoost,baseline,12153600,2025-05-25 00:00:00,350000.0,321232.65625
A: policy-blind (orig cutoff),XGBoost,baseline,12917387,2025-05-26 00:00:00,565000.0,440536.3125
A: policy-blind (orig cutoff),XGBoost,baseline,12000322,2025-05-26 00:00:00,340000.0,293406.9375
A: policy-blind (orig cutoff),XGBoost,baseline,12010520,2025-05-26 00:00:00,730000.0,595506.1875
A: policy-blind (orig cutoff),XGBoost,baseline,11941721,2025-05-26 00:00:00,950000.0,813434.6875
A: policy-blind (orig cutoff),XGBoost,baseline,12169892,2025-05-26 00:00:00,675000.0,622165.6875
A: policy-blind (orig cutoff),XGBoost,baseline,12116734,2025-05-26 00:00:00,425000.0,354063.71875
A: policy-blind (orig cutoff),XGBoost,baseline,11980530,2025-05-26 00:00:00,650000.0,595672.0625
A: policy-blind (orig cutoff),XGBoost,baseline,12057804,2025-05-26 00:00:00,335000.0,325527.375
A: policy-blind (orig cutoff),XGBoost,baseline,11658131,2025-05-26 00:00:00,500000.0,347042.03125
A: policy-blind (orig cutoff),XGBoost,baseline,11338774,2025-05-27 00:00:00,760000.0,558653.6875
A: policy-blind (orig cutoff),XGBoost,baseline,11965268,2025-05-27 00:00:00,835000.0,698437.9375
A: policy-blind (orig cutoff),XGBoost,baseline,12121780,2025-05-27 00:00:00,720000.0,707697.375
A: policy-blind (orig cutoff),XGBoost,baseline,12333726,2025-05-27 00:00:00,750000.0,643439.6875
A: policy-blind (orig cutoff),XGBoost,baseline,11989621,2025-05-28 00:00:00,465000.0,495596.15625
A: policy-blind (orig cutoff),XGBoost,baseline,12253319,2025-05-28 00:00:00,415000.0,347871.75
A: policy-blind (orig cutoff),XGBoost,baseline,11902192,2025-05-28 00:00:00,530000.0,521074.15625
A: policy-blind (orig cutoff),XGBoost,baseline,12333727,2025-05-28 00:00:00,730000.0,621534.6875
A: policy-blind (orig cutoff),XGBoost,baseline,12154710,2025-05-28 00:00:00,810000.0,652121.125
A: policy-blind (orig cutoff),XGBoost,baseline,12038065,2025-05-28 00:00:00,430000.0,283909.3125
A: policy-blind (orig cutoff),XGBoost,baseline,12024689,2025-05-28 00:00:00,415000.0,353375.5625
A: policy-blind (orig cutoff),XGBoost,baseline,12148728,2025-05-29 00:00:00,740000.0,702941.125
A: policy-blind (orig cutoff),XGBoost,baseline,12107276,2025-05-29 00:00:00,650000.0,541043.5
A: policy-blind (orig cutoff),XGBoost,baseline,12098008,2025-05-29 00:00:00,512500.0,512998.0625
A: policy-blind (orig cutoff),XGBoost,baseline,12113701,2025-05-29 00:00:00,800000.0,604411.1875
A: policy-blind (orig cutoff),XGBoost,baseline,12119974,2025-05-29 00:00:00,325000.0,287660.3125
A: policy-blind (orig cutoff),XGBoost,baseline,12112179,2025-05-29 00:00:00,300000.0,236009.28125
A: policy-blind (orig cutoff),XGBoost,baseline,12183430,2025-05-30 00:00:00,950000.0,700799.1875
A: policy-blind (orig cutoff),XGBoost,baseline,10959122,2025-05-30 00:00:00,317000.0,279999.125
A: policy-blind (orig cutoff),XGBoost,baseline,11958206,2025-05-30 00:00:00,235000.0,143658.921875
A: policy-blind (orig cutoff),XGBoost,baseline,12102487,2025-05-30 00:00:00,715000.0,610365.875
A: policy-blind (orig cutoff),XGBoost,baseline,12096298,2025-05-30 00:00:00,425000.0,386624.0
A: policy-blind (orig cutoff),XGBoost,baseline,12235390,2025-05-30 00:00:00,585000.0,515136.0625
A: policy-blind (orig cutoff),XGBoost,baseline,12237639,2025-05-30 00:00:00,375000.0,312748.90625
A: policy-blind (orig cutoff),XGBoost,baseline,12043178,2025-05-30 00:00:00,770000.0,631100.375
A: policy-blind (orig cutoff),XGBoost,baseline,12220005,2025-05-30 00:00:00,462500.0,414351.40625
A: policy-blind (orig cutoff),XGBoost,baseline,12127714,2025-05-31 00:00:00,890000.0,615624.875
A: policy-blind (orig cutoff),XGBoost,baseline,11528162,2025-06-02 00:00:00,740000.0,441542.0
A: policy-blind (orig cutoff),XGBoost,baseline,12018591,2025-06-02 00:00:00,350000.0,344769.8125
A: policy-blind (orig cutoff),XGBoost,baseline,12177465,2025-06-02 00:00:00,390000.0,382300.125
A: policy-blind (orig cutoff),XGBoost,baseline,12148729,2025-06-02 00:00:00,330000.0,345974.96875
A: policy-blind (orig cutoff),XGBoost,baseline,12166061,2025-06-02 00:00:00,670000.0,602335.6875
A: policy-blind (orig cutoff),XGBoost,baseline,11856078,2025-06-02 00:00:00,386000.0,343214.15625
A: policy-blind (orig cutoff),XGBoost,baseline,12320028,2025-06-02 00:00:00,570000.0,480210.84375
A: policy-blind (orig cutoff),XGBoost,baseline,10063161,2025-06-03 00:00:00,551000.0,419170.875
A: policy-blind (orig cutoff),XGBoost,baseline,12119183,2025-06-03 00:00:00,740000.0,708389.5
A: policy-blind (orig cutoff),XGBoost,baseline,12179992,2025-06-03 00:00:00,610000.0,539862.625
A: policy-blind (orig cutoff),XGBoost,baseline,12051167,2025-06-03 00:00:00,530000.0,392693.0
A: policy-blind (orig cutoff),XGBoost,baseline,12088532,2025-06-03 00:00:00,340000.0,301425.78125
A: policy-blind (orig cutoff),XGBoost,baseline,12089926,2025-06-03 00:00:00,350000.0,299659.0625
A: policy-blind (orig cutoff),XGBoost,baseline,12430123,2025-06-03 00:00:00,450000.0,371284.6875
A: policy-blind (orig cutoff),XGBoost,baseline,12167444,2025-06-04 00:00:00,355000.0,287690.5
A: policy-blind (orig cutoff),XGBoost,baseline,12076156,2025-06-04 00:00:00,550000.0,538607.875
A: policy-blind (orig cutoff),XGBoost,baseline,12146688,2025-06-04 00:00:00,405000.0,331054.71875
A: policy-blind (orig cutoff),XGBoost,baseline,12141312,2025-06-04 00:00:00,660000.0,590337.375
A: policy-blind (orig cutoff),XGBoost,baseline,12520878,2025-06-04 00:00:00,535000.0,382554.6875
A: policy-blind (orig cutoff),XGBoost,baseline,12054227,2025-06-04 00:00:00,310000.0,223962.78125
A: policy-blind (orig cutoff),XGBoost,baseline,12284837,2025-06-04 00:00:00,580000.0,457706.28125
A: policy-blind (orig cutoff),XGBoost,baseline,12169428,2025-06-04 00:00:00,270000.0,216650.234375
A: policy-blind (orig cutoff),XGBoost,baseline,12172872,2025-06-04 00:00:00,720000.0,524241.28125
A: policy-blind (orig cutoff),XGBoost,baseline,12130009,2025-06-04 00:00:00,610000.0,540098.5
A: policy-blind (orig cutoff),XGBoost,baseline,12122472,2025-06-04 00:00:00,540000.0,600091.5
A: policy-blind (orig cutoff),XGBoost,baseline,12343823,2025-06-05 00:00:00,465000.0,439298.6875
A: policy-blind (orig cutoff),XGBoost,baseline,12157191,2025-06-05 00:00:00,295000.0,242412.28125
A: policy-blind (orig cutoff),XGBoost,baseline,12198007,2025-06-05 00:00:00,550000.0,479910.0625
A: policy-blind (orig cutoff),XGBoost,baseline,11936517,2025-06-05 00:00:00,385000.0,398469.4375
A: policy-blind (orig cutoff),XGBoost,baseline,12396113,2025-06-05 00:00:00,415000.0,405678.84375
A: policy-blind (orig cutoff),XGBoost,baseline,7885997,2025-06-05 00:00:00,565000.0,567654.75
A: policy-blind (orig cutoff),XGBoost,baseline,12170331,2025-06-05 00:00:00,810000.0,795999.9375
A: policy-blind (orig cutoff),XGBoost,baseline,12186136,2025-06-05 00:00:00,365000.0,280052.0
A: policy-blind (orig cutoff),XGBoost,baseline,12121080,2025-06-05 00:00:00,640000.0,622495.6875
A: policy-blind (orig cutoff),XGBoost,baseline,12183904,2025-06-05 00:00:00,630000.0,633848.4375
A: policy-blind (orig cutoff),XGBoost,baseline,11946135,2025-06-05 00:00:00,320000.0,236566.109375
A: policy-blind (orig cutoff),XGBoost,baseline,11695664,2025-06-06 00:00:00,850000.0,793458.625
A: policy-blind (orig cutoff),XGBoost,baseline,12008030,2025-06-06 00:00:00,630000.0,459817.28125
A: policy-blind (orig cutoff),XGBoost,baseline,12334068,2025-06-10 00:00:00,715000.0,526036.1875
A: policy-blind (orig cutoff),XGBoost,baseline,12342366,2025-06-10 00:00:00,350495.0,375621.5
A: policy-blind (orig cutoff),XGBoost,baseline,12158214,2025-06-10 00:00:00,720000.0,662518.8125
A: policy-blind (orig cutoff),XGBoost,baseline,12149215,2025-06-10 00:00:00,480000.0,361700.125
A: policy-blind (orig cutoff),XGBoost,baseline,12154438,2025-06-10 00:00:00,777500.0,716722.75
A: policy-blind (orig cutoff),XGBoost,baseline,12396039,2025-06-10 00:00:00,480000.0,443720.15625
A: policy-blind (orig cutoff),XGBoost,baseline,12126868,2025-06-10 00:00:00,460000.0,414523.3125
A: policy-blind (orig cutoff),XGBoost,baseline,12334069,2025-06-11 00:00:00,575000.0,529045.25
A: policy-blind (orig cutoff),XGBoost,baseline,11287127,2025-06-11 00:00:00,600000.0,627629.9375
A: policy-blind (orig cutoff),XGBoost,baseline,12158220,2025-06-11 00:00:00,850000.0,697062.5
A: policy-blind (orig cutoff),XGBoost,baseline,12192250,2025-06-11 00:00:00,360000.0,307061.21875
A: policy-blind (orig cutoff),XGBoost,baseline,12133842,2025-06-11 00:00:00,313000.0,336484.0
A: policy-blind (orig cutoff),XGBoost,baseline,12094863,2025-06-12 00:00:00,926000.0,807574.125
A: policy-blind (orig cutoff),XGBoost,baseline,12306920,2025-06-12 00:00:00,470000.0,299562.78125
A: policy-blind (orig cutoff),XGBoost,baseline,11972545,2025-06-12 00:00:00,337000.0,297908.09375
A: policy-blind (orig cutoff),XGBoost,baseline,11710801,2025-06-12 00:00:00,531000.0,557184.125
A: policy-blind (orig cutoff),XGBoost,baseline,12133211,2025-06-12 00:00:00,333000.0,239716.3125
A: policy-blind (orig cutoff),XGBoost,baseline,12188572,2025-06-12 00:00:00,700000.0,564163.5
A: policy-blind (orig cutoff),XGBoost,baseline,11494261,2025-06-12 00:00:00,359000.0,381876.6875
A: policy-blind (orig cutoff),XGBoost,baseline,12178185,2025-06-13 00:00:00,760000.0,669457.0
A: policy-blind (orig cutoff),XGBoost,baseline,12190422,2025-06-13 00:00:00,530000.0,429273.75
A: policy-blind (orig cutoff),XGBoost,baseline,12044772,2025-06-13 00:00:00,335000.0,273438.0625
A: policy-blind (orig cutoff),XGBoost,baseline,11966042,2025-06-13 00:00:00,500000.0,434281.71875
A: policy-blind (orig cutoff),XGBoost,baseline,11919810,2025-06-13 00:00:00,515000.0,411287.28125
A: policy-blind (orig cutoff),XGBoost,baseline,12190829,2025-06-14 00:00:00,440000.0,407182.75
A: policy-blind (orig cutoff),XGBoost,baseline,12370475,2025-06-15 00:00:00,650000.0,529879.375
A: policy-blind (orig cutoff),XGBoost,baseline,12070336,2025-06-15 00:00:00,320000.0,290098.71875
A: policy-blind (orig cutoff),XGBoost,baseline,12184814,2025-06-15 00:00:00,725000.0,655482.5
A: policy-blind (orig cutoff),XGBoost,baseline,12343824,2025-06-15 00:00:00,715000.0,614093.875
A: policy-blind (orig cutoff),XGBoost,baseline,12180832,2025-06-16 00:00:00,485000.0,333655.0625
A: policy-blind (orig cutoff),XGBoost,baseline,11946893,2025-06-16 00:00:00,340000.0,283146.53125
A: policy-blind (orig cutoff),XGBoost,baseline,12142639,2025-06-16 00:00:00,275000.0,288263.65625
A: policy-blind (orig cutoff),XGBoost,baseline,12155971,2025-06-16 00:00:00,482000.0,499004.6875
A: policy-blind (orig cutoff),XGBoost,baseline,12211090,2025-06-16 00:00:00,460000.0,384380.28125
A: policy-blind (orig cutoff),XGBoost,baseline,11846932,2025-06-16 00:00:00,455000.0,417077.8125
A: policy-blind (orig cutoff),XGBoost,baseline,12118559,2025-06-16 00:00:00,560000.0,453106.96875
A: policy-blind (orig cutoff),XGBoost,baseline,11953882,2025-06-16 00:00:00,580000.0,566835.1875
A: policy-blind (orig cutoff),XGBoost,baseline,12204987,2025-06-16 00:00:00,409000.0,247862.9375
A: policy-blind (orig cutoff),XGBoost,baseline,12359418,2025-06-17 00:00:00,480000.0,428061.21875
A: policy-blind (orig cutoff),XGBoost,baseline,12323429,2025-06-17 00:00:00,580000.0,551086.75
A: policy-blind (orig cutoff),XGBoost,baseline,12207820,2025-06-17 00:00:00,410000.0,318497.0
A: policy-blind (orig cutoff),XGBoost,baseline,11934529,2025-06-17 00:00:00,600000.0,626911.5
A: policy-blind (orig cutoff),XGBoost,baseline,12321604,2025-06-17 00:00:00,480000.0,439748.4375
A: policy-blind (orig cutoff),XGBoost,baseline,11722039,2025-06-17 00:00:00,390000.0,240316.484375
A: policy-blind (orig cutoff),XGBoost,baseline,12180013,2025-06-17 00:00:00,630000.0,584497.3125
A: policy-blind (orig cutoff),XGBoost,baseline,9010854,2025-06-17 00:00:00,350000.0,380514.53125
A: policy-blind (orig cutoff),XGBoost,baseline,11802968,2025-06-17 00:00:00,408000.0,442897.4375
A: policy-blind (orig cutoff),XGBoost,baseline,12302797,2025-06-17 00:00:00,425000.0,410374.0
A: policy-blind (orig cutoff),XGBoost,baseline,12205940,2025-06-18 00:00:00,666000.0,731913.4375
A: policy-blind (orig cutoff),XGBoost,baseline,11902177,2025-06-18 00:00:00,472000.0,415451.0
A: policy-blind (orig cutoff),XGBoost,baseline,12205434,2025-06-18 00:00:00,950000.0,724931.3125
A: policy-blind (orig cutoff),XGBoost,baseline,12433541,2025-06-18 00:00:00,640000.0,456764.84375
A: policy-blind (orig cutoff),XGBoost,baseline,12216770,2025-06-18 00:00:00,685000.0,597278.4375
A: policy-blind (orig cutoff),XGBoost,baseline,12372873,2025-06-18 00:00:00,745000.0,580861.4375
A: policy-blind (orig cutoff),XGBoost,baseline,11701999,2025-06-18 00:00:00,660000.0,642301.8125
A: policy-blind (orig cutoff),XGBoost,baseline,12324860,2025-06-18 00:00:00,620000.0,451731.03125
A: policy-blind (orig cutoff),XGBoost,baseline,12039050,2025-06-18 00:00:00,435000.0,397997.375
A: policy-blind (orig cutoff),XGBoost,baseline,12155112,2025-06-18 00:00:00,440000.0,349703.5625
A: policy-blind (orig cutoff),XGBoost,baseline,11968450,2025-06-18 00:00:00,400000.0,600593.625
A: policy-blind (orig cutoff),XGBoost,baseline,11902326,2025-06-19 00:00:00,296000.0,256889.859375
A: policy-blind (orig cutoff),XGBoost,baseline,12166414,2025-06-19 00:00:00,755000.0,507798.59375
A: policy-blind (orig cutoff),XGBoost,baseline,12176396,2025-06-19 00:00:00,675000.0,497508.375
A: policy-blind (orig cutoff),XGBoost,baseline,12142479,2025-06-19 00:00:00,455000.0,436284.65625
A: policy-blind (orig cutoff),XGBoost,baseline,12405752,2025-06-20 00:00:00,880000.0,737551.9375
A: policy-blind (orig cutoff),XGBoost,baseline,12330264,2025-06-20 00:00:00,630000.0,531162.4375
A: policy-blind (orig cutoff),XGBoost,baseline,12187570,2025-06-20 00:00:00,300000.0,232609.6875
A: policy-blind (orig cutoff),XGBoost,baseline,12396112,2025-06-22 00:00:00,680000.0,542252.1875
A: policy-blind (orig cutoff),XGBoost,baseline,12372977,2025-06-22 00:00:00,650000.0,470956.375
A: policy-blind (orig cutoff),XGBoost,baseline,12205170,2025-06-23 00:00:00,300000.0,259301.03125
A: policy-blind (orig cutoff),XGBoost,baseline,12172330,2025-06-23 00:00:00,830000.0,802581.25
A: policy-blind (orig cutoff),XGBoost,baseline,12244345,2025-06-24 00:00:00,575000.0,445517.59375
A: policy-blind (orig cutoff),XGBoost,baseline,12206456,2025-06-24 00:00:00,640000.0,543182.3125
A: policy-blind (orig cutoff),XGBoost,baseline,12232057,2025-06-24 00:00:00,560000.0,498181.59375
A: policy-blind (orig cutoff),XGBoost,baseline,10125960,2025-06-24 00:00:00,440000.0,412201.8125
A: policy-blind (orig cutoff),XGBoost,baseline,12146068,2025-06-24 00:00:00,485000.0,515099.71875
A: policy-blind (orig cutoff),XGBoost,baseline,12135695,2025-06-24 00:00:00,762500.0,700553.9375
A: policy-blind (orig cutoff),XGBoost,baseline,12244352,2025-06-24 00:00:00,625000.0,589500.25
A: policy-blind (orig cutoff),XGBoost,baseline,12245149,2025-06-24 00:00:00,570000.0,461896.5625
A: policy-blind (orig cutoff),XGBoost,baseline,12191559,2025-06-24 00:00:00,627000.0,504457.5
A: policy-blind (orig cutoff),XGBoost,baseline,12370476,2025-06-24 00:00:00,535000.0,427089.5
A: policy-blind (orig cutoff),XGBoost,baseline,11888316,2025-06-25 00:00:00,365000.0,346545.59375
A: policy-blind (orig cutoff),XGBoost,baseline,12187631,2025-06-25 00:00:00,777500.0,631820.0
A: policy-blind (orig cutoff),XGBoost,baseline,12028933,2025-06-25 00:00:00,530000.0,450194.8125
A: policy-blind (orig cutoff),XGBoost,baseline,12387568,2025-06-25 00:00:00,400000.0,294948.0
A: policy-blind (orig cutoff),XGBoost,baseline,12339502,2025-06-25 00:00:00,630000.0,511545.15625
A: policy-blind (orig cutoff),XGBoost,baseline,12216050,2025-06-25 00:00:00,263000.0,252346.75
A: policy-blind (orig cutoff),XGBoost,baseline,12208575,2025-06-25 00:00:00,660000.0,645632.25
A: policy-blind (orig cutoff),XGBoost,baseline,12370377,2025-06-25 00:00:00,490000.0,441054.21875
A: policy-blind (orig cutoff),XGBoost,baseline,12172768,2025-06-26 00:00:00,470000.0,349751.59375
A: policy-blind (orig cutoff),XGBoost,baseline,10758511,2025-06-26 00:00:00,790000.0,676915.6875
A: policy-blind (orig cutoff),XGBoost,baseline,12115949,2025-06-26 00:00:00,865000.0,736964.125
A: policy-blind (orig cutoff),XGBoost,baseline,11953290,2025-06-26 00:00:00,440000.0,448399.46875
A: policy-blind (orig cutoff),XGBoost,baseline,12367019,2025-06-26 00:00:00,520000.0,334051.125
A: policy-blind (orig cutoff),XGBoost,baseline,11992146,2025-06-27 00:00:00,305000.0,306085.875
A: policy-blind (orig cutoff),XGBoost,baseline,12272075,2025-06-27 00:00:00,650000.0,583087.0625
A: policy-blind (orig cutoff),XGBoost,baseline,12116255,2025-06-27 00:00:00,472000.0,429871.46875
A: policy-blind (orig cutoff),XGBoost,baseline,12172470,2025-06-27 00:00:00,409000.0,469648.5
A: policy-blind (orig cutoff),XGBoost,baseline,12019492,2025-06-28 00:00:00,385000.0,412894.25
A: policy-blind (orig cutoff),XGBoost,baseline,12179096,2025-06-28 00:00:00,370000.0,315268.59375
A: policy-blind (orig cutoff),XGBoost,baseline,12255937,2025-06-29 00:00:00,740000.0,550251.75
A: policy-blind (orig cutoff),XGBoost,baseline,12100455,2025-06-30 00:00:00,510000.0,431381.9375
A: policy-blind (orig cutoff),XGBoost,baseline,11830939,2025-06-30 00:00:00,748500.0,557982.8125
A: policy-blind (orig cutoff),XGBoost,baseline,12302815,2025-06-30 00:00:00,675000.0,622356.8125
A: policy-blind (orig cutoff),XGBoost,baseline,12243733,2025-06-30 00:00:00,830000.0,761360.0
A: policy-blind (orig cutoff),XGBoost,baseline,12407435,2025-06-30 00:00:00,300000.0,278008.59375
A: policy-blind (orig cutoff),XGBoost,baseline,10866993,2025-06-30 00:00:00,407000.0,279281.46875
A: policy-blind (orig cutoff),XGBoost,baseline,12395308,2025-06-30 00:00:00,640000.0,603870.8125
A: policy-blind (orig cutoff),XGBoost,baseline,12129915,2025-06-30 00:00:00,445000.0,394455.21875
A: policy-blind (orig cutoff),XGBoost,baseline,12132163,2025-06-30 00:00:00,370000.0,290033.15625
A: policy-blind (orig cutoff),XGBoost,baseline,9597049,2025-06-30 00:00:00,470000.0,456240.25
A: policy-blind (orig cutoff),XGBoost,baseline,12186003,2025-06-30 00:00:00,535000.0,608285.5625
A: policy-blind (orig cutoff),XGBoost,baseline,12142932,2025-07-01 00:00:00,485000.0,281416.875
A: policy-blind (orig cutoff),XGBoost,baseline,12346710,2025-07-01 00:00:00,309500.0,268639.1875
A: policy-blind (orig cutoff),XGBoost,baseline,12250074,2025-07-01 00:00:00,407000.0,365853.125
A: policy-blind (orig cutoff),XGBoost,baseline,12361849,2025-07-01 00:00:00,620000.0,513528.6875
A: policy-blind (orig cutoff),XGBoost,baseline,12369453,2025-07-01 00:00:00,620000.0,527797.5
A: policy-blind (orig cutoff),XGBoost,baseline,12391903,2025-07-01 00:00:00,400000.0,336597.28125
A: policy-blind (orig cutoff),XGBoost,baseline,12693020,2025-07-02 00:00:00,325000.0,291911.25
A: policy-blind (orig cutoff),XGBoost,baseline,12116916,2025-07-02 00:00:00,335000.0,324135.5
A: policy-blind (orig cutoff),XGBoost,baseline,12244014,2025-07-02 00:00:00,645000.0,491408.4375
A: policy-blind (orig cutoff),XGBoost,baseline,12321295,2025-07-02 00:00:00,300000.0,280825.46875
A: policy-blind (orig cutoff),XGBoost,baseline,12185792,2025-07-02 00:00:00,736729.0,554262.875
A: policy-blind (orig cutoff),XGBoost,baseline,12362122,2025-07-02 00:00:00,535000.0,489349.78125
A: policy-blind (orig cutoff),XGBoost,baseline,12336990,2025-07-03 00:00:00,280000.0,341190.15625
A: policy-blind (orig cutoff),XGBoost,baseline,12371126,2025-07-03 00:00:00,530000.0,390432.65625
A: policy-blind (orig cutoff),XGBoost,baseline,12115784,2025-07-03 00:00:00,425000.0,397121.5625
A: policy-blind (orig cutoff),XGBoost,baseline,12277603,2025-07-03 00:00:00,950000.0,679002.125
A: policy-blind (orig cutoff),XGBoost,baseline,12357966,2025-07-04 00:00:00,670000.0,625418.0
A: policy-blind (orig cutoff),XGBoost,baseline,12027611,2025-07-04 00:00:00,358000.0,279158.71875
A: policy-blind (orig cutoff),XGBoost,baseline,12339503,2025-07-04 00:00:00,535000.0,507870.28125
A: policy-blind (orig cutoff),XGBoost,baseline,12194130,2025-07-04 00:00:00,262000.0,234132.4375
A: policy-blind (orig cutoff),XGBoost,baseline,12442166,2025-07-06 00:00:00,670000.0,541158.5625
A: policy-blind (orig cutoff),XGBoost,baseline,12413733,2025-07-06 00:00:00,420000.0,350409.28125
A: policy-blind (orig cutoff),XGBoost,baseline,12065830,2025-07-06 00:00:00,250000.0,232519.640625
A: policy-blind (orig cutoff),XGBoost,baseline,12487275,2025-07-06 00:00:00,685000.0,600583.3125
A: policy-blind (orig cutoff),XGBoost,baseline,12342144,2025-07-07 00:00:00,295000.0,281411.78125
A: policy-blind (orig cutoff),XGBoost,baseline,12263591,2025-07-07 00:00:00,448000.0,409894.84375
A: policy-blind (orig cutoff),XGBoost,baseline,12277319,2025-07-07 00:00:00,655000.0,570250.5
A: policy-blind (orig cutoff),XGBoost,baseline,12264385,2025-07-07 00:00:00,557500.0,643516.4375
A: policy-blind (orig cutoff),XGBoost,baseline,12077930,2025-07-07 00:00:00,860000.0,802298.875
A: policy-blind (orig cutoff),XGBoost,baseline,12193881,2025-07-07 00:00:00,345000.0,258590.0625
A: policy-blind (orig cutoff),XGBoost,baseline,12276586,2025-07-07 00:00:00,565000.0,424642.53125
A: policy-blind (orig cutoff),XGBoost,baseline,12201692,2025-07-07 00:00:00,385000.0,358321.03125
A: policy-blind (orig cutoff),XGBoost,baseline,12237886,2025-07-07 00:00:00,870000.0,716806.8125
A: policy-blind (orig cutoff),XGBoost,baseline,12224225,2025-07-07 00:00:00,750000.0,766587.5625
A: policy-blind (orig cutoff),XGBoost,baseline,12025035,2025-07-07 00:00:00,330000.0,277819.09375
A: policy-blind (orig cutoff),XGBoost,baseline,12246769,2025-07-08 00:00:00,319000.0,225136.953125
A: policy-blind (orig cutoff),XGBoost,baseline,12364027,2025-07-08 00:00:00,380000.0,285028.9375
A: policy-blind (orig cutoff),XGBoost,baseline,12251570,2025-07-08 00:00:00,800000.0,704210.625
A: policy-blind (orig cutoff),XGBoost,baseline,12418626,2025-07-08 00:00:00,550000.0,410498.0625
A: policy-blind (orig cutoff),XGBoost,baseline,12233377,2025-07-08 00:00:00,815000.0,788713.25
A: policy-blind (orig cutoff),XGBoost,baseline,12274672,2025-07-08 00:00:00,870000.0,830944.5625
A: policy-blind (orig cutoff),XGBoost,baseline,12449325,2025-07-08 00:00:00,475000.0,344194.875
A: policy-blind (orig cutoff),XGBoost,baseline,12181587,2025-07-08 00:00:00,470000.0,453232.3125
A: policy-blind (orig cutoff),XGBoost,baseline,12213474,2025-07-09 00:00:00,587100.0,512690.9375
A: policy-blind (orig cutoff),XGBoost,baseline,12209096,2025-07-09 00:00:00,530000.0,427303.8125
A: policy-blind (orig cutoff),XGBoost,baseline,12820644,2025-07-09 00:00:00,620000.0,541975.125
A: policy-blind (orig cutoff),XGBoost,baseline,11693819,2025-07-09 00:00:00,330000.0,354935.96875
A: policy-blind (orig cutoff),XGBoost,baseline,12263054,2025-07-10 00:00:00,600000.0,427089.09375
A: policy-blind (orig cutoff),XGBoost,baseline,12101046,2025-07-10 00:00:00,720000.0,542661.9375
A: policy-blind (orig cutoff),XGBoost,baseline,12414479,2025-07-10 00:00:00,750000.0,656842.25
A: policy-blind (orig cutoff),XGBoost,baseline,12387637,2025-07-10 00:00:00,637000.0,557958.875
A: policy-blind (orig cutoff),XGBoost,baseline,12267036,2025-07-10 00:00:00,340000.0,315538.6875
A: policy-blind (orig cutoff),XGBoost,baseline,12253156,2025-07-10 00:00:00,453000.0,431739.1875
A: policy-blind (orig cutoff),XGBoost,baseline,12285187,2025-07-10 00:00:00,570000.0,635438.375
A: policy-blind (orig cutoff),XGBoost,baseline,12591031,2025-07-10 00:00:00,650000.0,503062.8125
A: policy-blind (orig cutoff),XGBoost,baseline,11835400,2025-07-10 00:00:00,375000.0,300324.53125
A: policy-blind (orig cutoff),XGBoost,baseline,12229073,2025-07-11 00:00:00,630000.0,578135.1875
A: policy-blind (orig cutoff),XGBoost,baseline,12274227,2025-07-11 00:00:00,575000.0,448080.59375
A: policy-blind (orig cutoff),XGBoost,baseline,12286474,2025-07-11 00:00:00,435000.0,459051.8125
A: policy-blind (orig cutoff),XGBoost,baseline,12225942,2025-07-11 00:00:00,445000.0,397121.5625
A: policy-blind (orig cutoff),XGBoost,baseline,12244224,2025-07-12 00:00:00,665000.0,574952.1875
A: policy-blind (orig cutoff),XGBoost,baseline,12372540,2025-07-14 00:00:00,425000.0,312056.53125
A: policy-blind (orig cutoff),XGBoost,baseline,12217735,2025-07-14 00:00:00,373000.0,362633.6875
A: policy-blind (orig cutoff),XGBoost,baseline,2285138,2025-07-14 00:00:00,300000.0,296382.9375
A: policy-blind (orig cutoff),XGBoost,baseline,12282199,2025-07-14 00:00:00,600000.0,419597.25
A: policy-blind (orig cutoff),XGBoost,baseline,12035616,2025-07-15 00:00:00,859000.0,683743.75
A: policy-blind (orig cutoff),XGBoost,baseline,12449333,2025-07-15 00:00:00,650000.0,492596.0
A: policy-blind (orig cutoff),XGBoost,baseline,12422227,2025-07-15 00:00:00,585000.0,469375.375
A: policy-blind (orig cutoff),XGBoost,baseline,12343800,2025-07-15 00:00:00,630000.0,585327.875
A: policy-blind (orig cutoff),XGBoost,baseline,12142551,2025-07-16 00:00:00,785000.0,625292.75
A: policy-blind (orig cutoff),XGBoost,baseline,12292656,2025-07-16 00:00:00,587391.0,473220.53125
A: policy-blind (orig cutoff),XGBoost,baseline,12231856,2025-07-16 00:00:00,785000.0,631800.6875
A: policy-blind (orig cutoff),XGBoost,baseline,12294592,2025-07-16 00:00:00,589000.0,469195.46875
A: policy-blind (orig cutoff),XGBoost,baseline,12418627,2025-07-17 00:00:00,430000.0,325937.09375
A: policy-blind (orig cutoff),XGBoost,baseline,12285469,2025-07-17 00:00:00,370000.0,324098.09375
A: policy-blind (orig cutoff),XGBoost,baseline,12308654,2025-07-17 00:00:00,524000.0,508152.25
A: policy-blind (orig cutoff),XGBoost,baseline,12076397,2025-07-17 00:00:00,295000.0,258775.578125
A: policy-blind (orig cutoff),XGBoost,baseline,12271833,2025-07-18 00:00:00,677000.0,541257.625
A: policy-blind (orig cutoff),XGBoost,baseline,12479108,2025-07-18 00:00:00,340000.0,315247.53125
A: policy-blind (orig cutoff),XGBoost,baseline,12238677,2025-07-18 00:00:00,600000.0,527674.6875
A: policy-blind (orig cutoff),XGBoost,baseline,12407311,2025-07-18 00:00:00,680000.0,646599.0625
A: policy-blind (orig cutoff),XGBoost,baseline,12265338,2025-07-19 00:00:00,486000.0,348501.34375
A: policy-blind (orig cutoff),XGBoost,baseline,12309927,2025-07-20 00:00:00,517250.0,309347.375
A: policy-blind (orig cutoff),XGBoost,baseline,12241785,2025-07-21 00:00:00,670000.0,606168.9375
A: policy-blind (orig cutoff),XGBoost,baseline,12240706,2025-07-21 00:00:00,400000.0,290306.03125
A: policy-blind (orig cutoff),XGBoost,baseline,11974381,2025-07-21 00:00:00,305000.0,292539.6875
A: policy-blind (orig cutoff),XGBoost,baseline,12449326,2025-07-21 00:00:00,660000.0,532360.8125
A: policy-blind (orig cutoff),XGBoost,baseline,12423977,2025-07-21 00:00:00,440000.0,321743.125
A: policy-blind (orig cutoff),XGBoost,baseline,12496658,2025-07-21 00:00:00,710000.0,601999.125
A: policy-blind (orig cutoff),XGBoost,baseline,12588020,2025-07-21 00:00:00,615000.0,528250.1875
A: policy-blind (orig cutoff),XGBoost,baseline,12272867,2025-07-21 00:00:00,397500.0,335457.40625
A: policy-blind (orig cutoff),XGBoost,baseline,12246726,2025-07-21 00:00:00,340000.0,237577.40625
A: policy-blind (orig cutoff),XGBoost,baseline,12237448,2025-07-22 00:00:00,400000.0,335457.40625
A: policy-blind (orig cutoff),XGBoost,baseline,12267483,2025-07-22 00:00:00,460000.0,678631.8125
A: policy-blind (orig cutoff),XGBoost,baseline,12407310,2025-07-22 00:00:00,670000.0,639941.6875
A: policy-blind (orig cutoff),XGBoost,baseline,12266897,2025-07-23 00:00:00,483000.0,431592.21875
A: policy-blind (orig cutoff),XGBoost,baseline,12243140,2025-07-23 00:00:00,764000.0,661811.5625
A: policy-blind (orig cutoff),XGBoost,baseline,12381223,2025-07-23 00:00:00,580000.0,488158.40625
A: policy-blind (orig cutoff),XGBoost,baseline,12444631,2025-07-23 00:00:00,680000.0,592353.5
A: policy-blind (orig cutoff),XGBoost,baseline,12323138,2025-07-23 00:00:00,460000.0,368697.9375
A: policy-blind (orig cutoff),XGBoost,baseline,12310842,2025-07-24 00:00:00,385000.0,413711.71875
A: policy-blind (orig cutoff),XGBoost,baseline,12204988,2025-07-24 00:00:00,670123.0,537049.125
A: policy-blind (orig cutoff),XGBoost,baseline,12271431,2025-07-24 00:00:00,427500.0,325441.0625
A: policy-blind (orig cutoff),XGBoost,baseline,12286809,2025-07-24 00:00:00,850000.0,647722.9375
A: policy-blind (orig cutoff),XGBoost,baseline,12306512,2025-07-24 00:00:00,765000.0,688055.0625
A: policy-blind (orig cutoff),XGBoost,baseline,12292975,2025-07-25 00:00:00,291000.0,272084.625
A: policy-blind (orig cutoff),XGBoost,baseline,12305825,2025-07-27 00:00:00,721000.0,604259.0625
A: policy-blind (orig cutoff),XGBoost,baseline,12239410,2025-07-28 00:00:00,684000.0,533255.625
A: policy-blind (orig cutoff),XGBoost,baseline,12306210,2025-07-28 00:00:00,457750.0,414621.78125
A: policy-blind (orig cutoff),XGBoost,baseline,12152965,2025-07-28 00:00:00,305000.0,236829.984375
A: policy-blind (orig cutoff),XGBoost,baseline,12311260,2025-07-28 00:00:00,350000.0,260826.078125
A: policy-blind (orig cutoff),XGBoost,baseline,12143995,2025-07-28 00:00:00,445000.0,308514.78125
A: policy-blind (orig cutoff),XGBoost,baseline,12395622,2025-07-28 00:00:00,625000.0,534334.8125
A: policy-blind (orig cutoff),XGBoost,baseline,11863668,2025-07-29 00:00:00,465000.0,571922.0
A: policy-blind (orig cutoff),XGBoost,baseline,12234144,2025-07-29 00:00:00,285000.0,295814.21875
A: policy-blind (orig cutoff),XGBoost,baseline,12307952,2025-07-29 00:00:00,760000.0,601766.6875
A: policy-blind (orig cutoff),XGBoost,baseline,12303126,2025-07-29 00:00:00,457391.0,417713.9375
A: policy-blind (orig cutoff),XGBoost,baseline,12058224,2025-07-29 00:00:00,310000.0,316274.6875
A: policy-blind (orig cutoff),XGBoost,baseline,12277578,2025-07-29 00:00:00,431000.0,400641.78125
A: policy-blind (orig cutoff),XGBoost,baseline,12290022,2025-07-29 00:00:00,860000.0,791609.875
A: policy-blind (orig cutoff),XGBoost,baseline,12321337,2025-07-29 00:00:00,147000.0,191495.234375
A: policy-blind (orig cutoff),XGBoost,baseline,12300636,2025-07-30 00:00:00,600000.0,444143.53125
A: policy-blind (orig cutoff),XGBoost,baseline,11667437,2025-07-30 00:00:00,370000.0,283401.0
A: policy-blind (orig cutoff),XGBoost,baseline,12291781,2025-07-30 00:00:00,830000.0,626574.375
A: policy-blind (orig cutoff),XGBoost,baseline,12285906,2025-07-30 00:00:00,290000.0,306891.71875
A: policy-blind (orig cutoff),XGBoost,baseline,12286334,2025-07-30 00:00:00,850000.0,634859.9375
A: policy-blind (orig cutoff),XGBoost,baseline,12322373,2025-07-31 00:00:00,482000.0,384484.78125
A: policy-blind (orig cutoff),XGBoost,baseline,12174975,2025-07-31 00:00:00,545000.0,516878.59375
A: policy-blind (orig cutoff),XGBoost,baseline,12231550,2025-07-31 00:00:00,635000.0,569842.8125
A: policy-blind (orig cutoff),XGBoost,baseline,12251569,2025-07-31 00:00:00,415000.0,339406.8125
A: policy-blind (orig cutoff),XGBoost,baseline,12284120,2025-07-31 00:00:00,595000.0,458128.125
A: policy-blind (orig cutoff),XGBoost,baseline,12256327,2025-08-01 00:00:00,700000.0,560976.0625
A: policy-blind (orig cutoff),XGBoost,baseline,12096782,2025-08-01 00:00:00,65000.0,336981.4375
A: policy-blind (orig cutoff),XGBoost,baseline,12343898,2025-08-02 00:00:00,340000.0,305762.3125
A: policy-blind (orig cutoff),XGBoost,baseline,12259603,2025-08-02 00:00:00,806000.0,717268.375
A: policy-blind (orig cutoff),XGBoost,baseline,12529557,2025-08-04 00:00:00,645000.0,536635.9375
A: policy-blind (orig cutoff),XGBoost,baseline,12291179,2025-08-04 00:00:00,280000.0,263366.59375
A: policy-blind (orig cutoff),XGBoost,baseline,12327048,2025-08-04 00:00:00,683000.0,473703.65625
A: policy-blind (orig cutoff),XGBoost,baseline,12480680,2025-08-04 00:00:00,587500.0,414953.25
A: policy-blind (orig cutoff),XGBoost,baseline,12218696,2025-08-04 00:00:00,340000.0,371311.21875
A: policy-blind (orig cutoff),XGBoost,baseline,12318528,2025-08-04 00:00:00,755000.0,652966.25
A: policy-blind (orig cutoff),XGBoost,baseline,12301619,2025-08-04 00:00:00,310000.0,227759.09375
A: policy-blind (orig cutoff),XGBoost,baseline,12290689,2025-08-05 00:00:00,435000.0,445230.875
A: policy-blind (orig cutoff),XGBoost,baseline,12285868,2025-08-05 00:00:00,750000.0,552156.25
A: policy-blind (orig cutoff),XGBoost,baseline,12336189,2025-08-05 00:00:00,717000.0,534567.75
A: policy-blind (orig cutoff),XGBoost,baseline,12498360,2025-08-05 00:00:00,515500.0,401284.59375
A: policy-blind (orig cutoff),XGBoost,baseline,12285872,2025-08-05 00:00:00,400000.0,404371.75
A: policy-blind (orig cutoff),XGBoost,baseline,12274384,2025-08-05 00:00:00,560000.0,416154.0625
A: policy-blind (orig cutoff),XGBoost,baseline,12213277,2025-08-05 00:00:00,850000.0,697450.1875
A: policy-blind (orig cutoff),XGBoost,baseline,12536111,2025-08-05 00:00:00,665000.0,617530.0625
A: policy-blind (orig cutoff),XGBoost,baseline,12271719,2025-08-05 00:00:00,375000.0,375816.4375
A: policy-blind (orig cutoff),XGBoost,baseline,12427743,2025-08-05 00:00:00,695000.0,651560.375
A: policy-blind (orig cutoff),XGBoost,baseline,12369653,2025-08-06 00:00:00,390000.0,324626.75
A: policy-blind (orig cutoff),XGBoost,baseline,12369701,2025-08-06 00:00:00,410000.0,342354.71875
A: policy-blind (orig cutoff),XGBoost,baseline,12498466,2025-08-06 00:00:00,515500.0,431283.625
A: policy-blind (orig cutoff),XGBoost,baseline,12267859,2025-08-06 00:00:00,498000.0,402209.84375
A: policy-blind (orig cutoff),XGBoost,baseline,12326006,2025-08-06 00:00:00,460000.0,431034.03125
A: policy-blind (orig cutoff),XGBoost,baseline,12345180,2025-08-06 00:00:00,645000.0,652140.4375
A: policy-blind (orig cutoff),XGBoost,baseline,12487276,2025-08-07 00:00:00,625000.0,457533.03125
A: policy-blind (orig cutoff),XGBoost,baseline,3954776,2025-08-07 00:00:00,312000.0,269034.28125
A: policy-blind (orig cutoff),XGBoost,baseline,12295537,2025-08-07 00:00:00,305000.0,265342.375
A: policy-blind (orig cutoff),XGBoost,baseline,12308995,2025-08-07 00:00:00,886200.0,703497.75
A: policy-blind (orig cutoff),XGBoost,baseline,12292767,2025-08-07 00:00:00,359500.0,206105.609375
A: policy-blind (orig cutoff),XGBoost,baseline,12341214,2025-08-08 00:00:00,360000.0,281848.5
A: policy-blind (orig cutoff),XGBoost,baseline,12428368,2025-08-08 00:00:00,265000.0,276656.8125
A: policy-blind (orig cutoff),XGBoost,baseline,12337989,2025-08-08 00:00:00,710000.0,506760.40625
A: policy-blind (orig cutoff),XGBoost,baseline,12291609,2025-08-08 00:00:00,625000.0,535390.1875
A: policy-blind (orig cutoff),XGBoost,baseline,12371498,2025-08-08 00:00:00,592000.0,663005.5
A: policy-blind (orig cutoff),XGBoost,baseline,12422327,2025-08-08 00:00:00,550000.0,443936.875
A: policy-blind (orig cutoff),XGBoost,baseline,12292777,2025-08-08 00:00:00,360000.0,312466.59375
A: policy-blind (orig cutoff),XGBoost,baseline,12458139,2025-08-08 00:00:00,253000.0,255875.890625
A: policy-blind (orig cutoff),XGBoost,baseline,12342133,2025-08-09 00:00:00,465000.0,436713.84375
A: policy-blind (orig cutoff),XGBoost,baseline,12268920,2025-08-09 00:00:00,280000.0,265342.375
A: policy-blind (orig cutoff),XGBoost,baseline,12357128,2025-08-10 00:00:00,425000.0,394296.125
A: policy-blind (orig cutoff),XGBoost,baseline,12274249,2025-08-10 00:00:00,310000.0,385102.375
A: policy-blind (orig cutoff),XGBoost,baseline,12520879,2025-08-10 00:00:00,380000.0,353545.125
A: policy-blind (orig cutoff),XGBoost,baseline,12480681,2025-08-10 00:00:00,560000.0,411560.34375
A: policy-blind (orig cutoff),XGBoost,baseline,12271355,2025-08-11 00:00:00,890000.0,753096.5
A: policy-blind (orig cutoff),XGBoost,baseline,12354140,2025-08-11 00:00:00,343000.0,285844.75
A: policy-blind (orig cutoff),XGBoost,baseline,12341229,2025-08-11 00:00:00,485000.0,416078.25
A: policy-blind (orig cutoff),XGBoost,baseline,12071385,2025-08-11 00:00:00,810000.0,867021.375
A: policy-blind (orig cutoff),XGBoost,baseline,12342918,2025-08-11 00:00:00,900000.0,729366.6875
A: policy-blind (orig cutoff),XGBoost,baseline,12210457,2025-08-12 00:00:00,815000.0,795662.9375
A: policy-blind (orig cutoff),XGBoost,baseline,12649292,2025-08-12 00:00:00,540000.0,423527.90625
A: policy-blind (orig cutoff),XGBoost,baseline,12515409,2025-08-12 00:00:00,660000.0,478643.9375
A: policy-blind (orig cutoff),XGBoost,baseline,12462863,2025-08-12 00:00:00,710000.0,621481.375
A: policy-blind (orig cutoff),XGBoost,baseline,12452979,2025-08-12 00:00:00,600000.0,530087.625
A: policy-blind (orig cutoff),XGBoost,baseline,12361694,2025-08-13 00:00:00,515000.0,433071.15625
A: policy-blind (orig cutoff),XGBoost,baseline,11518222,2025-08-14 00:00:00,780000.0,701845.9375
A: policy-blind (orig cutoff),XGBoost,baseline,12326712,2025-08-14 00:00:00,710000.0,654917.625
A: policy-blind (orig cutoff),XGBoost,baseline,12266114,2025-08-14 00:00:00,290000.0,243927.5625
A: policy-blind (orig cutoff),XGBoost,baseline,12231533,2025-08-14 00:00:00,459000.0,391484.84375
A: policy-blind (orig cutoff),XGBoost,baseline,12365397,2025-08-14 00:00:00,735000.0,513769.1875
A: policy-blind (orig cutoff),XGBoost,baseline,12308376,2025-08-14 00:00:00,880000.0,591211.8125
A: policy-blind (orig cutoff),XGBoost,baseline,12248994,2025-08-14 00:00:00,415000.0,351716.03125
A: policy-blind (orig cutoff),XGBoost,baseline,12415839,2025-08-14 00:00:00,690000.0,615858.625
A: policy-blind (orig cutoff),XGBoost,baseline,12321038,2025-08-14 00:00:00,810000.0,598086.125
A: policy-blind (orig cutoff),XGBoost,baseline,12296873,2025-08-14 00:00:00,485000.0,430470.84375
A: policy-blind (orig cutoff),XGBoost,baseline,12322858,2025-08-14 00:00:00,830000.0,555528.1875
A: policy-blind (orig cutoff),XGBoost,baseline,12488461,2025-08-15 00:00:00,530000.0,534390.375
A: policy-blind (orig cutoff),XGBoost,baseline,12152185,2025-08-15 00:00:00,450000.0,403021.1875
A: policy-blind (orig cutoff),XGBoost,baseline,12364331,2025-08-15 00:00:00,660000.0,516648.46875
A: policy-blind (orig cutoff),XGBoost,baseline,12326218,2025-08-15 00:00:00,766000.0,572604.1875
A: policy-blind (orig cutoff),XGBoost,baseline,12305632,2025-08-15 00:00:00,455000.0,407905.65625
A: policy-blind (orig cutoff),XGBoost,baseline,12477701,2025-08-15 00:00:00,275000.0,215646.765625
A: policy-blind (orig cutoff),XGBoost,baseline,12337439,2025-08-15 00:00:00,545000.0,408795.125
A: policy-blind (orig cutoff),XGBoost,baseline,12515501,2025-08-17 00:00:00,695000.0,530382.4375
A: policy-blind (orig cutoff),XGBoost,baseline,12506355,2025-08-18 00:00:00,530000.0,405418.9375
A: policy-blind (orig cutoff),XGBoost,baseline,12506353,2025-08-18 00:00:00,520000.0,394067.1875
A: policy-blind (orig cutoff),XGBoost,baseline,12506350,2025-08-18 00:00:00,535000.0,408617.78125
A: policy-blind (orig cutoff),XGBoost,baseline,12379698,2025-08-18 00:00:00,180000.0,185144.921875
A: policy-blind (orig cutoff),XGBoost,baseline,12377612,2025-08-18 00:00:00,700000.0,512184.625
A: policy-blind (orig cutoff),XGBoost,baseline,12506352,2025-08-18 00:00:00,550000.0,403809.09375
A: policy-blind (orig cutoff),XGBoost,baseline,12544546,2025-08-18 00:00:00,620000.0,403468.03125
A: policy-blind (orig cutoff),XGBoost,baseline,12506351,2025-08-18 00:00:00,520000.0,410115.0
A: policy-blind (orig cutoff),XGBoost,baseline,12506354,2025-08-18 00:00:00,530000.0,410705.21875
A: policy-blind (orig cutoff),XGBoost,baseline,12361318,2025-08-19 00:00:00,345000.0,257459.59375
A: policy-blind (orig cutoff),XGBoost,baseline,12481996,2025-08-19 00:00:00,675000.0,646652.0625
A: policy-blind (orig cutoff),XGBoost,baseline,11883759,2025-08-19 00:00:00,627000.0,607814.125
A: policy-blind (orig cutoff),XGBoost,baseline,12453872,2025-08-19 00:00:00,630000.0,547757.4375
A: policy-blind (orig cutoff),XGBoost,baseline,12228550,2025-08-20 00:00:00,920000.0,838871.0
A: policy-blind (orig cutoff),XGBoost,baseline,12451919,2025-08-20 00:00:00,635000.0,489426.78125
A: policy-blind (orig cutoff),XGBoost,baseline,12523885,2025-08-20 00:00:00,415000.0,290087.65625
A: policy-blind (orig cutoff),XGBoost,baseline,12335706,2025-08-20 00:00:00,710000.0,535339.125
A: policy-blind (orig cutoff),XGBoost,baseline,12297517,2025-08-20 00:00:00,670000.0,480652.53125
A: policy-blind (orig cutoff),XGBoost,baseline,12415460,2025-08-21 00:00:00,615000.0,508054.84375
A: policy-blind (orig cutoff),XGBoost,baseline,12320872,2025-08-21 00:00:00,475000.0,306354.25
A: policy-blind (orig cutoff),XGBoost,baseline,12538458,2025-08-21 00:00:00,400000.0,273285.03125
A: policy-blind (orig cutoff),XGBoost,baseline,11919182,2025-08-21 00:00:00,825000.0,569004.875
A: policy-blind (orig cutoff),XGBoost,baseline,11937606,2025-08-21 00:00:00,482500.0,439452.875
A: policy-blind (orig cutoff),XGBoost,baseline,12475586,2025-08-21 00:00:00,465000.0,377153.15625
A: policy-blind (orig cutoff),XGBoost,baseline,12338628,2025-08-21 00:00:00,332000.0,249190.21875
A: policy-blind (orig cutoff),XGBoost,baseline,12378643,2025-08-21 00:00:00,680000.0,523242.8125
A: policy-blind (orig cutoff),XGBoost,baseline,12374050,2025-08-21 00:00:00,289000.0,248220.84375
A: policy-blind (orig cutoff),XGBoost,baseline,12415757,2025-08-22 00:00:00,500000.0,381105.03125
A: policy-blind (orig cutoff),XGBoost,baseline,12368360,2025-08-22 00:00:00,365000.0,288589.875
A: policy-blind (orig cutoff),XGBoost,baseline,12491316,2025-08-22 00:00:00,845000.0,730828.875
A: policy-blind (orig cutoff),XGBoost,baseline,12116618,2025-08-22 00:00:00,895000.0,663045.3125
A: policy-blind (orig cutoff),XGBoost,baseline,12391727,2025-08-22 00:00:00,430000.0,324812.25
A: policy-blind (orig cutoff),XGBoost,baseline,12345866,2025-08-25 00:00:00,620000.0,604090.25
A: policy-blind (orig cutoff),XGBoost,baseline,12377181,2025-08-25 00:00:00,480000.0,273269.65625
A: policy-blind (orig cutoff),XGBoost,baseline,12716880,2025-08-25 00:00:00,270000.0,303942.0625
A: policy-blind (orig cutoff),XGBoost,baseline,12536110,2025-08-25 00:00:00,595000.0,476601.96875
A: policy-blind (orig cutoff),XGBoost,baseline,12597436,2025-08-25 00:00:00,700000.0,675219.3125
A: policy-blind (orig cutoff),XGBoost,baseline,12378183,2025-08-25 00:00:00,720000.0,600819.9375
A: policy-blind (orig cutoff),XGBoost,baseline,12274471,2025-08-25 00:00:00,400000.0,334426.3125
A: policy-blind (orig cutoff),XGBoost,baseline,12275240,2025-08-25 00:00:00,485000.0,410302.75
A: policy-blind (orig cutoff),XGBoost,baseline,12355936,2025-08-26 00:00:00,455750.0,383436.0625
A: policy-blind (orig cutoff),XGBoost,baseline,12511448,2025-08-26 00:00:00,600000.0,466838.8125
A: policy-blind (orig cutoff),XGBoost,baseline,12339478,2025-08-26 00:00:00,485000.0,476494.6875
A: policy-blind (orig cutoff),XGBoost,baseline,12184967,2025-08-26 00:00:00,793000.0,598160.875
A: policy-blind (orig cutoff),XGBoost,baseline,12339742,2025-08-26 00:00:00,578000.0,534074.5
A: policy-blind (orig cutoff),XGBoost,baseline,12575429,2025-08-27 00:00:00,535000.0,349826.625
A: policy-blind (orig cutoff),XGBoost,baseline,12346378,2025-08-27 00:00:00,701000.0,531784.375
A: policy-blind (orig cutoff),XGBoost,baseline,12392440,2025-08-27 00:00:00,350000.0,347887.6875
A: policy-blind (orig cutoff),XGBoost,baseline,12380665,2025-08-27 00:00:00,310000.0,243642.515625
A: policy-blind (orig cutoff),XGBoost,baseline,12397802,2025-08-28 00:00:00,695000.0,559299.25
A: policy-blind (orig cutoff),XGBoost,baseline,12566459,2025-08-28 00:00:00,710000.0,698190.875
A: policy-blind (orig cutoff),XGBoost,baseline,12421191,2025-08-28 00:00:00,750000.0,704550.5625
A: policy-blind (orig cutoff),XGBoost,baseline,12379492,2025-08-28 00:00:00,760000.0,628159.3125
A: policy-blind (orig cutoff),XGBoost,baseline,12585673,2025-08-28 00:00:00,712500.0,558810.375
A: policy-blind (orig cutoff),XGBoost,baseline,12587272,2025-08-28 00:00:00,950000.0,659698.6875
A: policy-blind (orig cutoff),XGBoost,baseline,12287152,2025-08-28 00:00:00,590000.0,522061.0
A: policy-blind (orig cutoff),XGBoost,baseline,12281562,2025-08-29 00:00:00,790000.0,516170.25
A: policy-blind (orig cutoff),XGBoost,baseline,12523912,2025-08-29 00:00:00,680000.0,454526.09375
A: policy-blind (orig cutoff),XGBoost,baseline,12285848,2025-08-29 00:00:00,780000.0,589731.9375
A: policy-blind (orig cutoff),XGBoost,baseline,12579892,2025-08-31 00:00:00,315000.0,218213.9375
A: policy-blind (orig cutoff),XGBoost,baseline,12544547,2025-08-31 00:00:00,315000.0,218213.9375
A: policy-blind (orig cutoff),XGBoost,baseline,12562557,2025-08-31 00:00:00,600000.0,348792.28125
A: policy-blind (orig cutoff),XGBoost,baseline,12585547,2025-08-31 00:00:00,650000.0,477434.0
A: policy-blind (orig cutoff),XGBoost,baseline,12496432,2025-09-01 00:00:00,540000.0,398844.3125
A: policy-blind (orig cutoff),XGBoost,baseline,12236753,2025-09-01 00:00:00,850000.0,772532.9375
A: policy-blind (orig cutoff),XGBoost,baseline,12434974,2025-09-01 00:00:00,690000.0,536374.5
A: policy-blind (orig cutoff),XGBoost,baseline,12185370,2025-09-01 00:00:00,645000.0,628670.5
A: policy-blind (orig cutoff),XGBoost,baseline,12365384,2025-09-02 00:00:00,472500.0,441686.875
A: policy-blind (orig cutoff),XGBoost,baseline,12420647,2025-09-02 00:00:00,355000.0,325976.90625
A: policy-blind (orig cutoff),XGBoost,baseline,12368890,2025-09-02 00:00:00,555000.0,386637.65625
A: policy-blind (orig cutoff),XGBoost,baseline,12413835,2025-09-02 00:00:00,527500.0,471663.875
A: policy-blind (orig cutoff),XGBoost,baseline,12419693,2025-09-02 00:00:00,911500.0,765576.4375
A: policy-blind (orig cutoff),XGBoost,baseline,12576388,2025-09-02 00:00:00,400000.0,263922.28125
A: policy-blind (orig cutoff),XGBoost,baseline,12472874,2025-09-02 00:00:00,490000.0,559455.5625
A: policy-blind (orig cutoff),XGBoost,baseline,12380221,2025-09-03 00:00:00,742888.0,543553.8125
A: policy-blind (orig cutoff),XGBoost,baseline,12491336,2025-09-03 00:00:00,390000.0,251522.390625
A: policy-blind (orig cutoff),XGBoost,baseline,12475804,2025-09-03 00:00:00,542000.0,511612.96875
A: policy-blind (orig cutoff),XGBoost,baseline,12277743,2025-09-03 00:00:00,740000.0,538045.1875
A: policy-blind (orig cutoff),XGBoost,baseline,12361652,2025-09-03 00:00:00,413000.0,314881.5625
A: policy-blind (orig cutoff),XGBoost,baseline,12195211,2025-09-03 00:00:00,340000.0,325509.96875
A: policy-blind (orig cutoff),XGBoost,baseline,11810238,2025-09-03 00:00:00,405000.0,394161.90625
A: policy-blind (orig cutoff),XGBoost,baseline,12437199,2025-09-04 00:00:00,620000.0,579269.375
A: policy-blind (orig cutoff),XGBoost,baseline,12596599,2025-09-04 00:00:00,715000.0,569552.125
A: policy-blind (orig cutoff),XGBoost,baseline,12393768,2025-09-04 00:00:00,425000.0,398026.21875
A: policy-blind (orig cutoff),XGBoost,baseline,12405822,2025-09-04 00:00:00,753371.0,560023.0
A: policy-blind (orig cutoff),XGBoost,baseline,12416236,2025-09-04 00:00:00,795000.0,710787.8125
A: policy-blind (orig cutoff),XGBoost,baseline,12587931,2025-09-04 00:00:00,600000.0,432522.1875
A: policy-blind (orig cutoff),XGBoost,baseline,12429559,2025-09-04 00:00:00,695000.0,548494.5
A: policy-blind (orig cutoff),XGBoost,baseline,12279870,2025-09-05 00:00:00,507000.0,421910.125
A: policy-blind (orig cutoff),XGBoost,baseline,12373088,2025-09-05 00:00:00,675000.0,521188.96875
A: policy-blind (orig cutoff),XGBoost,baseline,12585548,2025-09-07 00:00:00,650000.0,482262.78125
A: policy-blind (orig cutoff),XGBoost,baseline,12407003,2025-09-07 00:00:00,745000.0,568110.75
A: policy-blind (orig cutoff),XGBoost,baseline,12585545,2025-09-07 00:00:00,640000.0,482185.5
A: policy-blind (orig cutoff),XGBoost,baseline,12360186,2025-09-08 00:00:00,790000.0,628816.8125
A: policy-blind (orig cutoff),XGBoost,baseline,12210628,2025-09-08 00:00:00,380000.0,304664.375
A: policy-blind (orig cutoff),XGBoost,baseline,12563049,2025-09-08 00:00:00,760000.0,660256.9375
A: policy-blind (orig cutoff),XGBoost,baseline,12326735,2025-09-08 00:00:00,660000.0,463631.4375
A: policy-blind (orig cutoff),XGBoost,baseline,12322212,2025-09-08 00:00:00,148000.0,192578.515625
A: policy-blind (orig cutoff),XGBoost,baseline,12338638,2025-09-08 00:00:00,775500.0,645801.625
A: policy-blind (orig cutoff),XGBoost,baseline,12430363,2025-09-08 00:00:00,827000.0,604719.125
A: policy-blind (orig cutoff),XGBoost,baseline,12383432,2025-09-09 00:00:00,480000.0,399214.1875
A: policy-blind (orig cutoff),XGBoost,baseline,12427498,2025-09-09 00:00:00,792500.0,657093.5
A: policy-blind (orig cutoff),XGBoost,baseline,12546094,2025-09-09 00:00:00,610000.0,549879.8125
A: policy-blind (orig cutoff),XGBoost,baseline,12383368,2025-09-09 00:00:00,480500.0,399196.3125
A: policy-blind (orig cutoff),XGBoost,baseline,12397801,2025-09-09 00:00:00,545000.0,456622.84375
A: policy-blind (orig cutoff),XGBoost,baseline,12366442,2025-09-09 00:00:00,630000.0,653780.625
A: policy-blind (orig cutoff),XGBoost,baseline,12563909,2025-09-09 00:00:00,615000.0,465103.9375
A: policy-blind (orig cutoff),XGBoost,baseline,12107312,2025-09-09 00:00:00,612000.0,625304.6875
A: policy-blind (orig cutoff),XGBoost,baseline,12603467,2025-09-09 00:00:00,440000.0,371894.90625
A: policy-blind (orig cutoff),XGBoost,baseline,12437623,2025-09-09 00:00:00,542500.0,441447.25
A: policy-blind (orig cutoff),XGBoost,baseline,12329779,2025-09-10 00:00:00,510000.0,364896.625
A: policy-blind (orig cutoff),XGBoost,baseline,12456077,2025-09-10 00:00:00,730000.0,625940.6875
A: policy-blind (orig cutoff),XGBoost,baseline,12395747,2025-09-10 00:00:00,567500.0,446195.375
A: policy-blind (orig cutoff),XGBoost,baseline,12589403,2025-09-10 00:00:00,700000.0,571908.9375
A: policy-blind (orig cutoff),XGBoost,baseline,12636124,2025-09-11 00:00:00,360000.0,274509.34375
A: policy-blind (orig cutoff),XGBoost,baseline,12403538,2025-09-11 00:00:00,650000.0,514148.5625
A: policy-blind (orig cutoff),XGBoost,baseline,12357877,2025-09-11 00:00:00,375000.0,300648.625
A: policy-blind (orig cutoff),XGBoost,baseline,12681389,2025-09-11 00:00:00,715000.0,553653.75
A: policy-blind (orig cutoff),XGBoost,baseline,12529893,2025-09-11 00:00:00,595000.0,466508.125
A: policy-blind (orig cutoff),XGBoost,baseline,12281129,2025-09-12 00:00:00,390000.0,251365.5625
A: policy-blind (orig cutoff),XGBoost,baseline,12358486,2025-09-12 00:00:00,400000.0,407119.84375
A: policy-blind (orig cutoff),XGBoost,baseline,12432348,2025-09-12 00:00:00,628000.0,534294.5625
A: policy-blind (orig cutoff),XGBoost,baseline,12492155,2025-09-12 00:00:00,562000.0,401235.96875
A: policy-blind (orig cutoff),XGBoost,baseline,12458165,2025-09-12 00:00:00,650000.0,547710.4375
A: policy-blind (orig cutoff),XGBoost,baseline,12552742,2025-09-14 00:00:00,550000.0,401253.59375
A: policy-blind (orig cutoff),XGBoost,baseline,12449253,2025-09-14 00:00:00,920000.0,690395.6875
A: policy-blind (orig cutoff),XGBoost,baseline,12449724,2025-09-15 00:00:00,745000.0,633094.4375
A: policy-blind (orig cutoff),XGBoost,baseline,12394471,2025-09-15 00:00:00,670000.0,580668.6875
A: policy-blind (orig cutoff),XGBoost,baseline,12379092,2025-09-15 00:00:00,982500.0,818335.875
A: policy-blind (orig cutoff),XGBoost,baseline,12409226,2025-09-15 00:00:00,325000.0,231118.4375
A: policy-blind (orig cutoff),XGBoost,baseline,12374929,2025-09-15 00:00:00,266000.0,230426.5
A: policy-blind (orig cutoff),XGBoost,baseline,12454268,2025-09-15 00:00:00,677000.0,531683.9375
A: policy-blind (orig cutoff),XGBoost,baseline,12059120,2025-09-15 00:00:00,955000.0,841098.0
A: policy-blind (orig cutoff),XGBoost,baseline,12356652,2025-09-16 00:00:00,665000.0,566395.875
A: policy-blind (orig cutoff),XGBoost,baseline,12543035,2025-09-16 00:00:00,490000.0,425058.65625
A: policy-blind (orig cutoff),XGBoost,baseline,12091333,2025-09-16 00:00:00,605000.0,609389.9375
A: policy-blind (orig cutoff),XGBoost,baseline,12612230,2025-09-16 00:00:00,545000.0,346954.0
A: policy-blind (orig cutoff),XGBoost,baseline,12412116,2025-09-16 00:00:00,605000.0,554842.5
A: policy-blind (orig cutoff),XGBoost,baseline,12337871,2025-09-17 00:00:00,430000.0,320506.8125
A: policy-blind (orig cutoff),XGBoost,baseline,12526249,2025-09-17 00:00:00,545000.0,408933.5625
A: policy-blind (orig cutoff),XGBoost,baseline,12515148,2025-09-17 00:00:00,560000.0,413414.75
A: policy-blind (orig cutoff),XGBoost,baseline,12216228,2025-09-17 00:00:00,740000.0,785069.875
A: policy-blind (orig cutoff),XGBoost,baseline,12422783,2025-09-17 00:00:00,605000.0,455266.21875
A: policy-blind (orig cutoff),XGBoost,baseline,12457342,2025-09-18 00:00:00,230000.0,134747.296875
A: policy-blind (orig cutoff),XGBoost,baseline,12360736,2025-09-18 00:00:00,520000.0,587035.125
A: policy-blind (orig cutoff),XGBoost,baseline,12475514,2025-09-18 00:00:00,310000.0,276006.40625
A: policy-blind (orig cutoff),XGBoost,baseline,12660612,2025-09-18 00:00:00,715000.0,539291.4375
A: policy-blind (orig cutoff),XGBoost,baseline,12696262,2025-09-18 00:00:00,185000.0,242660.25
A: policy-blind (orig cutoff),XGBoost,baseline,12456495,2025-09-19 00:00:00,580259.0,570164.625
A: policy-blind (orig cutoff),XGBoost,baseline,12385637,2025-09-19 00:00:00,770000.0,602846.5625
A: policy-blind (orig cutoff),XGBoost,baseline,12223699,2025-09-19 00:00:00,365000.0,333737.46875
A: policy-blind (orig cutoff),XGBoost,baseline,12458956,2025-09-19 00:00:00,460000.0,355540.6875
A: policy-blind (orig cutoff),XGBoost,baseline,12454375,2025-09-19 00:00:00,520000.0,489037.65625
A: policy-blind (orig cutoff),XGBoost,baseline,12393249,2025-09-19 00:00:00,560000.0,631349.5625
A: policy-blind (orig cutoff),XGBoost,baseline,12477803,2025-09-19 00:00:00,415000.0,326702.34375
A: policy-blind (orig cutoff),XGBoost,baseline,12342690,2025-09-19 00:00:00,510000.0,464976.65625
A: policy-blind (orig cutoff),XGBoost,baseline,12485321,2025-09-19 00:00:00,530000.0,404503.25
A: policy-blind (orig cutoff),XGBoost,baseline,12518871,2025-09-20 00:00:00,585000.0,525524.25
A: policy-blind (orig cutoff),XGBoost,baseline,12695138,2025-09-21 00:00:00,757000.0,529612.125
A: policy-blind (orig cutoff),XGBoost,baseline,12452206,2025-09-21 00:00:00,780000.0,591434.5625
A: policy-blind (orig cutoff),XGBoost,baseline,12459129,2025-09-22 00:00:00,730000.0,638134.125
A: policy-blind (orig cutoff),XGBoost,baseline,10682551,2025-09-22 00:00:00,240000.0,256134.6875
A: policy-blind (orig cutoff),XGBoost,baseline,12371984,2025-09-22 00:00:00,546000.0,461521.875
A: policy-blind (orig cutoff),XGBoost,baseline,11951242,2025-09-22 00:00:00,69500.0,271180.8125
A: policy-blind (orig cutoff),XGBoost,baseline,10727846,2025-09-22 00:00:00,810000.0,705041.1875
A: policy-blind (orig cutoff),XGBoost,baseline,12451427,2025-09-22 00:00:00,750000.0,565058.9375
A: policy-blind (orig cutoff),XGBoost,baseline,12471749,2025-09-22 00:00:00,455000.0,521424.625
A: policy-blind (orig cutoff),XGBoost,baseline,12453814,2025-09-22 00:00:00,507500.0,380720.34375
A: policy-blind (orig cutoff),XGBoost,baseline,12436203,2025-09-23 00:00:00,675000.0,553347.0625
A: policy-blind (orig cutoff),XGBoost,baseline,12415931,2025-09-23 00:00:00,925000.0,629902.0
A: policy-blind (orig cutoff),XGBoost,baseline,12432463,2025-09-23 00:00:00,724376.0,551139.8125
A: policy-blind (orig cutoff),XGBoost,baseline,12436643,2025-09-23 00:00:00,785000.0,599155.4375
A: policy-blind (orig cutoff),XGBoost,baseline,12474420,2025-09-23 00:00:00,399000.0,353750.1875
A: policy-blind (orig cutoff),XGBoost,baseline,12354541,2025-09-23 00:00:00,555000.0,428573.46875
A: policy-blind (orig cutoff),XGBoost,baseline,12357051,2025-09-24 00:00:00,520000.0,449453.09375
A: policy-blind (orig cutoff),XGBoost,baseline,12465472,2025-09-24 00:00:00,750000.0,621316.625
A: policy-blind (orig cutoff),XGBoost,baseline,12043677,2025-09-24 00:00:00,650000.0,601662.8125
A: policy-blind (orig cutoff),XGBoost,baseline,12439692,2025-09-24 00:00:00,860000.0,777359.625
A: policy-blind (orig cutoff),XGBoost,baseline,12581418,2025-09-24 00:00:00,600000.0,473424.125
A: policy-blind (orig cutoff),XGBoost,baseline,12553895,2025-09-24 00:00:00,740000.0,633393.375
A: policy-blind (orig cutoff),XGBoost,baseline,10171254,2025-09-24 00:00:00,700000.0,565739.4375
A: policy-blind (orig cutoff),XGBoost,baseline,12467371,2025-09-24 00:00:00,450000.0,409425.25
A: policy-blind (orig cutoff),XGBoost,baseline,12434777,2025-09-24 00:00:00,775000.0,652643.125
A: policy-blind (orig cutoff),XGBoost,baseline,12401860,2025-09-24 00:00:00,448000.0,413428.9375
A: policy-blind (orig cutoff),XGBoost,baseline,12412656,2025-09-25 00:00:00,292000.0,265967.65625
A: policy-blind (orig cutoff),XGBoost,baseline,12496018,2025-09-25 00:00:00,630000.0,533099.5
A: policy-blind (orig cutoff),XGBoost,baseline,12816016,2025-09-25 00:00:00,760000.0,599962.75
A: policy-blind (orig cutoff),XGBoost,baseline,11944850,2025-09-25 00:00:00,765000.0,609306.25
A: policy-blind (orig cutoff),XGBoost,baseline,12708027,2025-09-25 00:00:00,900000.0,703709.8125
A: policy-blind (orig cutoff),XGBoost,baseline,12462353,2025-09-25 00:00:00,390000.0,266362.34375
A: policy-blind (orig cutoff),XGBoost,baseline,12466698,2025-09-25 00:00:00,656000.0,505790.4375
A: policy-blind (orig cutoff),XGBoost,baseline,12455341,2025-09-25 00:00:00,865000.0,683821.3125
A: policy-blind (orig cutoff),XGBoost,baseline,12146029,2025-09-26 00:00:00,496000.0,428856.78125
A: policy-blind (orig cutoff),XGBoost,baseline,7720273,2025-09-26 00:00:00,615000.0,524294.75
A: policy-blind (orig cutoff),XGBoost,baseline,12707069,2025-09-26 00:00:00,498000.0,420651.375
A: policy-blind (orig cutoff),XGBoost,baseline,12469469,2025-09-26 00:00:00,880000.0,797222.3125
A: policy-blind (orig cutoff),XGBoost,baseline,11325267,2025-09-26 00:00:00,310000.0,213658.4375
A: policy-blind (orig cutoff),XGBoost,baseline,12467825,2025-09-26 00:00:00,535000.0,529040.1875
A: policy-blind (orig cutoff),XGBoost,baseline,12462862,2025-09-26 00:00:00,897500.0,661416.5625
A: policy-blind (orig cutoff),XGBoost,baseline,12326448,2025-09-27 00:00:00,450000.0,467928.1875
A: policy-blind (orig cutoff),XGBoost,baseline,12462740,2025-09-29 00:00:00,865000.0,665011.625
A: policy-blind (orig cutoff),XGBoost,baseline,12362781,2025-09-29 00:00:00,670000.0,608756.75
A: policy-blind (orig cutoff),XGBoost,baseline,12456720,2025-09-29 00:00:00,520000.0,379127.1875
A: policy-blind (orig cutoff),XGBoost,baseline,12543688,2025-09-29 00:00:00,292000.0,255810.75
A: policy-blind (orig cutoff),XGBoost,baseline,12172515,2025-09-30 00:00:00,385000.0,486336.40625
A: policy-blind (orig cutoff),XGBoost,baseline,9931390,2025-09-30 00:00:00,550000.0,572409.8125
A: policy-blind (orig cutoff),XGBoost,baseline,12437573,2025-09-30 00:00:00,695000.0,578216.8125
A: policy-blind (orig cutoff),XGBoost,baseline,12454877,2025-09-30 00:00:00,700000.0,475473.34375
A: policy-blind (orig cutoff),XGBoost,baseline,12462514,2025-09-30 00:00:00,920000.0,740815.125
A: policy-blind (orig cutoff),XGBoost,baseline,12703021,2025-10-01 00:00:00,635000.0,489160.34375
A: policy-blind (orig cutoff),XGBoost,baseline,12117244,2025-10-01 00:00:00,265000.0,270556.71875
A: policy-blind (orig cutoff),XGBoost,baseline,12512638,2025-10-01 00:00:00,515000.0,441555.46875
A: policy-blind (orig cutoff),XGBoost,baseline,12622772,2025-10-01 00:00:00,520000.0,397438.28125
A: policy-blind (orig cutoff),XGBoost,baseline,12512753,2025-10-02 00:00:00,540000.0,521576.3125
A: policy-blind (orig cutoff),XGBoost,baseline,12382208,2025-10-02 00:00:00,330000.0,235662.25
A: policy-blind (orig cutoff),XGBoost,baseline,10439863,2025-10-02 00:00:00,445000.0,613182.125
A: policy-blind (orig cutoff),XGBoost,baseline,12742242,2025-10-02 00:00:00,600000.0,439373.6875
A: policy-blind (orig cutoff),XGBoost,baseline,12394823,2025-10-02 00:00:00,850000.0,653980.8125
A: policy-blind (orig cutoff),XGBoost,baseline,12451602,2025-10-02 00:00:00,405000.0,311560.21875
A: policy-blind (orig cutoff),XGBoost,baseline,12363776,2025-10-03 00:00:00,465000.0,404691.9375
A: policy-blind (orig cutoff),XGBoost,baseline,12321244,2025-10-03 00:00:00,298000.0,237649.234375
A: policy-blind (orig cutoff),XGBoost,baseline,12444416,2025-10-03 00:00:00,400000.0,338960.75
A: policy-blind (orig cutoff),XGBoost,baseline,12401461,2025-10-03 00:00:00,865867.0,770620.5
A: policy-blind (orig cutoff),XGBoost,baseline,12670791,2025-10-05 00:00:00,780000.0,670866.25
A: policy-blind (orig cutoff),XGBoost,baseline,12020429,2025-10-06 00:00:00,585000.0,500162.4375
A: policy-blind (orig cutoff),XGBoost,baseline,12695136,2025-10-06 00:00:00,540000.0,528322.75
A: policy-blind (orig cutoff),XGBoost,baseline,12716794,2025-10-06 00:00:00,800000.0,647555.5625
A: policy-blind (orig cutoff),XGBoost,baseline,12432739,2025-10-07 00:00:00,405000.0,402691.90625
A: policy-blind (orig cutoff),XGBoost,baseline,12526827,2025-10-07 00:00:00,42000.0,366416.34375
A: policy-blind (orig cutoff),XGBoost,baseline,12508381,2025-10-07 00:00:00,525000.0,492280.875
A: policy-blind (orig cutoff),XGBoost,baseline,12488268,2025-10-07 00:00:00,492500.0,433461.21875
A: policy-blind (orig cutoff),XGBoost,baseline,12585596,2025-10-07 00:00:00,522500.0,393300.53125
A: policy-blind (orig cutoff),XGBoost,baseline,12515412,2025-10-07 00:00:00,835000.0,621970.5625
A: policy-blind (orig cutoff),XGBoost,baseline,12323129,2025-10-07 00:00:00,420000.0,410785.90625
A: policy-blind (orig cutoff),XGBoost,baseline,12361114,2025-10-07 00:00:00,620000.0,467716.6875
A: policy-blind (orig cutoff),XGBoost,baseline,12082266,2025-10-07 00:00:00,441000.0,420909.40625
A: policy-blind (orig cutoff),XGBoost,baseline,12254673,2025-10-07 00:00:00,890000.0,712719.625
A: policy-blind (orig cutoff),XGBoost,baseline,12680705,2025-10-07 00:00:00,490000.0,360628.25
A: policy-blind (orig cutoff),XGBoost,baseline,12210234,2025-10-07 00:00:00,920000.0,782121.75
A: policy-blind (orig cutoff),XGBoost,baseline,12505609,2025-10-08 00:00:00,800000.0,655340.0
A: policy-blind (orig cutoff),XGBoost,baseline,12507830,2025-10-08 00:00:00,483500.0,300396.125
A: policy-blind (orig cutoff),XGBoost,baseline,12439203,2025-10-08 00:00:00,647000.0,399396.59375
A: policy-blind (orig cutoff),XGBoost,baseline,11939641,2025-10-09 00:00:00,510000.0,405451.03125
A: policy-blind (orig cutoff),XGBoost,baseline,12649615,2025-10-09 00:00:00,497000.0,539051.3125
A: policy-blind (orig cutoff),XGBoost,baseline,12496380,2025-10-10 00:00:00,490000.0,404818.9375
A: policy-blind (orig cutoff),XGBoost,baseline,12455402,2025-10-13 00:00:00,650000.0,638987.3125
A: policy-blind (orig cutoff),XGBoost,baseline,12659211,2025-10-13 00:00:00,400000.0,308609.25
A: policy-blind (orig cutoff),XGBoost,baseline,12280773,2025-10-13 00:00:00,525000.0,509521.1875
A: policy-blind (orig cutoff),XGBoost,baseline,12690954,2025-10-13 00:00:00,570000.0,436419.09375
A: policy-blind (orig cutoff),XGBoost,baseline,12419400,2025-10-13 00:00:00,570000.0,410850.5625
A: policy-blind (orig cutoff),XGBoost,baseline,12523849,2025-10-14 00:00:00,540000.0,400177.8125
A: policy-blind (orig cutoff),XGBoost,baseline,12487951,2025-10-14 00:00:00,828000.0,600043.4375
A: policy-blind (orig cutoff),XGBoost,baseline,12534919,2025-10-14 00:00:00,525000.0,435974.8125
A: policy-blind (orig cutoff),XGBoost,baseline,12845005,2025-10-14 00:00:00,420000.0,315150.125
A: policy-blind (orig cutoff),XGBoost,baseline,12798742,2025-10-15 00:00:00,650000.0,512769.15625
A: policy-blind (orig cutoff),XGBoost,baseline,12505245,2025-10-15 00:00:00,670000.0,472809.125
A: policy-blind (orig cutoff),XGBoost,baseline,12359174,2025-10-15 00:00:00,400000.0,276355.65625
A: policy-blind (orig cutoff),XGBoost,baseline,12538657,2025-10-15 00:00:00,755000.0,525601.9375
A: policy-blind (orig cutoff),XGBoost,baseline,12485237,2025-10-15 00:00:00,895000.0,578158.9375
A: policy-blind (orig cutoff),XGBoost,baseline,12507361,2025-10-16 00:00:00,480000.0,477393.03125
A: policy-blind (orig cutoff),XGBoost,baseline,12652768,2025-10-16 00:00:00,610000.0,555834.5
A: policy-blind (orig cutoff),XGBoost,baseline,12515569,2025-10-16 00:00:00,718123.0,510941.5625
A: policy-blind (orig cutoff),XGBoost,baseline,12483088,2025-10-17 00:00:00,985000.0,798601.125
A: policy-blind (orig cutoff),XGBoost,baseline,11086778,2025-10-17 00:00:00,982500.0,798601.125
A: policy-blind (orig cutoff),XGBoost,baseline,12500636,2025-10-18 00:00:00,782000.0,685341.875
A: policy-blind (orig cutoff),XGBoost,baseline,12714102,2025-10-19 00:00:00,570000.0,382196.21875
A: policy-blind (orig cutoff),XGBoost,baseline,12543670,2025-10-20 00:00:00,651500.0,537898.4375
A: policy-blind (orig cutoff),XGBoost,baseline,12558558,2025-10-21 00:00:00,560000.0,470648.8125
A: policy-blind (orig cutoff),XGBoost,baseline,12732611,2025-10-21 00:00:00,597000.0,384436.75
A: policy-blind (orig cutoff),XGBoost,baseline,12733725,2025-10-21 00:00:00,570000.0,380238.46875
A: policy-blind (orig cutoff),XGBoost,baseline,12558187,2025-10-21 00:00:00,775000.0,563744.0
A: policy-blind (orig cutoff),XGBoost,baseline,12529758,2025-10-21 00:00:00,790000.0,528782.4375
A: policy-blind (orig cutoff),XGBoost,baseline,12403903,2025-10-21 00:00:00,195000.0,247878.296875
A: policy-blind (orig cutoff),XGBoost,baseline,12542886,2025-10-21 00:00:00,758000.0,565247.0625
A: policy-blind (orig cutoff),XGBoost,baseline,12540397,2025-10-22 00:00:00,333755.0,224238.046875
A: policy-blind (orig cutoff),XGBoost,baseline,12533875,2025-10-22 00:00:00,430000.0,362123.59375
A: policy-blind (orig cutoff),XGBoost,baseline,12523810,2025-10-22 00:00:00,685000.0,596355.8125
A: policy-blind (orig cutoff),XGBoost,baseline,12642009,2025-10-22 00:00:00,440000.0,456159.3125
A: policy-blind (orig cutoff),XGBoost,baseline,12545629,2025-10-22 00:00:00,620000.0,435570.84375
A: policy-blind (orig cutoff),XGBoost,baseline,12491673,2025-10-23 00:00:00,330000.0,236508.8125
A: policy-blind (orig cutoff),XGBoost,baseline,12467660,2025-10-23 00:00:00,450000.0,345660.34375
A: policy-blind (orig cutoff),XGBoost,baseline,12570543,2025-10-23 00:00:00,565000.0,427222.71875
A: policy-blind (orig cutoff),XGBoost,baseline,12400687,2025-10-23 00:00:00,220000.0,247474.390625
A: policy-blind (orig cutoff),XGBoost,baseline,12513342,2025-10-23 00:00:00,490000.0,399849.0
A: policy-blind (orig cutoff),XGBoost,baseline,12696983,2025-10-24 00:00:00,840000.0,694331.6875
A: policy-blind (orig cutoff),XGBoost,baseline,11826827,2025-10-24 00:00:00,222000.0,236697.0
A: policy-blind (orig cutoff),XGBoost,baseline,12547079,2025-10-24 00:00:00,615000.0,446532.9375
A: policy-blind (orig cutoff),XGBoost,baseline,12626443,2025-10-24 00:00:00,512499.0,427375.9375
A: policy-blind (orig cutoff),XGBoost,baseline,12562840,2025-10-25 00:00:00,370000.0,311992.53125
A: policy-blind (orig cutoff),XGBoost,baseline,12732646,2025-10-26 00:00:00,700000.0,587835.125
A: policy-blind (orig cutoff),XGBoost,baseline,12794933,2025-10-26 00:00:00,625000.0,481523.78125
A: policy-blind (orig cutoff),XGBoost,baseline,12769416,2025-10-27 00:00:00,550000.0,437254.375
A: policy-blind (orig cutoff),XGBoost,baseline,12576384,2025-10-27 00:00:00,810000.0,547072.5
A: policy-blind (orig cutoff),XGBoost,baseline,11948223,2025-10-27 00:00:00,960000.0,874528.5
A: policy-blind (orig cutoff),XGBoost,baseline,12725733,2025-10-27 00:00:00,510000.0,409225.0
A: policy-blind (orig cutoff),XGBoost,baseline,12577365,2025-10-27 00:00:00,752000.0,538569.875
A: policy-blind (orig cutoff),XGBoost,baseline,12551181,2025-10-27 00:00:00,882500.0,680174.5
A: policy-blind (orig cutoff),XGBoost,baseline,12441541,2025-10-27 00:00:00,600000.0,506996.8125
A: policy-blind (orig cutoff),XGBoost,baseline,12524729,2025-10-27 00:00:00,440000.0,353240.125
A: policy-blind (orig cutoff),XGBoost,baseline,12653512,2025-10-27 00:00:00,380000.0,380575.875
A: policy-blind (orig cutoff),XGBoost,baseline,12347516,2025-10-28 00:00:00,728000.0,652900.25
A: policy-blind (orig cutoff),XGBoost,baseline,12469044,2025-10-28 00:00:00,390000.0,251802.71875
A: policy-blind (orig cutoff),XGBoost,baseline,12485687,2025-10-28 00:00:00,240000.0,200733.75
A: policy-blind (orig cutoff),XGBoost,baseline,12533500,2025-10-28 00:00:00,585000.0,462632.34375
A: policy-blind (orig cutoff),XGBoost,baseline,12540957,2025-10-28 00:00:00,770000.0,688165.9375
A: policy-blind (orig cutoff),XGBoost,baseline,12676531,2025-10-28 00:00:00,665000.0,532905.875
A: policy-blind (orig cutoff),XGBoost,baseline,12559292,2025-10-28 00:00:00,605000.0,434902.59375
A: policy-blind (orig cutoff),XGBoost,baseline,12534842,2025-10-28 00:00:00,501000.0,433698.15625
A: policy-blind (orig cutoff),XGBoost,baseline,12569626,2025-10-28 00:00:00,620000.0,446532.9375
A: policy-blind (orig cutoff),XGBoost,baseline,10301394,2025-10-29 00:00:00,495000.0,468419.3125
A: policy-blind (orig cutoff),XGBoost,baseline,12720272,2025-10-29 00:00:00,680000.0,529313.6875
A: policy-blind (orig cutoff),XGBoost,baseline,12464574,2025-10-29 00:00:00,780000.0,739314.625
A: policy-blind (orig cutoff),XGBoost,baseline,12426805,2025-10-29 00:00:00,760000.0,594295.5
A: policy-blind (orig cutoff),XGBoost,baseline,12560693,2025-10-29 00:00:00,450177.0,281603.46875
A: policy-blind (orig cutoff),XGBoost,baseline,12549494,2025-10-29 00:00:00,725000.0,634344.875
A: policy-blind (orig cutoff),XGBoost,baseline,12504922,2025-10-30 00:00:00,550000.0,492503.9375
A: policy-blind (orig cutoff),XGBoost,baseline,12486106,2025-10-30 00:00:00,835000.0,851090.5
A: policy-blind (orig cutoff),XGBoost,baseline,12738588,2025-10-30 00:00:00,615000.0,404338.96875
A: policy-blind (orig cutoff),XGBoost,baseline,12811310,2025-10-30 00:00:00,390000.0,269854.5
A: policy-blind (orig cutoff),XGBoost,baseline,12649022,2025-10-30 00:00:00,565000.0,438236.25
A: policy-blind (orig cutoff),XGBoost,baseline,12569191,2025-10-31 00:00:00,340000.0,208801.984375
A: policy-blind (orig cutoff),XGBoost,baseline,12135343,2025-10-31 00:00:00,498000.0,472877.21875
A: policy-blind (orig cutoff),XGBoost,baseline,12537691,2025-10-31 00:00:00,510000.0,437410.34375
A: policy-blind (orig cutoff),XGBoost,baseline,12578900,2025-10-31 00:00:00,605000.0,444127.0
A: policy-blind (orig cutoff),XGBoost,baseline,12469539,2025-11-01 00:00:00,502500.0,409643.1875
A: policy-blind (orig cutoff),XGBoost,baseline,12306752,2025-11-03 00:00:00,515000.0,489093.625
A: policy-blind (orig cutoff),XGBoost,baseline,12741073,2025-11-03 00:00:00,735000.0,540264.375
A: policy-blind (orig cutoff),XGBoost,baseline,12527181,2025-11-03 00:00:00,385500.0,287404.75
A: policy-blind (orig cutoff),XGBoost,baseline,12470527,2025-11-03 00:00:00,320000.0,272308.15625
A: policy-blind (orig cutoff),XGBoost,baseline,12526427,2025-11-03 00:00:00,820000.0,582824.625
A: policy-blind (orig cutoff),XGBoost,baseline,12516511,2025-11-03 00:00:00,290000.0,268654.5625
A: policy-blind (orig cutoff),XGBoost,baseline,12458101,2025-11-03 00:00:00,860000.0,560507.625
A: policy-blind (orig cutoff),XGBoost,baseline,12583727,2025-11-04 00:00:00,850000.0,592097.6875
A: policy-blind (orig cutoff),XGBoost,baseline,12596087,2025-11-04 00:00:00,810000.0,642268.125
A: policy-blind (orig cutoff),XGBoost,baseline,12450578,2025-11-04 00:00:00,335000.0,269638.9375
A: policy-blind (orig cutoff),XGBoost,baseline,12346190,2025-11-04 00:00:00,160000.0,243509.875
A: policy-blind (orig cutoff),XGBoost,baseline,12525350,2025-11-04 00:00:00,480000.0,421180.4375
A: policy-blind (orig cutoff),XGBoost,baseline,12535566,2025-11-04 00:00:00,787635.0,649870.5625
A: policy-blind (orig cutoff),XGBoost,baseline,12799543,2025-11-04 00:00:00,220000.0,268308.125
A: policy-blind (orig cutoff),XGBoost,baseline,12506984,2025-11-05 00:00:00,578000.0,530753.3125
A: policy-blind (orig cutoff),XGBoost,baseline,12527592,2025-11-05 00:00:00,462000.0,369656.28125
A: policy-blind (orig cutoff),XGBoost,baseline,12510967,2025-11-05 00:00:00,420000.0,446577.21875
A: policy-blind (orig cutoff),XGBoost,baseline,12545712,2025-11-05 00:00:00,780000.0,686965.375
A: policy-blind (orig cutoff),XGBoost,baseline,12570600,2025-11-05 00:00:00,880000.0,730140.5625
A: policy-blind (orig cutoff),XGBoost,baseline,12712015,2025-11-05 00:00:00,560300.0,428601.65625
A: policy-blind (orig cutoff),XGBoost,baseline,12580337,2025-11-05 00:00:00,595000.0,456622.40625
A: policy-blind (orig cutoff),XGBoost,baseline,12303803,2025-11-05 00:00:00,795000.0,601108.1875
A: policy-blind (orig cutoff),XGBoost,baseline,12594025,2025-11-05 00:00:00,370000.0,296282.34375
A: policy-blind (orig cutoff),XGBoost,baseline,12475425,2025-11-06 00:00:00,790000.0,615705.3125
A: policy-blind (orig cutoff),XGBoost,baseline,12576175,2025-11-06 00:00:00,650000.0,447089.875
A: policy-blind (orig cutoff),XGBoost,baseline,12704826,2025-11-06 00:00:00,740000.0,594627.125
A: policy-blind (orig cutoff),XGBoost,baseline,12577945,2025-11-06 00:00:00,350000.0,295316.4375
A: policy-blind (orig cutoff),XGBoost,baseline,12587510,2025-11-06 00:00:00,750000.0,506694.21875
A: policy-blind (orig cutoff),XGBoost,baseline,12519918,2025-11-07 00:00:00,400000.0,302230.3125
A: policy-blind (orig cutoff),XGBoost,baseline,12617511,2025-11-08 00:00:00,800000.0,636212.125
A: policy-blind (orig cutoff),XGBoost,baseline,12584647,2025-11-08 00:00:00,755000.0,548031.75
A: policy-blind (orig cutoff),XGBoost,baseline,9231613,2025-11-08 00:00:00,616000.0,557197.9375
A: policy-blind (orig cutoff),XGBoost,baseline,12540294,2025-11-09 00:00:00,725000.0,468675.34375
A: policy-blind (orig cutoff),XGBoost,baseline,12576920,2025-11-10 00:00:00,900000.0,735592.125
A: policy-blind (orig cutoff),XGBoost,baseline,12691669,2025-11-10 00:00:00,490000.0,378328.625
A: policy-blind (orig cutoff),XGBoost,baseline,12386342,2025-11-10 00:00:00,600000.0,475802.65625
A: policy-blind (orig cutoff),XGBoost,baseline,12419775,2025-11-10 00:00:00,807500.0,761002.125
A: policy-blind (orig cutoff),XGBoost,baseline,12605425,2025-11-10 00:00:00,735000.0,489730.28125
A: policy-blind (orig cutoff),XGBoost,baseline,12622534,2025-11-10 00:00:00,611500.0,479347.4375
A: policy-blind (orig cutoff),XGBoost,baseline,11565254,2025-11-10 00:00:00,420000.0,427516.1875
A: policy-blind (orig cutoff),XGBoost,baseline,12739320,2025-11-10 00:00:00,605000.0,427956.3125
A: policy-blind (orig cutoff),XGBoost,baseline,12577857,2025-11-10 00:00:00,600000.0,467005.34375
A: policy-blind (orig cutoff),XGBoost,baseline,12601701,2025-11-11 00:00:00,960000.0,676043.4375
A: policy-blind (orig cutoff),XGBoost,baseline,12616914,2025-11-11 00:00:00,380000.0,323727.09375
A: policy-blind (orig cutoff),XGBoost,baseline,12613278,2025-11-11 00:00:00,490000.0,441425.78125
A: policy-blind (orig cutoff),XGBoost,baseline,11926921,2025-11-12 00:00:00,240000.0,154861.59375
A: policy-blind (orig cutoff),XGBoost,baseline,12572433,2025-11-12 00:00:00,625000.0,474211.28125
A: policy-blind (orig cutoff),XGBoost,baseline,12617864,2025-11-13 00:00:00,835000.0,610056.875
A: policy-blind (orig cutoff),XGBoost,baseline,12614849,2025-11-13 00:00:00,715000.0,603502.3125
A: policy-blind (orig cutoff),XGBoost,baseline,12844396,2025-11-13 00:00:00,465000.0,468767.0
A: policy-blind (orig cutoff),XGBoost,baseline,12572265,2025-11-13 00:00:00,820000.0,561388.1875
A: policy-blind (orig cutoff),XGBoost,baseline,12361691,2025-11-14 00:00:00,506000.0,416985.5625
A: policy-blind (orig cutoff),XGBoost,baseline,12437452,2025-11-14 00:00:00,460000.0,383503.6875
A: policy-blind (orig cutoff),XGBoost,baseline,12640130,2025-11-16 00:00:00,700000.0,487901.9375
A: policy-blind (orig cutoff),XGBoost,baseline,12624005,2025-11-17 00:00:00,790000.0,637148.375
A: policy-blind (orig cutoff),XGBoost,baseline,12646629,2025-11-17 00:00:00,895000.0,728451.1875
A: policy-blind (orig cutoff),XGBoost,baseline,12641826,2025-11-17 00:00:00,630000.0,687049.1875
A: policy-blind (orig cutoff),XGBoost,baseline,12642566,2025-11-17 00:00:00,780000.0,660391.0625
A: policy-blind (orig cutoff),XGBoost,baseline,12635413,2025-11-17 00:00:00,790000.0,637244.4375
A: policy-blind (orig cutoff),XGBoost,baseline,12474324,2025-11-17 00:00:00,780000.0,678742.5
A: policy-blind (orig cutoff),XGBoost,baseline,12600402,2025-11-17 00:00:00,735000.0,523083.15625
A: policy-blind (orig cutoff),XGBoost,baseline,12602200,2025-11-17 00:00:00,745000.0,583871.625
A: policy-blind (orig cutoff),XGBoost,baseline,12621453,2025-11-17 00:00:00,837500.0,643080.8125
A: policy-blind (orig cutoff),XGBoost,baseline,12615430,2025-11-17 00:00:00,474500.0,410247.59375
A: policy-blind (orig cutoff),XGBoost,baseline,12639946,2025-11-18 00:00:00,530100.0,438039.4375
A: policy-blind (orig cutoff),XGBoost,baseline,12617874,2025-11-18 00:00:00,682000.0,493539.28125
A: policy-blind (orig cutoff),XGBoost,baseline,12508361,2025-11-18 00:00:00,350000.0,221906.875
A: policy-blind (orig cutoff),XGBoost,baseline,12545199,2025-11-18 00:00:00,410000.0,331987.71875
A: policy-blind (orig cutoff),XGBoost,baseline,12597246,2025-11-18 00:00:00,731500.0,691360.3125
A: policy-blind (orig cutoff),XGBoost,baseline,12534901,2025-11-18 00:00:00,435000.0,436006.40625
A: policy-blind (orig cutoff),XGBoost,baseline,12426514,2025-11-18 00:00:00,423000.0,384127.78125
A: policy-blind (orig cutoff),XGBoost,baseline,12519894,2025-11-18 00:00:00,470000.0,415777.59375
A: policy-blind (orig cutoff),XGBoost,baseline,12725673,2025-11-18 00:00:00,445000.0,387219.5625
A: policy-blind (orig cutoff),XGBoost,baseline,12576936,2025-11-18 00:00:00,775000.0,630466.3125
A: policy-blind (orig cutoff),XGBoost,baseline,12637634,2025-11-19 00:00:00,675000.0,515518.4375
A: policy-blind (orig cutoff),XGBoost,baseline,12721462,2025-11-19 00:00:00,475000.0,366941.21875
A: policy-blind (orig cutoff),XGBoost,baseline,12811311,2025-11-19 00:00:00,635000.0,466928.75
A: policy-blind (orig cutoff),XGBoost,baseline,12719168,2025-11-19 00:00:00,125000.0,101706.0546875
A: policy-blind (orig cutoff),XGBoost,baseline,12631580,2025-11-19 00:00:00,775000.0,631978.5
A: policy-blind (orig cutoff),XGBoost,baseline,12624047,2025-11-19 00:00:00,405000.0,285323.46875
A: policy-blind (orig cutoff),XGBoost,baseline,12633378,2025-11-19 00:00:00,755000.0,561617.9375
A: policy-blind (orig cutoff),XGBoost,baseline,12451100,2025-11-19 00:00:00,820000.0,680750.125
A: policy-blind (orig cutoff),XGBoost,baseline,12215811,2025-11-19 00:00:00,591500.0,486549.34375
A: policy-blind (orig cutoff),XGBoost,baseline,12560080,2025-11-19 00:00:00,472500.0,441109.75
A: policy-blind (orig cutoff),XGBoost,baseline,12631579,2025-11-19 00:00:00,648000.0,502238.3125
A: policy-blind (orig cutoff),XGBoost,baseline,12496154,2025-11-19 00:00:00,516500.0,597017.625
A: policy-blind (orig cutoff),XGBoost,baseline,12706235,2025-11-20 00:00:00,720000.0,577317.0
A: policy-blind (orig cutoff),XGBoost,baseline,12607224,2025-11-20 00:00:00,777500.0,505702.15625
A: policy-blind (orig cutoff),XGBoost,baseline,12718184,2025-11-20 00:00:00,130000.0,178281.65625
A: policy-blind (orig cutoff),XGBoost,baseline,13067908,2025-11-20 00:00:00,535000.0,410611.21875
A: policy-blind (orig cutoff),XGBoost,baseline,12585676,2025-11-20 00:00:00,485000.0,429096.53125
A: policy-blind (orig cutoff),XGBoost,baseline,12642875,2025-11-20 00:00:00,800000.0,577320.3125
A: policy-blind (orig cutoff),XGBoost,baseline,12759739,2025-11-21 00:00:00,670000.0,441359.28125
A: policy-blind (orig cutoff),XGBoost,baseline,12757731,2025-11-21 00:00:00,600000.0,464743.0
A: policy-blind (orig cutoff),XGBoost,baseline,12737230,2025-11-21 00:00:00,695000.0,504891.15625
A: policy-blind (orig cutoff),XGBoost,baseline,12642871,2025-11-21 00:00:00,752500.0,568701.625
A: policy-blind (orig cutoff),XGBoost,baseline,12493762,2025-11-21 00:00:00,320000.0,287009.5
A: policy-blind (orig cutoff),XGBoost,baseline,12654319,2025-11-22 00:00:00,375000.0,311657.6875
A: policy-blind (orig cutoff),XGBoost,baseline,12587996,2025-11-23 00:00:00,680000.0,491460.4375
A: policy-blind (orig cutoff),XGBoost,baseline,12729289,2025-11-24 00:00:00,400000.0,345601.34375
A: policy-blind (orig cutoff),XGBoost,baseline,12888228,2025-11-24 00:00:00,475000.0,375842.59375
A: policy-blind (orig cutoff),XGBoost,baseline,12616916,2025-11-24 00:00:00,568000.0,530063.375
A: policy-blind (orig cutoff),XGBoost,baseline,12576926,2025-11-24 00:00:00,710000.0,505743.15625
A: policy-blind (orig cutoff),XGBoost,baseline,12631667,2025-11-24 00:00:00,630000.0,451146.375
A: policy-blind (orig cutoff),XGBoost,baseline,12580536,2025-11-24 00:00:00,580000.0,536916.5
A: policy-blind (orig cutoff),XGBoost,baseline,12733523,2025-11-25 00:00:00,575000.0,595279.625
A: policy-blind (orig cutoff),XGBoost,baseline,12567351,2025-11-25 00:00:00,677000.0,508537.1875
A: policy-blind (orig cutoff),XGBoost,baseline,12650768,2025-11-25 00:00:00,650000.0,509301.125
A: policy-blind (orig cutoff),XGBoost,baseline,12661802,2025-11-26 00:00:00,699000.0,544949.0
A: policy-blind (orig cutoff),XGBoost,baseline,12595534,2025-11-26 00:00:00,515000.0,295590.03125
A: policy-blind (orig cutoff),XGBoost,baseline,12611193,2025-11-26 00:00:00,775000.0,617190.375
A: policy-blind (orig cutoff),XGBoost,baseline,12537984,2025-11-26 00:00:00,223262.0,273732.65625
A: policy-blind (orig cutoff),XGBoost,baseline,12452823,2025-11-26 00:00:00,753500.0,521372.90625
A: policy-blind (orig cutoff),XGBoost,baseline,12663670,2025-11-26 00:00:00,600000.0,536991.75
A: policy-blind (orig cutoff),XGBoost,baseline,12738571,2025-11-26 00:00:00,465000.0,394028.125
A: policy-blind (orig cutoff),XGBoost,baseline,12789354,2025-11-26 00:00:00,336000.0,263950.46875
A: policy-blind (orig cutoff),XGBoost,baseline,12555961,2025-11-27 00:00:00,899000.0,755600.0625
A: policy-blind (orig cutoff),XGBoost,baseline,12842057,2025-11-27 00:00:00,335000.0,257749.734375
A: policy-blind (orig cutoff),XGBoost,baseline,12501095,2025-11-27 00:00:00,445000.0,474576.375
A: policy-blind (orig cutoff),XGBoost,baseline,12624170,2025-11-27 00:00:00,749000.0,628035.875
A: policy-blind (orig cutoff),XGBoost,baseline,12662268,2025-11-27 00:00:00,875990.0,640790.625
A: policy-blind (orig cutoff),XGBoost,baseline,12417615,2025-11-28 00:00:00,666000.0,508330.125
A: policy-blind (orig cutoff),XGBoost,baseline,12844511,2025-11-28 00:00:00,433177.0,286389.375
A: policy-blind (orig cutoff),XGBoost,baseline,12612428,2025-11-28 00:00:00,995000.0,761002.125
A: policy-blind (orig cutoff),XGBoost,baseline,12180848,2025-11-28 00:00:00,746000.0,477843.96875
A: policy-blind (orig cutoff),XGBoost,baseline,12509177,2025-11-28 00:00:00,470000.0,451767.65625
A: policy-blind (orig cutoff),XGBoost,baseline,12608225,2025-11-30 00:00:00,850000.0,618781.625
A: policy-blind (orig cutoff),XGBoost,baseline,12663944,2025-12-01 00:00:00,667500.0,512811.71875
A: policy-blind (orig cutoff),XGBoost,baseline,12671214,2025-12-01 00:00:00,730000.0,587701.1875
A: policy-blind (orig cutoff),XGBoost,baseline,12528023,2025-12-01 00:00:00,388000.0,310128.6875
A: policy-blind (orig cutoff),XGBoost,baseline,12595070,2025-12-01 00:00:00,650000.0,552486.5
A: policy-blind (orig cutoff),XGBoost,baseline,12686884,2025-12-01 00:00:00,930000.0,778036.8125
A: policy-blind (orig cutoff),XGBoost,baseline,12525349,2025-12-02 00:00:00,295000.0,236095.953125
A: policy-blind (orig cutoff),XGBoost,baseline,12844684,2025-12-02 00:00:00,670000.0,488615.3125
A: policy-blind (orig cutoff),XGBoost,baseline,12682110,2025-12-02 00:00:00,700000.0,319675.5625
A: policy-blind (orig cutoff),XGBoost,baseline,12680039,2025-12-02 00:00:00,780000.0,595785.6875
A: policy-blind (orig cutoff),XGBoost,baseline,12610987,2025-12-02 00:00:00,810000.0,141873.015625
A: policy-blind (orig cutoff),XGBoost,baseline,12560507,2025-12-02 00:00:00,837500.0,581481.125
A: policy-blind (orig cutoff),XGBoost,baseline,12612329,2025-12-03 00:00:00,940000.0,701324.0625
A: policy-blind (orig cutoff),XGBoost,baseline,12838602,2025-12-03 00:00:00,440000.0,289220.84375
A: policy-blind (orig cutoff),XGBoost,baseline,12825570,2025-12-03 00:00:00,440000.0,289220.84375
A: policy-blind (orig cutoff),XGBoost,baseline,12847643,2025-12-03 00:00:00,735000.0,522187.0
A: policy-blind (orig cutoff),XGBoost,baseline,12605884,2025-12-03 00:00:00,388000.0,254627.109375
A: policy-blind (orig cutoff),XGBoost,baseline,12015773,2025-12-03 00:00:00,445000.0,434554.3125
A: policy-blind (orig cutoff),XGBoost,baseline,12589589,2025-12-03 00:00:00,801000.0,565340.8125
A: policy-blind (orig cutoff),XGBoost,baseline,12771877,2025-12-04 00:00:00,755000.0,606338.375
A: policy-blind (orig cutoff),XGBoost,baseline,12707355,2025-12-04 00:00:00,350000.0,283433.71875
A: policy-blind (orig cutoff),XGBoost,baseline,10139451,2025-12-04 00:00:00,475000.0,392424.9375
A: policy-blind (orig cutoff),XGBoost,baseline,12844683,2025-12-04 00:00:00,631000.0,507333.4375
A: policy-blind (orig cutoff),XGBoost,baseline,12663671,2025-12-04 00:00:00,710000.0,523449.9375
A: policy-blind (orig cutoff),XGBoost,baseline,13065104,2025-12-05 00:00:00,630000.0,546113.375
A: policy-blind (orig cutoff),XGBoost,baseline,12551314,2025-12-05 00:00:00,890000.0,747411.875
A: policy-blind (orig cutoff),XGBoost,baseline,12452968,2025-12-05 00:00:00,925000.0,601371.375
A: policy-blind (orig cutoff),XGBoost,baseline,12630381,2025-12-05 00:00:00,327000.0,243054.203125
A: policy-blind (orig cutoff),XGBoost,baseline,12465932,2025-12-05 00:00:00,475000.0,416120.71875
A: policy-blind (orig cutoff),XGBoost,baseline,12721015,2025-12-05 00:00:00,585000.0,391354.1875
A: policy-blind (orig cutoff),XGBoost,baseline,12616733,2025-12-05 00:00:00,535000.0,449992.65625
A: policy-blind (orig cutoff),XGBoost,baseline,12638566,2025-12-05 00:00:00,522500.0,353041.75
A: policy-blind (orig cutoff),XGBoost,baseline,12640954,2025-12-07 00:00:00,647000.0,544696.5
A: policy-blind (orig cutoff),XGBoost,baseline,12651662,2025-12-07 00:00:00,750000.0,559034.25
A: policy-blind (orig cutoff),XGBoost,baseline,12611677,2025-12-08 00:00:00,491000.0,361772.5625
A: policy-blind (orig cutoff),XGBoost,baseline,10195270,2025-12-08 00:00:00,717500.0,586228.4375
A: policy-blind (orig cutoff),XGBoost,baseline,12553079,2025-12-08 00:00:00,335000.0,245817.5
A: policy-blind (orig cutoff),XGBoost,baseline,12792766,2025-12-08 00:00:00,740000.0,579115.8125
A: policy-blind (orig cutoff),XGBoost,baseline,12699461,2025-12-10 00:00:00,875000.0,652757.0625
A: policy-blind (orig cutoff),XGBoost,baseline,12668370,2025-12-10 00:00:00,701000.0,529263.25
A: policy-blind (orig cutoff),XGBoost,baseline,12660670,2025-12-10 00:00:00,476000.0,280281.78125
A: policy-blind (orig cutoff),XGBoost,baseline,12651108,2025-12-10 00:00:00,848000.0,638682.0625
A: policy-blind (orig cutoff),XGBoost,baseline,12595262,2025-12-10 00:00:00,362500.0,241587.21875
A: policy-blind (orig cutoff),XGBoost,baseline,12709594,2025-12-10 00:00:00,762000.0,618587.5
A: policy-blind (orig cutoff),XGBoost,baseline,12594740,2025-12-11 00:00:00,570000.0,501649.53125
A: policy-blind (orig cutoff),XGBoost,baseline,12381365,2025-12-11 00:00:00,294500.0,243195.40625
A: policy-blind (orig cutoff),XGBoost,baseline,12707446,2025-12-11 00:00:00,442000.0,248770.40625
A: policy-blind (orig cutoff),XGBoost,baseline,12456207,2025-12-12 00:00:00,500000.0,442437.28125
A: policy-blind (orig cutoff),XGBoost,baseline,12689970,2025-12-12 00:00:00,398000.0,228499.453125
A: policy-blind (orig cutoff),XGBoost,baseline,12707743,2025-12-12 00:00:00,280000.0,242210.09375
A: policy-blind (orig cutoff),XGBoost,baseline,12850091,2025-12-12 00:00:00,500000.0,452253.90625
A: policy-blind (orig cutoff),XGBoost,baseline,12718147,2025-12-12 00:00:00,310000.0,281446.6875
A: policy-blind (orig cutoff),XGBoost,baseline,12721159,2025-12-12 00:00:00,620000.0,507161.21875
A: policy-blind (orig cutoff),XGBoost,baseline,12691721,2025-12-12 00:00:00,345000.0,158777.515625
A: policy-blind (orig cutoff),XGBoost,baseline,12688720,2025-12-14 00:00:00,750000.0,508507.125
A: policy-blind (orig cutoff),XGBoost,baseline,12834740,2025-12-14 00:00:00,615000.0,394662.5625
A: policy-blind (orig cutoff),XGBoost,baseline,12367737,2025-12-15 00:00:00,295000.0,236095.953125
A: policy-blind (orig cutoff),XGBoost,baseline,12599316,2025-12-15 00:00:00,840000.0,594674.1875
A: policy-blind (orig cutoff),XGBoost,baseline,12704803,2025-12-15 00:00:00,781000.0,683638.125
A: policy-blind (orig cutoff),XGBoost,baseline,12698423,2025-12-15 00:00:00,795000.0,644482.5
A: policy-blind (orig cutoff),XGBoost,baseline,12652465,2025-12-16 00:00:00,383000.0,292169.15625
A: policy-blind (orig cutoff),XGBoost,baseline,12850092,2025-12-16 00:00:00,445000.0,335044.3125
A: policy-blind (orig cutoff),XGBoost,baseline,12609527,2025-12-17 00:00:00,620000.0,399347.84375
A: policy-blind (orig cutoff),XGBoost,baseline,12595652,2025-12-17 00:00:00,807500.0,632184.625
A: policy-blind (orig cutoff),XGBoost,baseline,12825657,2025-12-17 00:00:00,645000.0,522338.90625
A: policy-blind (orig cutoff),XGBoost,baseline,12843985,2025-12-17 00:00:00,700000.0,471612.59375
A: policy-blind (orig cutoff),XGBoost,baseline,12716230,2025-12-17 00:00:00,648000.0,376571.625
A: policy-blind (orig cutoff),XGBoost,baseline,12811844,2025-12-17 00:00:00,415000.0,333089.78125
A: policy-blind (orig cutoff),XGBoost,baseline,12983181,2025-12-17 00:00:00,600000.0,379743.4375
A: policy-blind (orig cutoff),XGBoost,baseline,12537810,2025-12-18 00:00:00,435000.0,329834.53125
A: policy-blind (orig cutoff),XGBoost,baseline,12603431,2025-12-18 00:00:00,408000.0,295298.6875
A: policy-blind (orig cutoff),XGBoost,baseline,12817378,2025-12-18 00:00:00,640000.0,588994.5
A: policy-blind (orig cutoff),XGBoost,baseline,12705351,2025-12-18 00:00:00,275000.0,243427.921875
A: policy-blind (orig cutoff),XGBoost,baseline,12719012,2025-12-19 00:00:00,845000.0,617668.5
A: policy-blind (orig cutoff),XGBoost,baseline,12862764,2025-12-19 00:00:00,390000.0,257625.640625
A: policy-blind (orig cutoff),XGBoost,baseline,12677994,2025-12-19 00:00:00,505000.0,435051.09375
A: policy-blind (orig cutoff),XGBoost,baseline,12711381,2025-12-19 00:00:00,928000.0,652843.5625
A: policy-blind (orig cutoff),XGBoost,baseline,12835614,2025-12-19 00:00:00,300000.0,237219.46875
A: policy-blind (orig cutoff),XGBoost,baseline,12706400,2025-12-20 00:00:00,360000.0,313732.03125
A: policy-blind (orig cutoff),XGBoost,baseline,12652364,2025-12-22 00:00:00,265000.0,175891.640625
A: policy-blind (orig cutoff),XGBoost,baseline,12664773,2025-12-22 00:00:00,820000.0,539010.1875
A: policy-blind (orig cutoff),XGBoost,baseline,9411292,2025-12-22 00:00:00,200000.0,205638.53125
A: policy-blind (orig cutoff),XGBoost,baseline,12654582,2025-12-22 00:00:00,800000.0,626064.875
A: policy-blind (orig cutoff),XGBoost,baseline,12260585,2025-12-23 00:00:00,762000.0,548992.1875
A: policy-blind (orig cutoff),XGBoost,baseline,12718435,2025-12-23 00:00:00,530000.0,332460.75
A: policy-blind (orig cutoff),XGBoost,baseline,12663441,2025-12-25 00:00:00,825000.0,725069.5625
A: policy-blind (orig cutoff),XGBoost,baseline,11569006,2025-12-25 00:00:00,450000.0,323690.375
A: policy-blind (orig cutoff),XGBoost,baseline,11726966,2025-12-26 00:00:00,545000.0,541094.5625
A: policy-blind (orig cutoff),XGBoost,baseline,12671181,2025-12-29 00:00:00,250000.0,162318.84375
A: policy-blind (orig cutoff),XGBoost,baseline,12884915,2025-12-30 00:00:00,740000.0,583089.8125
A: policy-blind (orig cutoff),XGBoost,baseline,12513056,2025-12-31 00:00:00,785000.0,517748.875
B: policy-aware (train thru Jun-2025),XGBoost,baseline,12142932,2025-07-01 00:00:00,485000.0,435884.59375
B: policy-aware (train thru Jun-2025),XGBoost,baseline,12346710,2025-07-01 00:00:00,309500.0,298658.53125
B: policy-aware (train thru Jun-2025),XGBoost,baseline,12250074,2025-07-01 00:00:00,407000.0,477411.6875
B: policy-aware (train thru Jun-2025),XGBoost,baseline,12361849,2025-07-01 00:00:00,620000.0,659843.375
B: policy-aware (train thru Jun-2025),XGBoost,baseline,12369453,2025-07-01 00:00:00,620000.0,650846.8125
B: policy-aware (train thru Jun-2025),XGBoost,baseline,12391903,2025-07-01 00:00:00,400000.0,390316.5
B: policy-aware (train thru Jun-2025),XGBoost,baseline,12693020,2025-07-02 00:00:00,325000.0,334913.34375
B: policy-aware (train thru Jun-2025),XGBoost,baseline,12116916,2025-07-02 00:00:00,335000.0,385651.8125
B: policy-aware (train thru Jun-2025),XGBoost,baseline,12244014,2025-07-02 00:00:00,645000.0,650274.8125
B: policy-aware (train thru Jun-2025),XGBoost,baseline,12321295,2025-07-02 00:00:00,300000.0,350443.375
B: policy-aware (train thru Jun-2025),XGBoost,baseline,12185792,2025-07-02 00:00:00,736729.0,628865.375
B: policy-aware (train thru Jun-2025),XGBoost,baseline,12362122,2025-07-02 00:00:00,535000.0,625323.1875
B: policy-aware (train thru Jun-2025),XGBoost,baseline,12336990,2025-07-03 00:00:00,280000.0,370298.09375
B: policy-aware (train thru Jun-2025),XGBoost,baseline,12371126,2025-07-03 00:00:00,530000.0,503767.125
B: policy-aware (train thru Jun-2025),XGBoost,baseline,12115784,2025-07-03 00:00:00,425000.0,511414.4375
B: policy-aware (train thru Jun-2025),XGBoost,baseline,12277603,2025-07-03 00:00:00,950000.0,819322.125
B: policy-aware (train thru Jun-2025),XGBoost,baseline,12357966,2025-07-04 00:00:00,670000.0,694465.4375
B: policy-aware (train thru Jun-2025),XGBoost,baseline,12027611,2025-07-04 00:00:00,358000.0,346781.3125
B: policy-aware (train thru Jun-2025),XGBoost,baseline,12339503,2025-07-04 00:00:00,535000.0,574861.1875
B: policy-aware (train thru Jun-2025),XGBoost,baseline,12194130,2025-07-04 00:00:00,262000.0,262585.375
B: policy-aware (train thru Jun-2025),XGBoost,baseline,12442166,2025-07-06 00:00:00,670000.0,623511.0625
B: policy-aware (train thru Jun-2025),XGBoost,baseline,12413733,2025-07-06 00:00:00,420000.0,429274.96875
B: policy-aware (train thru Jun-2025),XGBoost,baseline,12065830,2025-07-06 00:00:00,250000.0,265406.65625
B: policy-aware (train thru Jun-2025),XGBoost,baseline,12487275,2025-07-06 00:00:00,685000.0,657635.8125
B: policy-aware (train thru Jun-2025),XGBoost,baseline,12342144,2025-07-07 00:00:00,295000.0,308379.1875
B: policy-aware (train thru Jun-2025),XGBoost,baseline,12263591,2025-07-07 00:00:00,448000.0,446412.84375
B: policy-aware (train thru Jun-2025),XGBoost,baseline,12277319,2025-07-07 00:00:00,655000.0,665333.875
B: policy-aware (train thru Jun-2025),XGBoost,baseline,12264385,2025-07-07 00:00:00,557500.0,627308.625
B: policy-aware (train thru Jun-2025),XGBoost,baseline,12077930,2025-07-07 00:00:00,860000.0,820038.9375
B: policy-aware (train thru Jun-2025),XGBoost,baseline,12193881,2025-07-07 00:00:00,345000.0,315443.0
B: policy-aware (train thru Jun-2025),XGBoost,baseline,12276586,2025-07-07 00:00:00,565000.0,444954.125
B: policy-aware (train thru Jun-2025),XGBoost,baseline,12201692,2025-07-07 00:00:00,385000.0,421102.125
B: policy-aware (train thru Jun-2025),XGBoost,baseline,12237886,2025-07-07 00:00:00,870000.0,807437.0625
B: policy-aware (train thru Jun-2025),XGBoost,baseline,12224225,2025-07-07 00:00:00,750000.0,846767.25
B: policy-aware (train thru Jun-2025),XGBoost,baseline,12025035,2025-07-07 00:00:00,330000.0,299534.5
B: policy-aware (train thru Jun-2025),XGBoost,baseline,12246769,2025-07-08 00:00:00,319000.0,270493.75
B: policy-aware (train thru Jun-2025),XGBoost,baseline,12364027,2025-07-08 00:00:00,380000.0,378683.8125
B: policy-aware (train thru Jun-2025),XGBoost,baseline,12251570,2025-07-08 00:00:00,800000.0,737751.75
B: policy-aware (train thru Jun-2025),XGBoost,baseline,12418626,2025-07-08 00:00:00,550000.0,471365.28125
B: policy-aware (train thru Jun-2025),XGBoost,baseline,12233377,2025-07-08 00:00:00,815000.0,807013.625
B: policy-aware (train thru Jun-2025),XGBoost,baseline,12274672,2025-07-08 00:00:00,870000.0,834963.3125
B: policy-aware (train thru Jun-2025),XGBoost,baseline,12449325,2025-07-08 00:00:00,475000.0,432782.15625
B: policy-aware (train thru Jun-2025),XGBoost,baseline,12181587,2025-07-08 00:00:00,470000.0,440774.15625
B: policy-aware (train thru Jun-2025),XGBoost,baseline,12213474,2025-07-09 00:00:00,587100.0,512221.75
B: policy-aware (train thru Jun-2025),XGBoost,baseline,12209096,2025-07-09 00:00:00,530000.0,386667.15625
B: policy-aware (train thru Jun-2025),XGBoost,baseline,12820644,2025-07-09 00:00:00,620000.0,633252.0625
B: policy-aware (train thru Jun-2025),XGBoost,baseline,11693819,2025-07-09 00:00:00,330000.0,404571.5625
B: policy-aware (train thru Jun-2025),XGBoost,baseline,12263054,2025-07-10 00:00:00,600000.0,540784.5
B: policy-aware (train thru Jun-2025),XGBoost,baseline,12101046,2025-07-10 00:00:00,720000.0,635812.375
B: policy-aware (train thru Jun-2025),XGBoost,baseline,12414479,2025-07-10 00:00:00,750000.0,734746.5625
B: policy-aware (train thru Jun-2025),XGBoost,baseline,12387637,2025-07-10 00:00:00,637000.0,646305.625
B: policy-aware (train thru Jun-2025),XGBoost,baseline,12267036,2025-07-10 00:00:00,340000.0,355272.25
B: policy-aware (train thru Jun-2025),XGBoost,baseline,12253156,2025-07-10 00:00:00,453000.0,469128.78125
B: policy-aware (train thru Jun-2025),XGBoost,baseline,12285187,2025-07-10 00:00:00,570000.0,604134.0
B: policy-aware (train thru Jun-2025),XGBoost,baseline,12591031,2025-07-10 00:00:00,650000.0,630549.3125
B: policy-aware (train thru Jun-2025),XGBoost,baseline,11835400,2025-07-10 00:00:00,375000.0,355158.09375
B: policy-aware (train thru Jun-2025),XGBoost,baseline,12229073,2025-07-11 00:00:00,630000.0,609769.5
B: policy-aware (train thru Jun-2025),XGBoost,baseline,12274227,2025-07-11 00:00:00,575000.0,521133.78125
B: policy-aware (train thru Jun-2025),XGBoost,baseline,12286474,2025-07-11 00:00:00,435000.0,449863.9375
B: policy-aware (train thru Jun-2025),XGBoost,baseline,12225942,2025-07-11 00:00:00,445000.0,511414.4375
B: policy-aware (train thru Jun-2025),XGBoost,baseline,12244224,2025-07-12 00:00:00,665000.0,654276.5
B: policy-aware (train thru Jun-2025),XGBoost,baseline,12372540,2025-07-14 00:00:00,425000.0,350516.90625
B: policy-aware (train thru Jun-2025),XGBoost,baseline,12217735,2025-07-14 00:00:00,373000.0,397167.75
B: policy-aware (train thru Jun-2025),XGBoost,baseline,2285138,2025-07-14 00:00:00,300000.0,339533.09375
B: policy-aware (train thru Jun-2025),XGBoost,baseline,12282199,2025-07-14 00:00:00,600000.0,495179.46875
B: policy-aware (train thru Jun-2025),XGBoost,baseline,12035616,2025-07-15 00:00:00,859000.0,698878.375
B: policy-aware (train thru Jun-2025),XGBoost,baseline,12449333,2025-07-15 00:00:00,650000.0,625364.9375
B: policy-aware (train thru Jun-2025),XGBoost,baseline,12422227,2025-07-15 00:00:00,585000.0,572109.6875
B: policy-aware (train thru Jun-2025),XGBoost,baseline,12343800,2025-07-15 00:00:00,630000.0,641910.5
B: policy-aware (train thru Jun-2025),XGBoost,baseline,12142551,2025-07-16 00:00:00,785000.0,642638.1875
B: policy-aware (train thru Jun-2025),XGBoost,baseline,12292656,2025-07-16 00:00:00,587391.0,569295.8125
B: policy-aware (train thru Jun-2025),XGBoost,baseline,12231856,2025-07-16 00:00:00,785000.0,720815.0
B: policy-aware (train thru Jun-2025),XGBoost,baseline,12294592,2025-07-16 00:00:00,589000.0,500451.59375
B: policy-aware (train thru Jun-2025),XGBoost,baseline,12418627,2025-07-17 00:00:00,430000.0,386606.6875
B: policy-aware (train thru Jun-2025),XGBoost,baseline,12285469,2025-07-17 00:00:00,370000.0,340588.71875
B: policy-aware (train thru Jun-2025),XGBoost,baseline,12308654,2025-07-17 00:00:00,524000.0,498536.15625
B: policy-aware (train thru Jun-2025),XGBoost,baseline,12076397,2025-07-17 00:00:00,295000.0,271617.46875
B: policy-aware (train thru Jun-2025),XGBoost,baseline,12271833,2025-07-18 00:00:00,677000.0,632812.5625
B: policy-aware (train thru Jun-2025),XGBoost,baseline,12479108,2025-07-18 00:00:00,340000.0,324151.28125
B: policy-aware (train thru Jun-2025),XGBoost,baseline,12238677,2025-07-18 00:00:00,600000.0,546885.25
B: policy-aware (train thru Jun-2025),XGBoost,baseline,12407311,2025-07-18 00:00:00,680000.0,715324.9375
B: policy-aware (train thru Jun-2025),XGBoost,baseline,12265338,2025-07-19 00:00:00,486000.0,378825.78125
B: policy-aware (train thru Jun-2025),XGBoost,baseline,12309927,2025-07-20 00:00:00,517250.0,352274.59375
B: policy-aware (train thru Jun-2025),XGBoost,baseline,12241785,2025-07-21 00:00:00,670000.0,710758.6875
B: policy-aware (train thru Jun-2025),XGBoost,baseline,12240706,2025-07-21 00:00:00,400000.0,405405.8125
B: policy-aware (train thru Jun-2025),XGBoost,baseline,11974381,2025-07-21 00:00:00,305000.0,304423.3125
B: policy-aware (train thru Jun-2025),XGBoost,baseline,12449326,2025-07-21 00:00:00,660000.0,617291.625
B: policy-aware (train thru Jun-2025),XGBoost,baseline,12423977,2025-07-21 00:00:00,440000.0,400921.5625
B: policy-aware (train thru Jun-2025),XGBoost,baseline,12496658,2025-07-21 00:00:00,710000.0,666796.75
B: policy-aware (train thru Jun-2025),XGBoost,baseline,12588020,2025-07-21 00:00:00,615000.0,649166.3125
B: policy-aware (train thru Jun-2025),XGBoost,baseline,12272867,2025-07-21 00:00:00,397500.0,394815.03125
B: policy-aware (train thru Jun-2025),XGBoost,baseline,12246726,2025-07-21 00:00:00,340000.0,302911.03125
B: policy-aware (train thru Jun-2025),XGBoost,baseline,12237448,2025-07-22 00:00:00,400000.0,394815.03125
B: policy-aware (train thru Jun-2025),XGBoost,baseline,12267483,2025-07-22 00:00:00,460000.0,718288.3125
B: policy-aware (train thru Jun-2025),XGBoost,baseline,12407310,2025-07-22 00:00:00,670000.0,693439.0
B: policy-aware (train thru Jun-2025),XGBoost,baseline,12266897,2025-07-23 00:00:00,483000.0,464925.65625
B: policy-aware (train thru Jun-2025),XGBoost,baseline,12243140,2025-07-23 00:00:00,764000.0,727858.125
B: policy-aware (train thru Jun-2025),XGBoost,baseline,12381223,2025-07-23 00:00:00,580000.0,588714.25
B: policy-aware (train thru Jun-2025),XGBoost,baseline,12444631,2025-07-23 00:00:00,680000.0,657968.9375
B: policy-aware (train thru Jun-2025),XGBoost,baseline,12323138,2025-07-23 00:00:00,460000.0,418310.3125
B: policy-aware (train thru Jun-2025),XGBoost,baseline,12310842,2025-07-24 00:00:00,385000.0,473065.75
B: policy-aware (train thru Jun-2025),XGBoost,baseline,12204988,2025-07-24 00:00:00,670123.0,592372.1875
B: policy-aware (train thru Jun-2025),XGBoost,baseline,12271431,2025-07-24 00:00:00,427500.0,363197.84375
B: policy-aware (train thru Jun-2025),XGBoost,baseline,12286809,2025-07-24 00:00:00,850000.0,715005.75
B: policy-aware (train thru Jun-2025),XGBoost,baseline,12306512,2025-07-24 00:00:00,765000.0,795650.8125
B: policy-aware (train thru Jun-2025),XGBoost,baseline,12292975,2025-07-25 00:00:00,291000.0,336563.25
B: policy-aware (train thru Jun-2025),XGBoost,baseline,12305825,2025-07-27 00:00:00,721000.0,733108.0
B: policy-aware (train thru Jun-2025),XGBoost,baseline,12239410,2025-07-28 00:00:00,684000.0,589029.3125
B: policy-aware (train thru Jun-2025),XGBoost,baseline,12306210,2025-07-28 00:00:00,457750.0,458332.65625
B: policy-aware (train thru Jun-2025),XGBoost,baseline,12152965,2025-07-28 00:00:00,305000.0,298815.5
B: policy-aware (train thru Jun-2025),XGBoost,baseline,12311260,2025-07-28 00:00:00,350000.0,307261.875
B: policy-aware (train thru Jun-2025),XGBoost,baseline,12143995,2025-07-28 00:00:00,445000.0,428523.1875
B: policy-aware (train thru Jun-2025),XGBoost,baseline,12395622,2025-07-28 00:00:00,625000.0,636725.0
B: policy-aware (train thru Jun-2025),XGBoost,baseline,11863668,2025-07-29 00:00:00,465000.0,649198.5
B: policy-aware (train thru Jun-2025),XGBoost,baseline,12234144,2025-07-29 00:00:00,285000.0,295553.96875
B: policy-aware (train thru Jun-2025),XGBoost,baseline,12307952,2025-07-29 00:00:00,760000.0,699436.4375
B: policy-aware (train thru Jun-2025),XGBoost,baseline,12303126,2025-07-29 00:00:00,457391.0,492852.5625
B: policy-aware (train thru Jun-2025),XGBoost,baseline,12058224,2025-07-29 00:00:00,310000.0,350371.875
B: policy-aware (train thru Jun-2025),XGBoost,baseline,12277578,2025-07-29 00:00:00,431000.0,432325.90625
B: policy-aware (train thru Jun-2025),XGBoost,baseline,12290022,2025-07-29 00:00:00,860000.0,855179.75
B: policy-aware (train thru Jun-2025),XGBoost,baseline,12321337,2025-07-29 00:00:00,147000.0,176970.6875
B: policy-aware (train thru Jun-2025),XGBoost,baseline,12300636,2025-07-30 00:00:00,600000.0,472374.1875
B: policy-aware (train thru Jun-2025),XGBoost,baseline,11667437,2025-07-30 00:00:00,370000.0,331892.75
B: policy-aware (train thru Jun-2025),XGBoost,baseline,12291781,2025-07-30 00:00:00,830000.0,689902.6875
B: policy-aware (train thru Jun-2025),XGBoost,baseline,12285906,2025-07-30 00:00:00,290000.0,333330.0
B: policy-aware (train thru Jun-2025),XGBoost,baseline,12286334,2025-07-30 00:00:00,850000.0,649692.75
B: policy-aware (train thru Jun-2025),XGBoost,baseline,12322373,2025-07-31 00:00:00,482000.0,381108.6875
B: policy-aware (train thru Jun-2025),XGBoost,baseline,12174975,2025-07-31 00:00:00,545000.0,553103.3125
B: policy-aware (train thru Jun-2025),XGBoost,baseline,12231550,2025-07-31 00:00:00,635000.0,617115.0
B: policy-aware (train thru Jun-2025),XGBoost,baseline,12251569,2025-07-31 00:00:00,415000.0,400214.09375
B: policy-aware (train thru Jun-2025),XGBoost,baseline,12284120,2025-07-31 00:00:00,595000.0,504509.46875
B: policy-aware (train thru Jun-2025),XGBoost,baseline,12256327,2025-08-01 00:00:00,700000.0,649848.875
B: policy-aware (train thru Jun-2025),XGBoost,baseline,12096782,2025-08-01 00:00:00,65000.0,307287.09375
B: policy-aware (train thru Jun-2025),XGBoost,baseline,12343898,2025-08-02 00:00:00,340000.0,343295.34375
B: policy-aware (train thru Jun-2025),XGBoost,baseline,12259603,2025-08-02 00:00:00,806000.0,776869.75
B: policy-aware (train thru Jun-2025),XGBoost,baseline,12529557,2025-08-04 00:00:00,645000.0,639139.0625
B: policy-aware (train thru Jun-2025),XGBoost,baseline,12291179,2025-08-04 00:00:00,280000.0,312196.125
B: policy-aware (train thru Jun-2025),XGBoost,baseline,12327048,2025-08-04 00:00:00,683000.0,569341.9375
B: policy-aware (train thru Jun-2025),XGBoost,baseline,12480680,2025-08-04 00:00:00,587500.0,509634.90625
B: policy-aware (train thru Jun-2025),XGBoost,baseline,12218696,2025-08-04 00:00:00,340000.0,390956.15625
B: policy-aware (train thru Jun-2025),XGBoost,baseline,12318528,2025-08-04 00:00:00,755000.0,715962.375
B: policy-aware (train thru Jun-2025),XGBoost,baseline,12301619,2025-08-04 00:00:00,310000.0,292973.84375
B: policy-aware (train thru Jun-2025),XGBoost,baseline,12290689,2025-08-05 00:00:00,435000.0,463757.90625
B: policy-aware (train thru Jun-2025),XGBoost,baseline,12285868,2025-08-05 00:00:00,750000.0,655768.25
B: policy-aware (train thru Jun-2025),XGBoost,baseline,12336189,2025-08-05 00:00:00,717000.0,635497.75
B: policy-aware (train thru Jun-2025),XGBoost,baseline,12498360,2025-08-05 00:00:00,515500.0,469725.09375
B: policy-aware (train thru Jun-2025),XGBoost,baseline,12285872,2025-08-05 00:00:00,400000.0,418989.84375
B: policy-aware (train thru Jun-2025),XGBoost,baseline,12274384,2025-08-05 00:00:00,560000.0,478079.625
B: policy-aware (train thru Jun-2025),XGBoost,baseline,12213277,2025-08-05 00:00:00,850000.0,762758.25
B: policy-aware (train thru Jun-2025),XGBoost,baseline,12536111,2025-08-05 00:00:00,665000.0,665564.875
B: policy-aware (train thru Jun-2025),XGBoost,baseline,12271719,2025-08-05 00:00:00,375000.0,385438.1875
B: policy-aware (train thru Jun-2025),XGBoost,baseline,12427743,2025-08-05 00:00:00,695000.0,695389.3125
B: policy-aware (train thru Jun-2025),XGBoost,baseline,12369653,2025-08-06 00:00:00,390000.0,382982.5
B: policy-aware (train thru Jun-2025),XGBoost,baseline,12369701,2025-08-06 00:00:00,410000.0,372425.875
B: policy-aware (train thru Jun-2025),XGBoost,baseline,12498466,2025-08-06 00:00:00,515500.0,489184.125
B: policy-aware (train thru Jun-2025),XGBoost,baseline,12267859,2025-08-06 00:00:00,498000.0,462970.4375
B: policy-aware (train thru Jun-2025),XGBoost,baseline,12326006,2025-08-06 00:00:00,460000.0,427619.75
B: policy-aware (train thru Jun-2025),XGBoost,baseline,12345180,2025-08-06 00:00:00,645000.0,750730.125
B: policy-aware (train thru Jun-2025),XGBoost,baseline,12487276,2025-08-07 00:00:00,625000.0,581080.875
B: policy-aware (train thru Jun-2025),XGBoost,baseline,3954776,2025-08-07 00:00:00,312000.0,303575.3125
B: policy-aware (train thru Jun-2025),XGBoost,baseline,12295537,2025-08-07 00:00:00,305000.0,295992.0
B: policy-aware (train thru Jun-2025),XGBoost,baseline,12308995,2025-08-07 00:00:00,886200.0,804007.6875
B: policy-aware (train thru Jun-2025),XGBoost,baseline,12292767,2025-08-07 00:00:00,359500.0,260489.75
B: policy-aware (train thru Jun-2025),XGBoost,baseline,12341214,2025-08-08 00:00:00,360000.0,328924.1875
B: policy-aware (train thru Jun-2025),XGBoost,baseline,12428368,2025-08-08 00:00:00,265000.0,310465.4375
B: policy-aware (train thru Jun-2025),XGBoost,baseline,12337989,2025-08-08 00:00:00,710000.0,544259.8125
B: policy-aware (train thru Jun-2025),XGBoost,baseline,12291609,2025-08-08 00:00:00,625000.0,614370.9375
B: policy-aware (train thru Jun-2025),XGBoost,baseline,12371498,2025-08-08 00:00:00,592000.0,639640.9375
B: policy-aware (train thru Jun-2025),XGBoost,baseline,12422327,2025-08-08 00:00:00,550000.0,582449.5625
B: policy-aware (train thru Jun-2025),XGBoost,baseline,12292777,2025-08-08 00:00:00,360000.0,344734.3125
B: policy-aware (train thru Jun-2025),XGBoost,baseline,12458139,2025-08-08 00:00:00,253000.0,358110.9375
B: policy-aware (train thru Jun-2025),XGBoost,baseline,12342133,2025-08-09 00:00:00,465000.0,427123.3125
B: policy-aware (train thru Jun-2025),XGBoost,baseline,12268920,2025-08-09 00:00:00,280000.0,295992.0
B: policy-aware (train thru Jun-2025),XGBoost,baseline,12357128,2025-08-10 00:00:00,425000.0,401749.8125
B: policy-aware (train thru Jun-2025),XGBoost,baseline,12274249,2025-08-10 00:00:00,310000.0,390289.71875
B: policy-aware (train thru Jun-2025),XGBoost,baseline,12520879,2025-08-10 00:00:00,380000.0,347503.03125
B: policy-aware (train thru Jun-2025),XGBoost,baseline,12480681,2025-08-10 00:00:00,560000.0,541588.625
B: policy-aware (train thru Jun-2025),XGBoost,baseline,12271355,2025-08-11 00:00:00,890000.0,772782.0
B: policy-aware (train thru Jun-2025),XGBoost,baseline,12354140,2025-08-11 00:00:00,343000.0,320959.1875
B: policy-aware (train thru Jun-2025),XGBoost,baseline,12341229,2025-08-11 00:00:00,485000.0,432863.46875
B: policy-aware (train thru Jun-2025),XGBoost,baseline,12071385,2025-08-11 00:00:00,810000.0,859527.9375
B: policy-aware (train thru Jun-2025),XGBoost,baseline,12342918,2025-08-11 00:00:00,900000.0,750624.9375
B: policy-aware (train thru Jun-2025),XGBoost,baseline,12210457,2025-08-12 00:00:00,815000.0,857802.5
B: policy-aware (train thru Jun-2025),XGBoost,baseline,12649292,2025-08-12 00:00:00,540000.0,494925.9375
B: policy-aware (train thru Jun-2025),XGBoost,baseline,12515409,2025-08-12 00:00:00,660000.0,568058.1875
B: policy-aware (train thru Jun-2025),XGBoost,baseline,12462863,2025-08-12 00:00:00,710000.0,736510.9375
B: policy-aware (train thru Jun-2025),XGBoost,baseline,12452979,2025-08-12 00:00:00,600000.0,551142.4375
B: policy-aware (train thru Jun-2025),XGBoost,baseline,12361694,2025-08-13 00:00:00,515000.0,485471.25
B: policy-aware (train thru Jun-2025),XGBoost,baseline,11518222,2025-08-14 00:00:00,780000.0,795165.3125
B: policy-aware (train thru Jun-2025),XGBoost,baseline,12326712,2025-08-14 00:00:00,710000.0,673828.5625
B: policy-aware (train thru Jun-2025),XGBoost,baseline,12266114,2025-08-14 00:00:00,290000.0,286992.53125
B: policy-aware (train thru Jun-2025),XGBoost,baseline,12231533,2025-08-14 00:00:00,459000.0,409957.78125
B: policy-aware (train thru Jun-2025),XGBoost,baseline,12365397,2025-08-14 00:00:00,735000.0,602843.125
B: policy-aware (train thru Jun-2025),XGBoost,baseline,12308376,2025-08-14 00:00:00,880000.0,695825.8125
B: policy-aware (train thru Jun-2025),XGBoost,baseline,12248994,2025-08-14 00:00:00,415000.0,366478.875
B: policy-aware (train thru Jun-2025),XGBoost,baseline,12415839,2025-08-14 00:00:00,690000.0,657884.8125
B: policy-aware (train thru Jun-2025),XGBoost,baseline,12321038,2025-08-14 00:00:00,810000.0,620796.625
B: policy-aware (train thru Jun-2025),XGBoost,baseline,12296873,2025-08-14 00:00:00,485000.0,425864.0625
B: policy-aware (train thru Jun-2025),XGBoost,baseline,12322858,2025-08-14 00:00:00,830000.0,650579.375
B: policy-aware (train thru Jun-2025),XGBoost,baseline,12488461,2025-08-15 00:00:00,530000.0,621489.6875
B: policy-aware (train thru Jun-2025),XGBoost,baseline,12152185,2025-08-15 00:00:00,450000.0,403166.5
B: policy-aware (train thru Jun-2025),XGBoost,baseline,12364331,2025-08-15 00:00:00,660000.0,607644.3125
B: policy-aware (train thru Jun-2025),XGBoost,baseline,12326218,2025-08-15 00:00:00,766000.0,651570.375
B: policy-aware (train thru Jun-2025),XGBoost,baseline,12305632,2025-08-15 00:00:00,455000.0,395382.84375
B: policy-aware (train thru Jun-2025),XGBoost,baseline,12477701,2025-08-15 00:00:00,275000.0,268721.1875
B: policy-aware (train thru Jun-2025),XGBoost,baseline,12337439,2025-08-15 00:00:00,545000.0,471534.34375
B: policy-aware (train thru Jun-2025),XGBoost,baseline,12515501,2025-08-17 00:00:00,695000.0,611356.25
B: policy-aware (train thru Jun-2025),XGBoost,baseline,12506355,2025-08-18 00:00:00,530000.0,467290.46875
B: policy-aware (train thru Jun-2025),XGBoost,baseline,12506353,2025-08-18 00:00:00,520000.0,455860.125
B: policy-aware (train thru Jun-2025),XGBoost,baseline,12506350,2025-08-18 00:00:00,535000.0,467854.5625
B: policy-aware (train thru Jun-2025),XGBoost,baseline,12379698,2025-08-18 00:00:00,180000.0,178075.1875
B: policy-aware (train thru Jun-2025),XGBoost,baseline,12377612,2025-08-18 00:00:00,700000.0,611402.875
B: policy-aware (train thru Jun-2025),XGBoost,baseline,12506352,2025-08-18 00:00:00,550000.0,464521.90625
B: policy-aware (train thru Jun-2025),XGBoost,baseline,12544546,2025-08-18 00:00:00,620000.0,509223.90625
B: policy-aware (train thru Jun-2025),XGBoost,baseline,12506351,2025-08-18 00:00:00,520000.0,464521.90625
B: policy-aware (train thru Jun-2025),XGBoost,baseline,12506354,2025-08-18 00:00:00,530000.0,470433.875
B: policy-aware (train thru Jun-2025),XGBoost,baseline,12361318,2025-08-19 00:00:00,345000.0,319700.25
B: policy-aware (train thru Jun-2025),XGBoost,baseline,12481996,2025-08-19 00:00:00,675000.0,727994.1875
B: policy-aware (train thru Jun-2025),XGBoost,baseline,11883759,2025-08-19 00:00:00,627000.0,621179.75
B: policy-aware (train thru Jun-2025),XGBoost,baseline,12453872,2025-08-19 00:00:00,630000.0,598186.5625
B: policy-aware (train thru Jun-2025),XGBoost,baseline,12228550,2025-08-20 00:00:00,920000.0,858034.0625
B: policy-aware (train thru Jun-2025),XGBoost,baseline,12451919,2025-08-20 00:00:00,635000.0,564769.625
B: policy-aware (train thru Jun-2025),XGBoost,baseline,12523885,2025-08-20 00:00:00,415000.0,361017.40625
B: policy-aware (train thru Jun-2025),XGBoost,baseline,12335706,2025-08-20 00:00:00,710000.0,660592.625
B: policy-aware (train thru Jun-2025),XGBoost,baseline,12297517,2025-08-20 00:00:00,670000.0,561254.375
B: policy-aware (train thru Jun-2025),XGBoost,baseline,12415460,2025-08-21 00:00:00,615000.0,622282.0
B: policy-aware (train thru Jun-2025),XGBoost,baseline,12320872,2025-08-21 00:00:00,475000.0,345579.59375
B: policy-aware (train thru Jun-2025),XGBoost,baseline,12538458,2025-08-21 00:00:00,400000.0,356829.125
B: policy-aware (train thru Jun-2025),XGBoost,baseline,11919182,2025-08-21 00:00:00,825000.0,560620.4375
B: policy-aware (train thru Jun-2025),XGBoost,baseline,11937606,2025-08-21 00:00:00,482500.0,458844.78125
B: policy-aware (train thru Jun-2025),XGBoost,baseline,12475586,2025-08-21 00:00:00,465000.0,525085.875
B: policy-aware (train thru Jun-2025),XGBoost,baseline,12338628,2025-08-21 00:00:00,332000.0,338245.1875
B: policy-aware (train thru Jun-2025),XGBoost,baseline,12378643,2025-08-21 00:00:00,680000.0,586588.0
B: policy-aware (train thru Jun-2025),XGBoost,baseline,12374050,2025-08-21 00:00:00,289000.0,284367.25
B: policy-aware (train thru Jun-2025),XGBoost,baseline,12415757,2025-08-22 00:00:00,500000.0,420094.53125
B: policy-aware (train thru Jun-2025),XGBoost,baseline,12368360,2025-08-22 00:00:00,365000.0,313392.3125
B: policy-aware (train thru Jun-2025),XGBoost,baseline,12491316,2025-08-22 00:00:00,845000.0,842864.5625
B: policy-aware (train thru Jun-2025),XGBoost,baseline,12116618,2025-08-22 00:00:00,895000.0,719505.25
B: policy-aware (train thru Jun-2025),XGBoost,baseline,12391727,2025-08-22 00:00:00,430000.0,368258.65625
B: policy-aware (train thru Jun-2025),XGBoost,baseline,12345866,2025-08-25 00:00:00,620000.0,529424.25
B: policy-aware (train thru Jun-2025),XGBoost,baseline,12377181,2025-08-25 00:00:00,480000.0,337485.71875
B: policy-aware (train thru Jun-2025),XGBoost,baseline,12716880,2025-08-25 00:00:00,270000.0,327011.875
B: policy-aware (train thru Jun-2025),XGBoost,baseline,12536110,2025-08-25 00:00:00,595000.0,553048.4375
B: policy-aware (train thru Jun-2025),XGBoost,baseline,12597436,2025-08-25 00:00:00,700000.0,719638.375
B: policy-aware (train thru Jun-2025),XGBoost,baseline,12378183,2025-08-25 00:00:00,720000.0,636545.9375
B: policy-aware (train thru Jun-2025),XGBoost,baseline,12274471,2025-08-25 00:00:00,400000.0,390341.0625
B: policy-aware (train thru Jun-2025),XGBoost,baseline,12275240,2025-08-25 00:00:00,485000.0,448612.90625
B: policy-aware (train thru Jun-2025),XGBoost,baseline,12355936,2025-08-26 00:00:00,455750.0,396685.5
B: policy-aware (train thru Jun-2025),XGBoost,baseline,12511448,2025-08-26 00:00:00,600000.0,552790.0625
B: policy-aware (train thru Jun-2025),XGBoost,baseline,12339478,2025-08-26 00:00:00,485000.0,483173.34375
B: policy-aware (train thru Jun-2025),XGBoost,baseline,12184967,2025-08-26 00:00:00,793000.0,686827.8125
B: policy-aware (train thru Jun-2025),XGBoost,baseline,12339742,2025-08-26 00:00:00,578000.0,534908.4375
B: policy-aware (train thru Jun-2025),XGBoost,baseline,12575429,2025-08-27 00:00:00,535000.0,455691.03125
B: policy-aware (train thru Jun-2025),XGBoost,baseline,12346378,2025-08-27 00:00:00,701000.0,610623.8125
B: policy-aware (train thru Jun-2025),XGBoost,baseline,12392440,2025-08-27 00:00:00,350000.0,327756.53125
B: policy-aware (train thru Jun-2025),XGBoost,baseline,12380665,2025-08-27 00:00:00,310000.0,295912.6875
B: policy-aware (train thru Jun-2025),XGBoost,baseline,12397802,2025-08-28 00:00:00,695000.0,634053.375
B: policy-aware (train thru Jun-2025),XGBoost,baseline,12566459,2025-08-28 00:00:00,710000.0,759549.8125
B: policy-aware (train thru Jun-2025),XGBoost,baseline,12421191,2025-08-28 00:00:00,750000.0,752607.5625
B: policy-aware (train thru Jun-2025),XGBoost,baseline,12379492,2025-08-28 00:00:00,760000.0,676224.625
B: policy-aware (train thru Jun-2025),XGBoost,baseline,12585673,2025-08-28 00:00:00,712500.0,641098.6875
B: policy-aware (train thru Jun-2025),XGBoost,baseline,12587272,2025-08-28 00:00:00,950000.0,651197.0
B: policy-aware (train thru Jun-2025),XGBoost,baseline,12287152,2025-08-28 00:00:00,590000.0,560531.6875
B: policy-aware (train thru Jun-2025),XGBoost,baseline,12281562,2025-08-29 00:00:00,790000.0,553867.125
B: policy-aware (train thru Jun-2025),XGBoost,baseline,12523912,2025-08-29 00:00:00,680000.0,567244.5625
B: policy-aware (train thru Jun-2025),XGBoost,baseline,12285848,2025-08-29 00:00:00,780000.0,661499.8125
B: policy-aware (train thru Jun-2025),XGBoost,baseline,12579892,2025-08-31 00:00:00,315000.0,269127.6875
B: policy-aware (train thru Jun-2025),XGBoost,baseline,12544547,2025-08-31 00:00:00,315000.0,269127.6875
B: policy-aware (train thru Jun-2025),XGBoost,baseline,12562557,2025-08-31 00:00:00,600000.0,458126.84375
B: policy-aware (train thru Jun-2025),XGBoost,baseline,12585547,2025-08-31 00:00:00,650000.0,548817.3125
B: policy-aware (train thru Jun-2025),XGBoost,baseline,12496432,2025-09-01 00:00:00,540000.0,529523.25
B: policy-aware (train thru Jun-2025),XGBoost,baseline,12236753,2025-09-01 00:00:00,850000.0,811919.5
B: policy-aware (train thru Jun-2025),XGBoost,baseline,12434974,2025-09-01 00:00:00,690000.0,582890.8125
B: policy-aware (train thru Jun-2025),XGBoost,baseline,12185370,2025-09-01 00:00:00,645000.0,712470.1875
B: policy-aware (train thru Jun-2025),XGBoost,baseline,12365384,2025-09-02 00:00:00,472500.0,442409.4375
B: policy-aware (train thru Jun-2025),XGBoost,baseline,12420647,2025-09-02 00:00:00,355000.0,349356.21875
B: policy-aware (train thru Jun-2025),XGBoost,baseline,12368890,2025-09-02 00:00:00,555000.0,499984.5625
B: policy-aware (train thru Jun-2025),XGBoost,baseline,12413835,2025-09-02 00:00:00,527500.0,532685.3125
B: policy-aware (train thru Jun-2025),XGBoost,baseline,12419693,2025-09-02 00:00:00,911500.0,836152.1875
B: policy-aware (train thru Jun-2025),XGBoost,baseline,12576388,2025-09-02 00:00:00,400000.0,318700.875
B: policy-aware (train thru Jun-2025),XGBoost,baseline,12472874,2025-09-02 00:00:00,490000.0,656078.5
B: policy-aware (train thru Jun-2025),XGBoost,baseline,12380221,2025-09-03 00:00:00,742888.0,541813.3125
B: policy-aware (train thru Jun-2025),XGBoost,baseline,12491336,2025-09-03 00:00:00,390000.0,347340.34375
B: policy-aware (train thru Jun-2025),XGBoost,baseline,12475804,2025-09-03 00:00:00,542000.0,528813.6875
B: policy-aware (train thru Jun-2025),XGBoost,baseline,12277743,2025-09-03 00:00:00,740000.0,607048.25
B: policy-aware (train thru Jun-2025),XGBoost,baseline,12361652,2025-09-03 00:00:00,413000.0,384368.5625
B: policy-aware (train thru Jun-2025),XGBoost,baseline,12195211,2025-09-03 00:00:00,340000.0,375138.9375
B: policy-aware (train thru Jun-2025),XGBoost,baseline,11810238,2025-09-03 00:00:00,405000.0,452272.46875
B: policy-aware (train thru Jun-2025),XGBoost,baseline,12437199,2025-09-04 00:00:00,620000.0,681043.625
B: policy-aware (train thru Jun-2025),XGBoost,baseline,12596599,2025-09-04 00:00:00,715000.0,628334.8125
B: policy-aware (train thru Jun-2025),XGBoost,baseline,12393768,2025-09-04 00:00:00,425000.0,411517.1875
B: policy-aware (train thru Jun-2025),XGBoost,baseline,12405822,2025-09-04 00:00:00,753371.0,670685.1875
B: policy-aware (train thru Jun-2025),XGBoost,baseline,12416236,2025-09-04 00:00:00,795000.0,758276.0
B: policy-aware (train thru Jun-2025),XGBoost,baseline,12587931,2025-09-04 00:00:00,600000.0,597120.125
B: policy-aware (train thru Jun-2025),XGBoost,baseline,12429559,2025-09-04 00:00:00,695000.0,663518.5
B: policy-aware (train thru Jun-2025),XGBoost,baseline,12279870,2025-09-05 00:00:00,507000.0,458002.75
B: policy-aware (train thru Jun-2025),XGBoost,baseline,12373088,2025-09-05 00:00:00,675000.0,614657.5
B: policy-aware (train thru Jun-2025),XGBoost,baseline,12585548,2025-09-07 00:00:00,650000.0,563215.75
B: policy-aware (train thru Jun-2025),XGBoost,baseline,12407003,2025-09-07 00:00:00,745000.0,493434.78125
B: policy-aware (train thru Jun-2025),XGBoost,baseline,12585545,2025-09-07 00:00:00,640000.0,578257.0625
B: policy-aware (train thru Jun-2025),XGBoost,baseline,12360186,2025-09-08 00:00:00,790000.0,570173.875
B: policy-aware (train thru Jun-2025),XGBoost,baseline,12210628,2025-09-08 00:00:00,380000.0,327633.09375
B: policy-aware (train thru Jun-2025),XGBoost,baseline,12563049,2025-09-08 00:00:00,760000.0,774884.5
B: policy-aware (train thru Jun-2025),XGBoost,baseline,12326735,2025-09-08 00:00:00,660000.0,462575.4375
B: policy-aware (train thru Jun-2025),XGBoost,baseline,12322212,2025-09-08 00:00:00,148000.0,159974.296875
B: policy-aware (train thru Jun-2025),XGBoost,baseline,12338638,2025-09-08 00:00:00,775500.0,728498.4375
B: policy-aware (train thru Jun-2025),XGBoost,baseline,12430363,2025-09-08 00:00:00,827000.0,650140.25
B: policy-aware (train thru Jun-2025),XGBoost,baseline,12383432,2025-09-09 00:00:00,480000.0,458173.15625
B: policy-aware (train thru Jun-2025),XGBoost,baseline,12427498,2025-09-09 00:00:00,792500.0,759162.375
B: policy-aware (train thru Jun-2025),XGBoost,baseline,12546094,2025-09-09 00:00:00,610000.0,583732.4375
B: policy-aware (train thru Jun-2025),XGBoost,baseline,12383368,2025-09-09 00:00:00,480500.0,461895.25
B: policy-aware (train thru Jun-2025),XGBoost,baseline,12397801,2025-09-09 00:00:00,545000.0,566902.1875
B: policy-aware (train thru Jun-2025),XGBoost,baseline,12366442,2025-09-09 00:00:00,630000.0,640826.625
B: policy-aware (train thru Jun-2025),XGBoost,baseline,12563909,2025-09-09 00:00:00,615000.0,557015.1875
B: policy-aware (train thru Jun-2025),XGBoost,baseline,12107312,2025-09-09 00:00:00,612000.0,638889.1875
B: policy-aware (train thru Jun-2025),XGBoost,baseline,12603467,2025-09-09 00:00:00,440000.0,437294.8125
B: policy-aware (train thru Jun-2025),XGBoost,baseline,12437623,2025-09-09 00:00:00,542500.0,517088.65625
B: policy-aware (train thru Jun-2025),XGBoost,baseline,12329779,2025-09-10 00:00:00,510000.0,393565.0625
B: policy-aware (train thru Jun-2025),XGBoost,baseline,12456077,2025-09-10 00:00:00,730000.0,708678.0625
B: policy-aware (train thru Jun-2025),XGBoost,baseline,12395747,2025-09-10 00:00:00,567500.0,523594.71875
B: policy-aware (train thru Jun-2025),XGBoost,baseline,12589403,2025-09-10 00:00:00,700000.0,657806.4375
B: policy-aware (train thru Jun-2025),XGBoost,baseline,12636124,2025-09-11 00:00:00,360000.0,388366.78125
B: policy-aware (train thru Jun-2025),XGBoost,baseline,12403538,2025-09-11 00:00:00,650000.0,549928.0625
B: policy-aware (train thru Jun-2025),XGBoost,baseline,12357877,2025-09-11 00:00:00,375000.0,347882.71875
B: policy-aware (train thru Jun-2025),XGBoost,baseline,12681389,2025-09-11 00:00:00,715000.0,666263.4375
B: policy-aware (train thru Jun-2025),XGBoost,baseline,12529893,2025-09-11 00:00:00,595000.0,555580.625
B: policy-aware (train thru Jun-2025),XGBoost,baseline,12281129,2025-09-12 00:00:00,390000.0,333498.21875
B: policy-aware (train thru Jun-2025),XGBoost,baseline,12358486,2025-09-12 00:00:00,400000.0,448429.84375
B: policy-aware (train thru Jun-2025),XGBoost,baseline,12432348,2025-09-12 00:00:00,628000.0,638146.9375
B: policy-aware (train thru Jun-2025),XGBoost,baseline,12492155,2025-09-12 00:00:00,562000.0,510066.6875
B: policy-aware (train thru Jun-2025),XGBoost,baseline,12458165,2025-09-12 00:00:00,650000.0,644051.8125
B: policy-aware (train thru Jun-2025),XGBoost,baseline,12552742,2025-09-14 00:00:00,550000.0,509119.0
B: policy-aware (train thru Jun-2025),XGBoost,baseline,12449253,2025-09-14 00:00:00,920000.0,735043.0
B: policy-aware (train thru Jun-2025),XGBoost,baseline,12449724,2025-09-15 00:00:00,745000.0,722393.625
B: policy-aware (train thru Jun-2025),XGBoost,baseline,12394471,2025-09-15 00:00:00,670000.0,649146.5
B: policy-aware (train thru Jun-2025),XGBoost,baseline,12379092,2025-09-15 00:00:00,982500.0,834165.0
B: policy-aware (train thru Jun-2025),XGBoost,baseline,12409226,2025-09-15 00:00:00,325000.0,296026.75
B: policy-aware (train thru Jun-2025),XGBoost,baseline,12374929,2025-09-15 00:00:00,266000.0,262118.515625
B: policy-aware (train thru Jun-2025),XGBoost,baseline,12454268,2025-09-15 00:00:00,677000.0,661055.1875
B: policy-aware (train thru Jun-2025),XGBoost,baseline,12059120,2025-09-15 00:00:00,955000.0,880593.5625
B: policy-aware (train thru Jun-2025),XGBoost,baseline,12356652,2025-09-16 00:00:00,665000.0,699607.25
B: policy-aware (train thru Jun-2025),XGBoost,baseline,12543035,2025-09-16 00:00:00,490000.0,471057.0
B: policy-aware (train thru Jun-2025),XGBoost,baseline,12091333,2025-09-16 00:00:00,605000.0,549043.5
B: policy-aware (train thru Jun-2025),XGBoost,baseline,12612230,2025-09-16 00:00:00,545000.0,448791.34375
B: policy-aware (train thru Jun-2025),XGBoost,baseline,12412116,2025-09-16 00:00:00,605000.0,663476.6875
B: policy-aware (train thru Jun-2025),XGBoost,baseline,12337871,2025-09-17 00:00:00,430000.0,389938.5
B: policy-aware (train thru Jun-2025),XGBoost,baseline,12526249,2025-09-17 00:00:00,545000.0,456831.0625
B: policy-aware (train thru Jun-2025),XGBoost,baseline,12515148,2025-09-17 00:00:00,560000.0,462588.25
B: policy-aware (train thru Jun-2025),XGBoost,baseline,12216228,2025-09-17 00:00:00,740000.0,752805.6875
B: policy-aware (train thru Jun-2025),XGBoost,baseline,12422783,2025-09-17 00:00:00,605000.0,490421.5
B: policy-aware (train thru Jun-2025),XGBoost,baseline,12457342,2025-09-18 00:00:00,230000.0,201884.890625
B: policy-aware (train thru Jun-2025),XGBoost,baseline,12360736,2025-09-18 00:00:00,520000.0,546221.1875
B: policy-aware (train thru Jun-2025),XGBoost,baseline,12475514,2025-09-18 00:00:00,310000.0,355548.15625
B: policy-aware (train thru Jun-2025),XGBoost,baseline,12660612,2025-09-18 00:00:00,715000.0,648560.5
B: policy-aware (train thru Jun-2025),XGBoost,baseline,12696262,2025-09-18 00:00:00,185000.0,251197.34375
B: policy-aware (train thru Jun-2025),XGBoost,baseline,12456495,2025-09-19 00:00:00,580259.0,543193.6875
B: policy-aware (train thru Jun-2025),XGBoost,baseline,12385637,2025-09-19 00:00:00,770000.0,716806.125
B: policy-aware (train thru Jun-2025),XGBoost,baseline,12223699,2025-09-19 00:00:00,365000.0,348381.0625
B: policy-aware (train thru Jun-2025),XGBoost,baseline,12458956,2025-09-19 00:00:00,460000.0,392719.96875
B: policy-aware (train thru Jun-2025),XGBoost,baseline,12454375,2025-09-19 00:00:00,520000.0,623867.375
B: policy-aware (train thru Jun-2025),XGBoost,baseline,12393249,2025-09-19 00:00:00,560000.0,554504.5
B: policy-aware (train thru Jun-2025),XGBoost,baseline,12477803,2025-09-19 00:00:00,415000.0,339556.71875
B: policy-aware (train thru Jun-2025),XGBoost,baseline,12342690,2025-09-19 00:00:00,510000.0,446412.4375
B: policy-aware (train thru Jun-2025),XGBoost,baseline,12485321,2025-09-19 00:00:00,530000.0,479224.46875
B: policy-aware (train thru Jun-2025),XGBoost,baseline,12518871,2025-09-20 00:00:00,585000.0,513250.09375
B: policy-aware (train thru Jun-2025),XGBoost,baseline,12695138,2025-09-21 00:00:00,757000.0,636768.75
B: policy-aware (train thru Jun-2025),XGBoost,baseline,12452206,2025-09-21 00:00:00,780000.0,638311.25
B: policy-aware (train thru Jun-2025),XGBoost,baseline,12459129,2025-09-22 00:00:00,730000.0,676268.5
B: policy-aware (train thru Jun-2025),XGBoost,baseline,10682551,2025-09-22 00:00:00,240000.0,208134.1875
B: policy-aware (train thru Jun-2025),XGBoost,baseline,12371984,2025-09-22 00:00:00,546000.0,482683.78125
B: policy-aware (train thru Jun-2025),XGBoost,baseline,11951242,2025-09-22 00:00:00,69500.0,234610.09375
B: policy-aware (train thru Jun-2025),XGBoost,baseline,10727846,2025-09-22 00:00:00,810000.0,766971.4375
B: policy-aware (train thru Jun-2025),XGBoost,baseline,12451427,2025-09-22 00:00:00,750000.0,669536.8125
B: policy-aware (train thru Jun-2025),XGBoost,baseline,12471749,2025-09-22 00:00:00,455000.0,516009.8125
B: policy-aware (train thru Jun-2025),XGBoost,baseline,12453814,2025-09-22 00:00:00,507500.0,427724.96875
B: policy-aware (train thru Jun-2025),XGBoost,baseline,12436203,2025-09-23 00:00:00,675000.0,632061.6875
B: policy-aware (train thru Jun-2025),XGBoost,baseline,12415931,2025-09-23 00:00:00,925000.0,766115.4375
B: policy-aware (train thru Jun-2025),XGBoost,baseline,12432463,2025-09-23 00:00:00,724376.0,486717.34375
B: policy-aware (train thru Jun-2025),XGBoost,baseline,12436643,2025-09-23 00:00:00,785000.0,647176.5
B: policy-aware (train thru Jun-2025),XGBoost,baseline,12474420,2025-09-23 00:00:00,399000.0,387043.84375
B: policy-aware (train thru Jun-2025),XGBoost,baseline,12354541,2025-09-23 00:00:00,555000.0,482461.5
B: policy-aware (train thru Jun-2025),XGBoost,baseline,12357051,2025-09-24 00:00:00,520000.0,422390.40625
B: policy-aware (train thru Jun-2025),XGBoost,baseline,12465472,2025-09-24 00:00:00,750000.0,701288.5625
B: policy-aware (train thru Jun-2025),XGBoost,baseline,12043677,2025-09-24 00:00:00,650000.0,633611.5
B: policy-aware (train thru Jun-2025),XGBoost,baseline,12439692,2025-09-24 00:00:00,860000.0,816880.875
B: policy-aware (train thru Jun-2025),XGBoost,baseline,12581418,2025-09-24 00:00:00,600000.0,612014.25
B: policy-aware (train thru Jun-2025),XGBoost,baseline,12553895,2025-09-24 00:00:00,740000.0,766306.125
B: policy-aware (train thru Jun-2025),XGBoost,baseline,10171254,2025-09-24 00:00:00,700000.0,574350.5
B: policy-aware (train thru Jun-2025),XGBoost,baseline,12467371,2025-09-24 00:00:00,450000.0,420244.78125
B: policy-aware (train thru Jun-2025),XGBoost,baseline,12434777,2025-09-24 00:00:00,775000.0,707165.75
B: policy-aware (train thru Jun-2025),XGBoost,baseline,12401860,2025-09-24 00:00:00,448000.0,390163.5625
B: policy-aware (train thru Jun-2025),XGBoost,baseline,12412656,2025-09-25 00:00:00,292000.0,310355.3125
B: policy-aware (train thru Jun-2025),XGBoost,baseline,12496018,2025-09-25 00:00:00,630000.0,629643.125
B: policy-aware (train thru Jun-2025),XGBoost,baseline,12816016,2025-09-25 00:00:00,760000.0,672726.125
B: policy-aware (train thru Jun-2025),XGBoost,baseline,11944850,2025-09-25 00:00:00,765000.0,668164.125
B: policy-aware (train thru Jun-2025),XGBoost,baseline,12708027,2025-09-25 00:00:00,900000.0,752735.3125
B: policy-aware (train thru Jun-2025),XGBoost,baseline,12462353,2025-09-25 00:00:00,390000.0,304316.21875
B: policy-aware (train thru Jun-2025),XGBoost,baseline,12466698,2025-09-25 00:00:00,656000.0,520103.0625
B: policy-aware (train thru Jun-2025),XGBoost,baseline,12455341,2025-09-25 00:00:00,865000.0,733780.1875
B: policy-aware (train thru Jun-2025),XGBoost,baseline,12146029,2025-09-26 00:00:00,496000.0,452710.46875
B: policy-aware (train thru Jun-2025),XGBoost,baseline,7720273,2025-09-26 00:00:00,615000.0,598799.5625
B: policy-aware (train thru Jun-2025),XGBoost,baseline,12707069,2025-09-26 00:00:00,498000.0,468550.21875
B: policy-aware (train thru Jun-2025),XGBoost,baseline,12469469,2025-09-26 00:00:00,880000.0,834921.875
B: policy-aware (train thru Jun-2025),XGBoost,baseline,11325267,2025-09-26 00:00:00,310000.0,242092.765625
B: policy-aware (train thru Jun-2025),XGBoost,baseline,12467825,2025-09-26 00:00:00,535000.0,561803.8125
B: policy-aware (train thru Jun-2025),XGBoost,baseline,12462862,2025-09-26 00:00:00,897500.0,731077.0
B: policy-aware (train thru Jun-2025),XGBoost,baseline,12326448,2025-09-27 00:00:00,450000.0,462315.6875
B: policy-aware (train thru Jun-2025),XGBoost,baseline,12462740,2025-09-29 00:00:00,865000.0,732557.3125
B: policy-aware (train thru Jun-2025),XGBoost,baseline,12362781,2025-09-29 00:00:00,670000.0,592385.6875
B: policy-aware (train thru Jun-2025),XGBoost,baseline,12456720,2025-09-29 00:00:00,520000.0,451280.65625
B: policy-aware (train thru Jun-2025),XGBoost,baseline,12543688,2025-09-29 00:00:00,292000.0,287668.8125
B: policy-aware (train thru Jun-2025),XGBoost,baseline,12172515,2025-09-30 00:00:00,385000.0,580726.875
B: policy-aware (train thru Jun-2025),XGBoost,baseline,9931390,2025-09-30 00:00:00,550000.0,649627.0625
B: policy-aware (train thru Jun-2025),XGBoost,baseline,12437573,2025-09-30 00:00:00,695000.0,640738.0625
B: policy-aware (train thru Jun-2025),XGBoost,baseline,12454877,2025-09-30 00:00:00,700000.0,556074.625
B: policy-aware (train thru Jun-2025),XGBoost,baseline,12462514,2025-09-30 00:00:00,920000.0,807235.3125
B: policy-aware (train thru Jun-2025),XGBoost,baseline,12703021,2025-10-01 00:00:00,635000.0,608978.0
B: policy-aware (train thru Jun-2025),XGBoost,baseline,12117244,2025-10-01 00:00:00,265000.0,293020.21875
B: policy-aware (train thru Jun-2025),XGBoost,baseline,12512638,2025-10-01 00:00:00,515000.0,455806.21875
B: policy-aware (train thru Jun-2025),XGBoost,baseline,12622772,2025-10-01 00:00:00,520000.0,481198.3125
B: policy-aware (train thru Jun-2025),XGBoost,baseline,12512753,2025-10-02 00:00:00,540000.0,493926.3125
B: policy-aware (train thru Jun-2025),XGBoost,baseline,12382208,2025-10-02 00:00:00,330000.0,291902.34375
B: policy-aware (train thru Jun-2025),XGBoost,baseline,10439863,2025-10-02 00:00:00,445000.0,503225.0
B: policy-aware (train thru Jun-2025),XGBoost,baseline,12742242,2025-10-02 00:00:00,600000.0,543167.25
B: policy-aware (train thru Jun-2025),XGBoost,baseline,12394823,2025-10-02 00:00:00,850000.0,660097.0
B: policy-aware (train thru Jun-2025),XGBoost,baseline,12451602,2025-10-02 00:00:00,405000.0,347190.65625
B: policy-aware (train thru Jun-2025),XGBoost,baseline,12363776,2025-10-03 00:00:00,465000.0,460027.375
B: policy-aware (train thru Jun-2025),XGBoost,baseline,12321244,2025-10-03 00:00:00,298000.0,267398.25
B: policy-aware (train thru Jun-2025),XGBoost,baseline,12444416,2025-10-03 00:00:00,400000.0,394684.0
B: policy-aware (train thru Jun-2025),XGBoost,baseline,12401461,2025-10-03 00:00:00,865867.0,860159.3125
B: policy-aware (train thru Jun-2025),XGBoost,baseline,12670791,2025-10-05 00:00:00,780000.0,747805.4375
B: policy-aware (train thru Jun-2025),XGBoost,baseline,12020429,2025-10-06 00:00:00,585000.0,529284.9375
B: policy-aware (train thru Jun-2025),XGBoost,baseline,12695136,2025-10-06 00:00:00,540000.0,635754.1875
B: policy-aware (train thru Jun-2025),XGBoost,baseline,12716794,2025-10-06 00:00:00,800000.0,711520.25
B: policy-aware (train thru Jun-2025),XGBoost,baseline,12432739,2025-10-07 00:00:00,405000.0,428251.5
B: policy-aware (train thru Jun-2025),XGBoost,baseline,12526827,2025-10-07 00:00:00,42000.0,390577.53125
B: policy-aware (train thru Jun-2025),XGBoost,baseline,12508381,2025-10-07 00:00:00,525000.0,525182.0625
B: policy-aware (train thru Jun-2025),XGBoost,baseline,12488268,2025-10-07 00:00:00,492500.0,413887.75
B: policy-aware (train thru Jun-2025),XGBoost,baseline,12585596,2025-10-07 00:00:00,522500.0,453888.46875
B: policy-aware (train thru Jun-2025),XGBoost,baseline,12515412,2025-10-07 00:00:00,835000.0,707933.0
B: policy-aware (train thru Jun-2025),XGBoost,baseline,12323129,2025-10-07 00:00:00,420000.0,432114.03125
B: policy-aware (train thru Jun-2025),XGBoost,baseline,12361114,2025-10-07 00:00:00,620000.0,580080.3125
B: policy-aware (train thru Jun-2025),XGBoost,baseline,12082266,2025-10-07 00:00:00,441000.0,468103.15625
B: policy-aware (train thru Jun-2025),XGBoost,baseline,12254673,2025-10-07 00:00:00,890000.0,740385.0
B: policy-aware (train thru Jun-2025),XGBoost,baseline,12680705,2025-10-07 00:00:00,490000.0,418778.90625
B: policy-aware (train thru Jun-2025),XGBoost,baseline,12210234,2025-10-07 00:00:00,920000.0,876783.25
B: policy-aware (train thru Jun-2025),XGBoost,baseline,12505609,2025-10-08 00:00:00,800000.0,706920.3125
B: policy-aware (train thru Jun-2025),XGBoost,baseline,12507830,2025-10-08 00:00:00,483500.0,342378.25
B: policy-aware (train thru Jun-2025),XGBoost,baseline,12439203,2025-10-08 00:00:00,647000.0,473045.90625
B: policy-aware (train thru Jun-2025),XGBoost,baseline,11939641,2025-10-09 00:00:00,510000.0,412530.5625
B: policy-aware (train thru Jun-2025),XGBoost,baseline,12649615,2025-10-09 00:00:00,497000.0,561563.8125
B: policy-aware (train thru Jun-2025),XGBoost,baseline,12496380,2025-10-10 00:00:00,490000.0,450630.375
B: policy-aware (train thru Jun-2025),XGBoost,baseline,12455402,2025-10-13 00:00:00,650000.0,656252.4375
B: policy-aware (train thru Jun-2025),XGBoost,baseline,12659211,2025-10-13 00:00:00,400000.0,404336.65625
B: policy-aware (train thru Jun-2025),XGBoost,baseline,12280773,2025-10-13 00:00:00,525000.0,519683.59375
B: policy-aware (train thru Jun-2025),XGBoost,baseline,12690954,2025-10-13 00:00:00,570000.0,552075.6875
B: policy-aware (train thru Jun-2025),XGBoost,baseline,12419400,2025-10-13 00:00:00,570000.0,517273.09375
B: policy-aware (train thru Jun-2025),XGBoost,baseline,12523849,2025-10-14 00:00:00,540000.0,454747.65625
B: policy-aware (train thru Jun-2025),XGBoost,baseline,12487951,2025-10-14 00:00:00,828000.0,679890.4375
B: policy-aware (train thru Jun-2025),XGBoost,baseline,12534919,2025-10-14 00:00:00,525000.0,465148.28125
B: policy-aware (train thru Jun-2025),XGBoost,baseline,12845005,2025-10-14 00:00:00,420000.0,398006.84375
B: policy-aware (train thru Jun-2025),XGBoost,baseline,12798742,2025-10-15 00:00:00,650000.0,561949.5625
B: policy-aware (train thru Jun-2025),XGBoost,baseline,12505245,2025-10-15 00:00:00,670000.0,620933.375
B: policy-aware (train thru Jun-2025),XGBoost,baseline,12359174,2025-10-15 00:00:00,400000.0,335655.1875
B: policy-aware (train thru Jun-2025),XGBoost,baseline,12538657,2025-10-15 00:00:00,755000.0,650934.375
B: policy-aware (train thru Jun-2025),XGBoost,baseline,12485237,2025-10-15 00:00:00,895000.0,675261.1875
B: policy-aware (train thru Jun-2025),XGBoost,baseline,12507361,2025-10-16 00:00:00,480000.0,508151.78125
B: policy-aware (train thru Jun-2025),XGBoost,baseline,12652768,2025-10-16 00:00:00,610000.0,644922.6875
B: policy-aware (train thru Jun-2025),XGBoost,baseline,12515569,2025-10-16 00:00:00,718123.0,636034.375
B: policy-aware (train thru Jun-2025),XGBoost,baseline,12483088,2025-10-17 00:00:00,985000.0,849156.875
B: policy-aware (train thru Jun-2025),XGBoost,baseline,11086778,2025-10-17 00:00:00,982500.0,849156.875
B: policy-aware (train thru Jun-2025),XGBoost,baseline,12500636,2025-10-18 00:00:00,782000.0,749422.5
B: policy-aware (train thru Jun-2025),XGBoost,baseline,12714102,2025-10-19 00:00:00,570000.0,460937.71875
B: policy-aware (train thru Jun-2025),XGBoost,baseline,12543670,2025-10-20 00:00:00,651500.0,597539.375
B: policy-aware (train thru Jun-2025),XGBoost,baseline,12558558,2025-10-21 00:00:00,560000.0,487527.53125
B: policy-aware (train thru Jun-2025),XGBoost,baseline,12732611,2025-10-21 00:00:00,597000.0,484481.0
B: policy-aware (train thru Jun-2025),XGBoost,baseline,12733725,2025-10-21 00:00:00,570000.0,434585.8125
B: policy-aware (train thru Jun-2025),XGBoost,baseline,12558187,2025-10-21 00:00:00,775000.0,668739.75
B: policy-aware (train thru Jun-2025),XGBoost,baseline,12529758,2025-10-21 00:00:00,790000.0,637589.6875
B: policy-aware (train thru Jun-2025),XGBoost,baseline,12403903,2025-10-21 00:00:00,195000.0,256796.78125
B: policy-aware (train thru Jun-2025),XGBoost,baseline,12542886,2025-10-21 00:00:00,758000.0,646120.125
B: policy-aware (train thru Jun-2025),XGBoost,baseline,12540397,2025-10-22 00:00:00,333755.0,275022.9375
B: policy-aware (train thru Jun-2025),XGBoost,baseline,12533875,2025-10-22 00:00:00,430000.0,363138.96875
B: policy-aware (train thru Jun-2025),XGBoost,baseline,12523810,2025-10-22 00:00:00,685000.0,673590.875
B: policy-aware (train thru Jun-2025),XGBoost,baseline,12642009,2025-10-22 00:00:00,440000.0,466349.78125
B: policy-aware (train thru Jun-2025),XGBoost,baseline,12545629,2025-10-22 00:00:00,620000.0,565517.1875
B: policy-aware (train thru Jun-2025),XGBoost,baseline,12491673,2025-10-23 00:00:00,330000.0,309487.53125
B: policy-aware (train thru Jun-2025),XGBoost,baseline,12467660,2025-10-23 00:00:00,450000.0,392571.6875
B: policy-aware (train thru Jun-2025),XGBoost,baseline,12570543,2025-10-23 00:00:00,565000.0,523273.75
B: policy-aware (train thru Jun-2025),XGBoost,baseline,12400687,2025-10-23 00:00:00,220000.0,255943.734375
B: policy-aware (train thru Jun-2025),XGBoost,baseline,12513342,2025-10-23 00:00:00,490000.0,421020.625
B: policy-aware (train thru Jun-2025),XGBoost,baseline,12696983,2025-10-24 00:00:00,840000.0,732264.625
B: policy-aware (train thru Jun-2025),XGBoost,baseline,11826827,2025-10-24 00:00:00,222000.0,282557.125
B: policy-aware (train thru Jun-2025),XGBoost,baseline,12547079,2025-10-24 00:00:00,615000.0,487564.25
B: policy-aware (train thru Jun-2025),XGBoost,baseline,12626443,2025-10-24 00:00:00,512499.0,450531.96875
B: policy-aware (train thru Jun-2025),XGBoost,baseline,12562840,2025-10-25 00:00:00,370000.0,343636.0
B: policy-aware (train thru Jun-2025),XGBoost,baseline,12732646,2025-10-26 00:00:00,700000.0,646519.5
B: policy-aware (train thru Jun-2025),XGBoost,baseline,12794933,2025-10-26 00:00:00,625000.0,546202.4375
B: policy-aware (train thru Jun-2025),XGBoost,baseline,12769416,2025-10-27 00:00:00,550000.0,528842.9375
B: policy-aware (train thru Jun-2025),XGBoost,baseline,12576384,2025-10-27 00:00:00,810000.0,521602.15625
B: policy-aware (train thru Jun-2025),XGBoost,baseline,11948223,2025-10-27 00:00:00,960000.0,935317.125
B: policy-aware (train thru Jun-2025),XGBoost,baseline,12725733,2025-10-27 00:00:00,510000.0,449335.25
B: policy-aware (train thru Jun-2025),XGBoost,baseline,12577365,2025-10-27 00:00:00,752000.0,637860.9375
B: policy-aware (train thru Jun-2025),XGBoost,baseline,12551181,2025-10-27 00:00:00,882500.0,703758.8125
B: policy-aware (train thru Jun-2025),XGBoost,baseline,12441541,2025-10-27 00:00:00,600000.0,601717.875
B: policy-aware (train thru Jun-2025),XGBoost,baseline,12524729,2025-10-27 00:00:00,440000.0,454082.0
B: policy-aware (train thru Jun-2025),XGBoost,baseline,12653512,2025-10-27 00:00:00,380000.0,389274.15625
B: policy-aware (train thru Jun-2025),XGBoost,baseline,12347516,2025-10-28 00:00:00,728000.0,767356.3125
B: policy-aware (train thru Jun-2025),XGBoost,baseline,12469044,2025-10-28 00:00:00,390000.0,296140.53125
B: policy-aware (train thru Jun-2025),XGBoost,baseline,12485687,2025-10-28 00:00:00,240000.0,250396.09375
B: policy-aware (train thru Jun-2025),XGBoost,baseline,12533500,2025-10-28 00:00:00,585000.0,559102.5
B: policy-aware (train thru Jun-2025),XGBoost,baseline,12540957,2025-10-28 00:00:00,770000.0,770125.3125
B: policy-aware (train thru Jun-2025),XGBoost,baseline,12676531,2025-10-28 00:00:00,665000.0,651630.625
B: policy-aware (train thru Jun-2025),XGBoost,baseline,12559292,2025-10-28 00:00:00,605000.0,519698.46875
B: policy-aware (train thru Jun-2025),XGBoost,baseline,12534842,2025-10-28 00:00:00,501000.0,419666.0625
B: policy-aware (train thru Jun-2025),XGBoost,baseline,12569626,2025-10-28 00:00:00,620000.0,481269.4375
B: policy-aware (train thru Jun-2025),XGBoost,baseline,10301394,2025-10-29 00:00:00,495000.0,526117.4375
B: policy-aware (train thru Jun-2025),XGBoost,baseline,12720272,2025-10-29 00:00:00,680000.0,608666.1875
B: policy-aware (train thru Jun-2025),XGBoost,baseline,12464574,2025-10-29 00:00:00,780000.0,774371.0625
B: policy-aware (train thru Jun-2025),XGBoost,baseline,12426805,2025-10-29 00:00:00,760000.0,702331.375
B: policy-aware (train thru Jun-2025),XGBoost,baseline,12560693,2025-10-29 00:00:00,450177.0,347151.25
B: policy-aware (train thru Jun-2025),XGBoost,baseline,12549494,2025-10-29 00:00:00,725000.0,699888.1875
B: policy-aware (train thru Jun-2025),XGBoost,baseline,12504922,2025-10-30 00:00:00,550000.0,489892.84375
B: policy-aware (train thru Jun-2025),XGBoost,baseline,12486106,2025-10-30 00:00:00,835000.0,893779.5625
B: policy-aware (train thru Jun-2025),XGBoost,baseline,12738588,2025-10-30 00:00:00,615000.0,496989.5625
B: policy-aware (train thru Jun-2025),XGBoost,baseline,12811310,2025-10-30 00:00:00,390000.0,314585.90625
B: policy-aware (train thru Jun-2025),XGBoost,baseline,12649022,2025-10-30 00:00:00,565000.0,525816.0
B: policy-aware (train thru Jun-2025),XGBoost,baseline,12569191,2025-10-31 00:00:00,340000.0,307288.84375
B: policy-aware (train thru Jun-2025),XGBoost,baseline,12135343,2025-10-31 00:00:00,498000.0,526117.4375
B: policy-aware (train thru Jun-2025),XGBoost,baseline,12537691,2025-10-31 00:00:00,510000.0,466087.0
B: policy-aware (train thru Jun-2025),XGBoost,baseline,12578900,2025-10-31 00:00:00,605000.0,456954.8125
B: policy-aware (train thru Jun-2025),XGBoost,baseline,12469539,2025-11-01 00:00:00,502500.0,472259.34375
B: policy-aware (train thru Jun-2025),XGBoost,baseline,12306752,2025-11-03 00:00:00,515000.0,519191.1875
B: policy-aware (train thru Jun-2025),XGBoost,baseline,12741073,2025-11-03 00:00:00,735000.0,613663.5625
B: policy-aware (train thru Jun-2025),XGBoost,baseline,12527181,2025-11-03 00:00:00,385500.0,321178.4375
B: policy-aware (train thru Jun-2025),XGBoost,baseline,12470527,2025-11-03 00:00:00,320000.0,285236.40625
B: policy-aware (train thru Jun-2025),XGBoost,baseline,12526427,2025-11-03 00:00:00,820000.0,673022.5625
B: policy-aware (train thru Jun-2025),XGBoost,baseline,12516511,2025-11-03 00:00:00,290000.0,306892.0
B: policy-aware (train thru Jun-2025),XGBoost,baseline,12458101,2025-11-03 00:00:00,860000.0,549578.375
B: policy-aware (train thru Jun-2025),XGBoost,baseline,12583727,2025-11-04 00:00:00,850000.0,684205.5625
B: policy-aware (train thru Jun-2025),XGBoost,baseline,12596087,2025-11-04 00:00:00,810000.0,662787.375
B: policy-aware (train thru Jun-2025),XGBoost,baseline,12450578,2025-11-04 00:00:00,335000.0,363898.90625
B: policy-aware (train thru Jun-2025),XGBoost,baseline,12346190,2025-11-04 00:00:00,160000.0,251625.5625
B: policy-aware (train thru Jun-2025),XGBoost,baseline,12525350,2025-11-04 00:00:00,480000.0,450149.3125
B: policy-aware (train thru Jun-2025),XGBoost,baseline,12535566,2025-11-04 00:00:00,787635.0,711530.4375
B: policy-aware (train thru Jun-2025),XGBoost,baseline,12799543,2025-11-04 00:00:00,220000.0,296130.09375
B: policy-aware (train thru Jun-2025),XGBoost,baseline,12506984,2025-11-05 00:00:00,578000.0,534516.25
B: policy-aware (train thru Jun-2025),XGBoost,baseline,12527592,2025-11-05 00:00:00,462000.0,361570.78125
B: policy-aware (train thru Jun-2025),XGBoost,baseline,12510967,2025-11-05 00:00:00,420000.0,450570.21875
B: policy-aware (train thru Jun-2025),XGBoost,baseline,12545712,2025-11-05 00:00:00,780000.0,727702.0
B: policy-aware (train thru Jun-2025),XGBoost,baseline,12570600,2025-11-05 00:00:00,880000.0,774347.4375
B: policy-aware (train thru Jun-2025),XGBoost,baseline,12712015,2025-11-05 00:00:00,560300.0,508775.84375
B: policy-aware (train thru Jun-2025),XGBoost,baseline,12580337,2025-11-05 00:00:00,595000.0,536963.0625
B: policy-aware (train thru Jun-2025),XGBoost,baseline,12303803,2025-11-05 00:00:00,795000.0,708513.8125
B: policy-aware (train thru Jun-2025),XGBoost,baseline,12594025,2025-11-05 00:00:00,370000.0,332825.25
B: policy-aware (train thru Jun-2025),XGBoost,baseline,12475425,2025-11-06 00:00:00,790000.0,616493.8125
B: policy-aware (train thru Jun-2025),XGBoost,baseline,12576175,2025-11-06 00:00:00,650000.0,488905.21875
B: policy-aware (train thru Jun-2025),XGBoost,baseline,12704826,2025-11-06 00:00:00,740000.0,655140.625
B: policy-aware (train thru Jun-2025),XGBoost,baseline,12577945,2025-11-06 00:00:00,350000.0,335205.09375
B: policy-aware (train thru Jun-2025),XGBoost,baseline,12587510,2025-11-06 00:00:00,750000.0,636841.0
B: policy-aware (train thru Jun-2025),XGBoost,baseline,12519918,2025-11-07 00:00:00,400000.0,349842.3125
B: policy-aware (train thru Jun-2025),XGBoost,baseline,12617511,2025-11-08 00:00:00,800000.0,708735.5
B: policy-aware (train thru Jun-2025),XGBoost,baseline,12584647,2025-11-08 00:00:00,755000.0,635558.375
B: policy-aware (train thru Jun-2025),XGBoost,baseline,9231613,2025-11-08 00:00:00,616000.0,562231.5
B: policy-aware (train thru Jun-2025),XGBoost,baseline,12540294,2025-11-09 00:00:00,725000.0,533660.0625
B: policy-aware (train thru Jun-2025),XGBoost,baseline,12576920,2025-11-10 00:00:00,900000.0,819816.125
B: policy-aware (train thru Jun-2025),XGBoost,baseline,12691669,2025-11-10 00:00:00,490000.0,474992.03125
B: policy-aware (train thru Jun-2025),XGBoost,baseline,12386342,2025-11-10 00:00:00,600000.0,560904.375
B: policy-aware (train thru Jun-2025),XGBoost,baseline,12419775,2025-11-10 00:00:00,807500.0,816731.3125
B: policy-aware (train thru Jun-2025),XGBoost,baseline,12605425,2025-11-10 00:00:00,735000.0,590738.9375
B: policy-aware (train thru Jun-2025),XGBoost,baseline,12622534,2025-11-10 00:00:00,611500.0,501458.6875
B: policy-aware (train thru Jun-2025),XGBoost,baseline,11565254,2025-11-10 00:00:00,420000.0,436660.53125
B: policy-aware (train thru Jun-2025),XGBoost,baseline,12739320,2025-11-10 00:00:00,605000.0,482086.65625
B: policy-aware (train thru Jun-2025),XGBoost,baseline,12577857,2025-11-10 00:00:00,600000.0,547900.0625
B: policy-aware (train thru Jun-2025),XGBoost,baseline,12601701,2025-11-11 00:00:00,960000.0,690121.1875
B: policy-aware (train thru Jun-2025),XGBoost,baseline,12616914,2025-11-11 00:00:00,380000.0,365938.59375
B: policy-aware (train thru Jun-2025),XGBoost,baseline,12613278,2025-11-11 00:00:00,490000.0,472192.25
B: policy-aware (train thru Jun-2025),XGBoost,baseline,11926921,2025-11-12 00:00:00,240000.0,150538.9375
B: policy-aware (train thru Jun-2025),XGBoost,baseline,12572433,2025-11-12 00:00:00,625000.0,558302.6875
B: policy-aware (train thru Jun-2025),XGBoost,baseline,12617864,2025-11-13 00:00:00,835000.0,671335.375
B: policy-aware (train thru Jun-2025),XGBoost,baseline,12614849,2025-11-13 00:00:00,715000.0,600145.875
B: policy-aware (train thru Jun-2025),XGBoost,baseline,12844396,2025-11-13 00:00:00,465000.0,511252.03125
B: policy-aware (train thru Jun-2025),XGBoost,baseline,12572265,2025-11-13 00:00:00,820000.0,602587.875
B: policy-aware (train thru Jun-2025),XGBoost,baseline,12361691,2025-11-14 00:00:00,506000.0,438439.0
B: policy-aware (train thru Jun-2025),XGBoost,baseline,12437452,2025-11-14 00:00:00,460000.0,479986.9375
B: policy-aware (train thru Jun-2025),XGBoost,baseline,12640130,2025-11-16 00:00:00,700000.0,576978.5
B: policy-aware (train thru Jun-2025),XGBoost,baseline,12624005,2025-11-17 00:00:00,790000.0,746843.3125
B: policy-aware (train thru Jun-2025),XGBoost,baseline,12646629,2025-11-17 00:00:00,895000.0,734996.0625
B: policy-aware (train thru Jun-2025),XGBoost,baseline,12641826,2025-11-17 00:00:00,630000.0,734609.9375
B: policy-aware (train thru Jun-2025),XGBoost,baseline,12642566,2025-11-17 00:00:00,780000.0,687675.25
B: policy-aware (train thru Jun-2025),XGBoost,baseline,12635413,2025-11-17 00:00:00,790000.0,724830.375
B: policy-aware (train thru Jun-2025),XGBoost,baseline,12474324,2025-11-17 00:00:00,780000.0,749313.875
B: policy-aware (train thru Jun-2025),XGBoost,baseline,12600402,2025-11-17 00:00:00,735000.0,606867.6875
B: policy-aware (train thru Jun-2025),XGBoost,baseline,12602200,2025-11-17 00:00:00,745000.0,632992.4375
B: policy-aware (train thru Jun-2025),XGBoost,baseline,12621453,2025-11-17 00:00:00,837500.0,724742.5625
B: policy-aware (train thru Jun-2025),XGBoost,baseline,12615430,2025-11-17 00:00:00,474500.0,448867.5625
B: policy-aware (train thru Jun-2025),XGBoost,baseline,12639946,2025-11-18 00:00:00,530100.0,484917.84375
B: policy-aware (train thru Jun-2025),XGBoost,baseline,12617874,2025-11-18 00:00:00,682000.0,596690.3125
B: policy-aware (train thru Jun-2025),XGBoost,baseline,12508361,2025-11-18 00:00:00,350000.0,280816.34375
B: policy-aware (train thru Jun-2025),XGBoost,baseline,12545199,2025-11-18 00:00:00,410000.0,385669.125
B: policy-aware (train thru Jun-2025),XGBoost,baseline,12597246,2025-11-18 00:00:00,731500.0,711942.4375
B: policy-aware (train thru Jun-2025),XGBoost,baseline,12534901,2025-11-18 00:00:00,435000.0,487403.40625
B: policy-aware (train thru Jun-2025),XGBoost,baseline,12426514,2025-11-18 00:00:00,423000.0,405051.03125
B: policy-aware (train thru Jun-2025),XGBoost,baseline,12519894,2025-11-18 00:00:00,470000.0,431356.84375
B: policy-aware (train thru Jun-2025),XGBoost,baseline,12725673,2025-11-18 00:00:00,445000.0,421072.40625
B: policy-aware (train thru Jun-2025),XGBoost,baseline,12576936,2025-11-18 00:00:00,775000.0,717698.0625
B: policy-aware (train thru Jun-2025),XGBoost,baseline,12637634,2025-11-19 00:00:00,675000.0,591291.3125
B: policy-aware (train thru Jun-2025),XGBoost,baseline,12721462,2025-11-19 00:00:00,475000.0,409568.96875
B: policy-aware (train thru Jun-2025),XGBoost,baseline,12811311,2025-11-19 00:00:00,635000.0,565121.4375
B: policy-aware (train thru Jun-2025),XGBoost,baseline,12719168,2025-11-19 00:00:00,125000.0,104034.390625
B: policy-aware (train thru Jun-2025),XGBoost,baseline,12631580,2025-11-19 00:00:00,775000.0,712416.5625
B: policy-aware (train thru Jun-2025),XGBoost,baseline,12624047,2025-11-19 00:00:00,405000.0,350403.9375
B: policy-aware (train thru Jun-2025),XGBoost,baseline,12633378,2025-11-19 00:00:00,755000.0,657327.3125
B: policy-aware (train thru Jun-2025),XGBoost,baseline,12451100,2025-11-19 00:00:00,820000.0,755987.125
B: policy-aware (train thru Jun-2025),XGBoost,baseline,12215811,2025-11-19 00:00:00,591500.0,567550.8125
B: policy-aware (train thru Jun-2025),XGBoost,baseline,12560080,2025-11-19 00:00:00,472500.0,448903.09375
B: policy-aware (train thru Jun-2025),XGBoost,baseline,12631579,2025-11-19 00:00:00,648000.0,584864.75
B: policy-aware (train thru Jun-2025),XGBoost,baseline,12496154,2025-11-19 00:00:00,516500.0,616417.4375
B: policy-aware (train thru Jun-2025),XGBoost,baseline,12706235,2025-11-20 00:00:00,720000.0,635087.625
B: policy-aware (train thru Jun-2025),XGBoost,baseline,12607224,2025-11-20 00:00:00,777500.0,640174.875
B: policy-aware (train thru Jun-2025),XGBoost,baseline,12718184,2025-11-20 00:00:00,130000.0,257548.984375
B: policy-aware (train thru Jun-2025),XGBoost,baseline,13067908,2025-11-20 00:00:00,535000.0,499638.5
B: policy-aware (train thru Jun-2025),XGBoost,baseline,12585676,2025-11-20 00:00:00,485000.0,475257.09375
B: policy-aware (train thru Jun-2025),XGBoost,baseline,12642875,2025-11-20 00:00:00,800000.0,680299.0625
B: policy-aware (train thru Jun-2025),XGBoost,baseline,12759739,2025-11-21 00:00:00,670000.0,537320.125
B: policy-aware (train thru Jun-2025),XGBoost,baseline,12757731,2025-11-21 00:00:00,600000.0,551153.5
B: policy-aware (train thru Jun-2025),XGBoost,baseline,12737230,2025-11-21 00:00:00,695000.0,659448.9375
B: policy-aware (train thru Jun-2025),XGBoost,baseline,12642871,2025-11-21 00:00:00,752500.0,666389.25
B: policy-aware (train thru Jun-2025),XGBoost,baseline,12493762,2025-11-21 00:00:00,320000.0,336331.90625
B: policy-aware (train thru Jun-2025),XGBoost,baseline,12654319,2025-11-22 00:00:00,375000.0,348172.46875
B: policy-aware (train thru Jun-2025),XGBoost,baseline,12587996,2025-11-23 00:00:00,680000.0,571154.0
B: policy-aware (train thru Jun-2025),XGBoost,baseline,12729289,2025-11-24 00:00:00,400000.0,396620.8125
B: policy-aware (train thru Jun-2025),XGBoost,baseline,12888228,2025-11-24 00:00:00,475000.0,420643.75
B: policy-aware (train thru Jun-2025),XGBoost,baseline,12616916,2025-11-24 00:00:00,568000.0,641698.125
B: policy-aware (train thru Jun-2025),XGBoost,baseline,12576926,2025-11-24 00:00:00,710000.0,599354.3125
B: policy-aware (train thru Jun-2025),XGBoost,baseline,12631667,2025-11-24 00:00:00,630000.0,551699.875
B: policy-aware (train thru Jun-2025),XGBoost,baseline,12580536,2025-11-24 00:00:00,580000.0,591799.0625
B: policy-aware (train thru Jun-2025),XGBoost,baseline,12733523,2025-11-25 00:00:00,575000.0,630067.1875
B: policy-aware (train thru Jun-2025),XGBoost,baseline,12567351,2025-11-25 00:00:00,677000.0,561577.1875
B: policy-aware (train thru Jun-2025),XGBoost,baseline,12650768,2025-11-25 00:00:00,650000.0,581024.875
B: policy-aware (train thru Jun-2025),XGBoost,baseline,12661802,2025-11-26 00:00:00,699000.0,598536.3125
B: policy-aware (train thru Jun-2025),XGBoost,baseline,12595534,2025-11-26 00:00:00,515000.0,370589.1875
B: policy-aware (train thru Jun-2025),XGBoost,baseline,12611193,2025-11-26 00:00:00,775000.0,702100.3125
B: policy-aware (train thru Jun-2025),XGBoost,baseline,12537984,2025-11-26 00:00:00,223262.0,280809.9375
B: policy-aware (train thru Jun-2025),XGBoost,baseline,12452823,2025-11-26 00:00:00,753500.0,635418.375
B: policy-aware (train thru Jun-2025),XGBoost,baseline,12663670,2025-11-26 00:00:00,600000.0,628364.1875
B: policy-aware (train thru Jun-2025),XGBoost,baseline,12738571,2025-11-26 00:00:00,465000.0,421746.375
B: policy-aware (train thru Jun-2025),XGBoost,baseline,12789354,2025-11-26 00:00:00,336000.0,326240.9375
B: policy-aware (train thru Jun-2025),XGBoost,baseline,12555961,2025-11-27 00:00:00,899000.0,820121.875
B: policy-aware (train thru Jun-2025),XGBoost,baseline,12842057,2025-11-27 00:00:00,335000.0,324086.0625
B: policy-aware (train thru Jun-2025),XGBoost,baseline,12501095,2025-11-27 00:00:00,445000.0,527127.4375
B: policy-aware (train thru Jun-2025),XGBoost,baseline,12624170,2025-11-27 00:00:00,749000.0,713699.75
B: policy-aware (train thru Jun-2025),XGBoost,baseline,12662268,2025-11-27 00:00:00,875990.0,725515.0
B: policy-aware (train thru Jun-2025),XGBoost,baseline,12417615,2025-11-28 00:00:00,666000.0,591809.75
B: policy-aware (train thru Jun-2025),XGBoost,baseline,12844511,2025-11-28 00:00:00,433177.0,332780.84375
B: policy-aware (train thru Jun-2025),XGBoost,baseline,12612428,2025-11-28 00:00:00,995000.0,817606.5
B: policy-aware (train thru Jun-2025),XGBoost,baseline,12180848,2025-11-28 00:00:00,746000.0,549797.5
B: policy-aware (train thru Jun-2025),XGBoost,baseline,12509177,2025-11-28 00:00:00,470000.0,492507.6875
B: policy-aware (train thru Jun-2025),XGBoost,baseline,12608225,2025-11-30 00:00:00,850000.0,684908.6875
B: policy-aware (train thru Jun-2025),XGBoost,baseline,12663944,2025-12-01 00:00:00,667500.0,624223.875
B: policy-aware (train thru Jun-2025),XGBoost,baseline,12671214,2025-12-01 00:00:00,730000.0,631293.0
B: policy-aware (train thru Jun-2025),XGBoost,baseline,12528023,2025-12-01 00:00:00,388000.0,350858.375
B: policy-aware (train thru Jun-2025),XGBoost,baseline,12595070,2025-12-01 00:00:00,650000.0,564164.5625
B: policy-aware (train thru Jun-2025),XGBoost,baseline,12686884,2025-12-01 00:00:00,930000.0,800779.25
B: policy-aware (train thru Jun-2025),XGBoost,baseline,12525349,2025-12-02 00:00:00,295000.0,270392.65625
B: policy-aware (train thru Jun-2025),XGBoost,baseline,12844684,2025-12-02 00:00:00,670000.0,591233.8125
B: policy-aware (train thru Jun-2025),XGBoost,baseline,12682110,2025-12-02 00:00:00,700000.0,470026.25
B: policy-aware (train thru Jun-2025),XGBoost,baseline,12680039,2025-12-02 00:00:00,780000.0,704726.625
B: policy-aware (train thru Jun-2025),XGBoost,baseline,12610987,2025-12-02 00:00:00,810000.0,161169.671875
B: policy-aware (train thru Jun-2025),XGBoost,baseline,12560507,2025-12-02 00:00:00,837500.0,632161.125
B: policy-aware (train thru Jun-2025),XGBoost,baseline,12612329,2025-12-03 00:00:00,940000.0,788584.625
B: policy-aware (train thru Jun-2025),XGBoost,baseline,12838602,2025-12-03 00:00:00,440000.0,412464.46875
B: policy-aware (train thru Jun-2025),XGBoost,baseline,12825570,2025-12-03 00:00:00,440000.0,412464.46875
B: policy-aware (train thru Jun-2025),XGBoost,baseline,12847643,2025-12-03 00:00:00,735000.0,622847.8125
B: policy-aware (train thru Jun-2025),XGBoost,baseline,12605884,2025-12-03 00:00:00,388000.0,312091.34375
B: policy-aware (train thru Jun-2025),XGBoost,baseline,12015773,2025-12-03 00:00:00,445000.0,459658.5625
B: policy-aware (train thru Jun-2025),XGBoost,baseline,12589589,2025-12-03 00:00:00,801000.0,594717.875
B: policy-aware (train thru Jun-2025),XGBoost,baseline,12771877,2025-12-04 00:00:00,755000.0,626646.0625
B: policy-aware (train thru Jun-2025),XGBoost,baseline,12707355,2025-12-04 00:00:00,350000.0,344356.09375
B: policy-aware (train thru Jun-2025),XGBoost,baseline,10139451,2025-12-04 00:00:00,475000.0,406413.0625
B: policy-aware (train thru Jun-2025),XGBoost,baseline,12844683,2025-12-04 00:00:00,631000.0,555854.625
B: policy-aware (train thru Jun-2025),XGBoost,baseline,12663671,2025-12-04 00:00:00,710000.0,595246.125
B: policy-aware (train thru Jun-2025),XGBoost,baseline,13065104,2025-12-05 00:00:00,630000.0,664477.8125
B: policy-aware (train thru Jun-2025),XGBoost,baseline,12551314,2025-12-05 00:00:00,890000.0,818022.9375
B: policy-aware (train thru Jun-2025),XGBoost,baseline,12452968,2025-12-05 00:00:00,925000.0,707928.9375
B: policy-aware (train thru Jun-2025),XGBoost,baseline,12630381,2025-12-05 00:00:00,327000.0,289086.8125
B: policy-aware (train thru Jun-2025),XGBoost,baseline,12465932,2025-12-05 00:00:00,475000.0,404790.0
B: policy-aware (train thru Jun-2025),XGBoost,baseline,12721015,2025-12-05 00:00:00,585000.0,500436.3125
B: policy-aware (train thru Jun-2025),XGBoost,baseline,12616733,2025-12-05 00:00:00,535000.0,480782.25
B: policy-aware (train thru Jun-2025),XGBoost,baseline,12638566,2025-12-05 00:00:00,522500.0,369441.28125
B: policy-aware (train thru Jun-2025),XGBoost,baseline,12640954,2025-12-07 00:00:00,647000.0,635766.3125
B: policy-aware (train thru Jun-2025),XGBoost,baseline,12651662,2025-12-07 00:00:00,750000.0,645815.75
B: policy-aware (train thru Jun-2025),XGBoost,baseline,12611677,2025-12-08 00:00:00,491000.0,395631.78125
B: policy-aware (train thru Jun-2025),XGBoost,baseline,10195270,2025-12-08 00:00:00,717500.0,642705.0
B: policy-aware (train thru Jun-2025),XGBoost,baseline,12553079,2025-12-08 00:00:00,335000.0,287862.84375
B: policy-aware (train thru Jun-2025),XGBoost,baseline,12792766,2025-12-08 00:00:00,740000.0,580121.25
B: policy-aware (train thru Jun-2025),XGBoost,baseline,12699461,2025-12-10 00:00:00,875000.0,714041.5
B: policy-aware (train thru Jun-2025),XGBoost,baseline,12668370,2025-12-10 00:00:00,701000.0,632885.625
B: policy-aware (train thru Jun-2025),XGBoost,baseline,12660670,2025-12-10 00:00:00,476000.0,359085.9375
B: policy-aware (train thru Jun-2025),XGBoost,baseline,12651108,2025-12-10 00:00:00,848000.0,691237.6875
B: policy-aware (train thru Jun-2025),XGBoost,baseline,12595262,2025-12-10 00:00:00,362500.0,272532.625
B: policy-aware (train thru Jun-2025),XGBoost,baseline,12709594,2025-12-10 00:00:00,762000.0,708250.375
B: policy-aware (train thru Jun-2025),XGBoost,baseline,12594740,2025-12-11 00:00:00,570000.0,519896.75
B: policy-aware (train thru Jun-2025),XGBoost,baseline,12381365,2025-12-11 00:00:00,294500.0,277342.84375
B: policy-aware (train thru Jun-2025),XGBoost,baseline,12707446,2025-12-11 00:00:00,442000.0,305345.03125
B: policy-aware (train thru Jun-2025),XGBoost,baseline,12456207,2025-12-12 00:00:00,500000.0,513979.9375
B: policy-aware (train thru Jun-2025),XGBoost,baseline,12689970,2025-12-12 00:00:00,398000.0,289694.8125
B: policy-aware (train thru Jun-2025),XGBoost,baseline,12707743,2025-12-12 00:00:00,280000.0,215951.765625
B: policy-aware (train thru Jun-2025),XGBoost,baseline,12850091,2025-12-12 00:00:00,500000.0,482316.59375
B: policy-aware (train thru Jun-2025),XGBoost,baseline,12718147,2025-12-12 00:00:00,310000.0,341880.34375
B: policy-aware (train thru Jun-2025),XGBoost,baseline,12721159,2025-12-12 00:00:00,620000.0,583638.9375
B: policy-aware (train thru Jun-2025),XGBoost,baseline,12691721,2025-12-12 00:00:00,345000.0,200239.125
B: policy-aware (train thru Jun-2025),XGBoost,baseline,12688720,2025-12-14 00:00:00,750000.0,591919.8125
B: policy-aware (train thru Jun-2025),XGBoost,baseline,12834740,2025-12-14 00:00:00,615000.0,491929.375
B: policy-aware (train thru Jun-2025),XGBoost,baseline,12367737,2025-12-15 00:00:00,295000.0,270392.65625
B: policy-aware (train thru Jun-2025),XGBoost,baseline,12599316,2025-12-15 00:00:00,840000.0,673232.5
B: policy-aware (train thru Jun-2025),XGBoost,baseline,12704803,2025-12-15 00:00:00,781000.0,763947.0625
B: policy-aware (train thru Jun-2025),XGBoost,baseline,12698423,2025-12-15 00:00:00,795000.0,737112.4375
B: policy-aware (train thru Jun-2025),XGBoost,baseline,12652465,2025-12-16 00:00:00,383000.0,346820.34375
B: policy-aware (train thru Jun-2025),XGBoost,baseline,12850092,2025-12-16 00:00:00,445000.0,377270.4375
B: policy-aware (train thru Jun-2025),XGBoost,baseline,12609527,2025-12-17 00:00:00,620000.0,473503.125
B: policy-aware (train thru Jun-2025),XGBoost,baseline,12595652,2025-12-17 00:00:00,807500.0,695189.6875
B: policy-aware (train thru Jun-2025),XGBoost,baseline,12825657,2025-12-17 00:00:00,645000.0,599634.4375
B: policy-aware (train thru Jun-2025),XGBoost,baseline,12843985,2025-12-17 00:00:00,700000.0,604967.6875
B: policy-aware (train thru Jun-2025),XGBoost,baseline,12716230,2025-12-17 00:00:00,648000.0,482279.34375
B: policy-aware (train thru Jun-2025),XGBoost,baseline,12811844,2025-12-17 00:00:00,415000.0,415296.5
B: policy-aware (train thru Jun-2025),XGBoost,baseline,12983181,2025-12-17 00:00:00,600000.0,472471.0625
B: policy-aware (train thru Jun-2025),XGBoost,baseline,12537810,2025-12-18 00:00:00,435000.0,429149.3125
B: policy-aware (train thru Jun-2025),XGBoost,baseline,12603431,2025-12-18 00:00:00,408000.0,333689.71875
B: policy-aware (train thru Jun-2025),XGBoost,baseline,12817378,2025-12-18 00:00:00,640000.0,638726.5625
B: policy-aware (train thru Jun-2025),XGBoost,baseline,12705351,2025-12-18 00:00:00,275000.0,295049.28125
B: policy-aware (train thru Jun-2025),XGBoost,baseline,12719012,2025-12-19 00:00:00,845000.0,716274.5
B: policy-aware (train thru Jun-2025),XGBoost,baseline,12862764,2025-12-19 00:00:00,390000.0,288356.59375
B: policy-aware (train thru Jun-2025),XGBoost,baseline,12677994,2025-12-19 00:00:00,505000.0,442962.0625
B: policy-aware (train thru Jun-2025),XGBoost,baseline,12711381,2025-12-19 00:00:00,928000.0,690936.4375
B: policy-aware (train thru Jun-2025),XGBoost,baseline,12835614,2025-12-19 00:00:00,300000.0,268389.0
B: policy-aware (train thru Jun-2025),XGBoost,baseline,12706400,2025-12-20 00:00:00,360000.0,376863.0
B: policy-aware (train thru Jun-2025),XGBoost,baseline,12652364,2025-12-22 00:00:00,265000.0,260795.984375
B: policy-aware (train thru Jun-2025),XGBoost,baseline,12664773,2025-12-22 00:00:00,820000.0,664717.4375
B: policy-aware (train thru Jun-2025),XGBoost,baseline,9411292,2025-12-22 00:00:00,200000.0,185491.671875
B: policy-aware (train thru Jun-2025),XGBoost,baseline,12654582,2025-12-22 00:00:00,800000.0,698144.9375
B: policy-aware (train thru Jun-2025),XGBoost,baseline,12260585,2025-12-23 00:00:00,762000.0,548419.6875
B: policy-aware (train thru Jun-2025),XGBoost,baseline,12718435,2025-12-23 00:00:00,530000.0,371915.125
B: policy-aware (train thru Jun-2025),XGBoost,baseline,12663441,2025-12-25 00:00:00,825000.0,806548.9375
B: policy-aware (train thru Jun-2025),XGBoost,baseline,11569006,2025-12-25 00:00:00,450000.0,394268.6875
B: policy-aware (train thru Jun-2025),XGBoost,baseline,11726966,2025-12-26 00:00:00,545000.0,639079.3125
B: policy-aware (train thru Jun-2025),XGBoost,baseline,12671181,2025-12-29 00:00:00,250000.0,260573.46875
B: policy-aware (train thru Jun-2025),XGBoost,baseline,12884915,2025-12-30 00:00:00,740000.0,695454.9375
B: policy-aware (train thru Jun-2025),XGBoost,baseline,12513056,2025-12-31 00:00:00,785000.0,538824.6875
